# Blender 5.0.1
# www.blender.org
mtllib gba_cart.mtl
o gba_cartridge
v 0.000416 0.028754 -0.003278
v 0.000416 0.010192 0.002586
v 0.024680 0.031250 0.002586
v 0.024680 0.028754 -0.003278
v 0.024680 0.010192 -0.003278
v 0.026679 0.035164 0.000232
v 0.000416 0.035164 0.000232
v 0.024680 0.035164 0.000232
v 0.026679 0.010192 -0.001778
v 0.000416 0.000084 0.002064
v 0.016070 0.031250 0.002586
v 0.016070 0.010192 0.002586
v 0.016070 0.035164 0.000232
v 0.009205 0.031250 0.002586
v 0.009205 0.010192 0.002586
v 0.009205 0.035164 0.000232
v 0.005343 0.031250 0.002586
v 0.005343 0.010192 0.002586
v 0.005343 0.035164 0.000232
v 0.020709 0.035164 0.000232
v 0.020709 0.031250 0.002586
v 0.020709 0.010192 0.002586
v 0.010912 0.035164 0.000232
v 0.010912 0.031250 0.002586
v 0.010912 0.010192 0.002586
v 0.001932 0.010192 0.002586
v 0.001932 0.035164 0.000232
v 0.007305 0.035164 0.000232
v 0.007305 0.031250 0.002586
v 0.007305 0.010192 0.002586
v 0.026966 0.035164 0.000232
v 0.028887 0.033537 0.000232
v 0.028146 0.034680 0.000232
v 0.029092 0.031962 0.000232
v 0.024680 0.030771 -0.003278
v 0.020709 0.029466 -0.003278
v 0.000416 0.033590 -0.003863
v 0.000416 0.033392 -0.003712
v 0.000416 0.033507 -0.003762
v 0.005747 0.033196 -0.003867
v 0.005854 0.032987 -0.003715
v 0.005839 0.033106 -0.003765
v 0.012020 0.031694 -0.003745
v 0.012047 0.031460 -0.003630
v 0.012027 0.031596 -0.003670
v 0.017936 0.029946 -0.003379
v 0.019858 0.029799 -0.003309
v 0.019613 0.029714 -0.003341
v 0.026679 0.031034 -0.003278
v 0.025784 0.030850 -0.003278
v 0.010269 0.031909 -0.003684
v 0.010006 0.032238 -0.003827
v 0.010232 0.032038 -0.003731
v 0.001932 0.033331 -0.003713
v 0.001932 0.033530 -0.003865
v 0.001932 0.033447 -0.003763
v 0.007611 0.032790 -0.003855
v 0.007761 0.032553 -0.003708
v 0.007740 0.032676 -0.003757
v 0.020709 0.033043 -0.003303
v 0.026692 0.033177 -0.003211
v 0.026653 0.033039 -0.003278
v 0.026675 0.033114 -0.003259
v 0.000416 0.034676 -0.004907
v 0.000416 0.034517 -0.004939
v 0.000416 0.034597 -0.004930
v 0.026679 0.028754 -0.003217
v 0.026679 0.028837 -0.003278
v 0.026679 0.028778 -0.003261
v 0.024607 0.033039 -0.003278
v 0.024680 0.033176 -0.003212
v 0.024658 0.033114 -0.003259
v 0.025096 0.010192 -0.003278
v 0.025239 0.010192 -0.003218
v 0.025172 0.010192 -0.003261
v 0.025078 0.000084 -0.003036
v 0.016070 0.033295 -0.003789
v 0.016091 0.033150 -0.003841
v 0.016076 0.033227 -0.003828
v 0.009379 0.033879 -0.004562
v 0.009465 0.033729 -0.004609
v 0.009404 0.033807 -0.004595
v 0.005398 0.034423 -0.004855
v 0.005481 0.034266 -0.004891
v 0.005422 0.034346 -0.004880
v 0.020709 0.033183 -0.003219
v 0.020709 0.033117 -0.003268
v 0.010950 0.033546 -0.004471
v 0.010912 0.033693 -0.004415
v 0.010923 0.033623 -0.004453
v 0.001932 0.034458 -0.004935
v 0.001932 0.034617 -0.004903
v 0.001932 0.034539 -0.004926
v 0.007479 0.034004 -0.004781
v 0.007359 0.034158 -0.004739
v 0.007394 0.034083 -0.004769
v 0.027123 0.032851 -0.003278
v 0.027231 0.032950 -0.003216
v 0.027182 0.032902 -0.003260
v 0.027424 0.032047 -0.003278
v 0.027561 0.032091 -0.003220
v 0.027498 0.032065 -0.003261
v 0.027653 0.031584 -0.003220
v 0.027514 0.031522 -0.003278
v 0.027588 0.031560 -0.003261
v 0.018389 0.031250 0.002586
v 0.018389 0.010192 0.002586
v 0.024342 0.000084 0.002435
v 0.018389 0.035164 0.000232
v 0.018389 0.033239 -0.003504
v 0.018393 0.033172 -0.003548
v 0.018400 0.033097 -0.003572
v 0.001932 0.033976 -0.004876
v 0.001932 0.034077 -0.004937
v 0.001932 0.034017 -0.004920
v 0.000416 0.034131 -0.004939
v 0.000416 0.034031 -0.004876
v 0.000416 0.034072 -0.004920
v 0.007686 0.033266 -0.004808
v 0.007515 0.033397 -0.004870
v 0.007638 0.033317 -0.004851
v 0.005527 0.033772 -0.004924
v 0.005640 0.033655 -0.004862
v 0.005596 0.033703 -0.004905
v 0.011822 0.032263 -0.004433
v 0.011881 0.032146 -0.004374
v 0.011858 0.032197 -0.004415
v 0.009742 0.032833 -0.004747
v 0.009975 0.032686 -0.004682
v 0.009906 0.032742 -0.004726
v 0.024827 0.010045 0.000232
v 0.024827 0.010192 0.000379
v 0.024680 0.010045 0.000379
v 0.024827 0.010149 0.000275
v 0.024742 0.010130 0.000294
v 0.024723 0.010149 0.000379
v 0.024723 0.010045 0.000275
v 0.024827 0.010192 0.002439
v 0.024507 0.010339 0.002586
v 0.024680 0.010045 0.002439
v 0.024826 0.010252 0.002543
v 0.024653 0.010198 0.002535
v 0.024629 0.010052 0.002543
v 0.024723 0.010149 0.002439
v 0.026532 0.010192 0.000379
v 0.026532 0.010045 0.000232
v 0.026679 0.010339 0.000142
v 0.026532 0.010149 0.000275
v 0.026616 0.010198 0.000244
v 0.026636 0.010064 0.000206
v 0.026636 0.010236 0.000357
v 0.023875 0.000084 0.002091
v 0.024505 0.000084 0.002336
v 0.023907 0.000084 0.002051
v 0.024827 0.000231 0.000232
v 0.024680 0.000231 0.000379
v 0.024503 0.000084 0.000152
v 0.024707 0.000231 0.000275
v 0.024666 0.000146 0.000248
v 0.024638 0.000147 0.000294
v 0.024692 0.000148 0.000213
v 0.026679 0.035164 -0.001390
v 0.026679 0.034644 -0.001196
v 0.026679 0.034644 -0.001164
v 0.026679 0.035164 -0.000970
v 0.000416 0.035164 -0.001390
v 0.000416 0.034643 -0.001164
v 0.000416 0.034643 -0.001196
v 0.000416 0.035164 -0.000970
v 0.024680 0.035164 -0.001390
v 0.024680 0.034644 -0.001196
v 0.024680 0.034644 -0.001164
v 0.024680 0.035164 -0.000970
v 0.026679 0.010192 -0.001390
v 0.026415 0.010192 -0.001153
v 0.026415 0.010192 -0.001206
v 0.026679 0.010201 -0.000970
v 0.016070 0.035164 -0.001390
v 0.016070 0.034643 -0.001164
v 0.016070 0.034643 -0.001196
v 0.016070 0.035164 -0.000970
v 0.009205 0.035164 -0.001390
v 0.009205 0.034643 -0.001164
v 0.009205 0.034643 -0.001196
v 0.009205 0.035164 -0.000970
v 0.005343 0.035164 -0.001390
v 0.005343 0.034643 -0.001196
v 0.005343 0.034643 -0.001164
v 0.005343 0.035164 -0.000970
v 0.020709 0.035164 -0.001390
v 0.020709 0.034644 -0.001164
v 0.020709 0.034644 -0.001196
v 0.020709 0.035164 -0.000970
v 0.010912 0.035164 -0.001390
v 0.010912 0.034643 -0.001196
v 0.010912 0.034643 -0.001164
v 0.010912 0.035164 -0.000970
v 0.001932 0.035164 -0.001390
v 0.001932 0.034643 -0.001164
v 0.001932 0.034643 -0.001196
v 0.001932 0.035164 -0.000970
v 0.007305 0.035164 -0.001390
v 0.007305 0.034643 -0.001196
v 0.007305 0.034643 -0.001164
v 0.007305 0.035164 -0.000970
v 0.026966 0.035164 -0.001390
v 0.026966 0.034644 -0.001164
v 0.026966 0.034644 -0.001196
v 0.026966 0.035164 -0.000970
v 0.028146 0.034680 -0.000970
v 0.027647 0.034230 -0.001191
v 0.027647 0.034230 -0.001168
v 0.028146 0.034680 -0.001390
v 0.028887 0.033537 -0.000970
v 0.028446 0.033221 -0.001166
v 0.028446 0.033221 -0.001194
v 0.028887 0.033537 -0.001390
v 0.029092 0.031962 -0.000970
v 0.028833 0.032047 -0.001153
v 0.028833 0.032047 -0.001206
v 0.029093 0.031961 -0.001390
v 0.018389 0.035164 -0.001390
v 0.018389 0.034643 -0.001196
v 0.018389 0.034643 -0.001164
v 0.018389 0.035164 -0.000970
v 0.023844 0.000115 0.002064
v 0.023875 0.000115 0.002033
v 0.024680 0.000115 -0.002473
v 0.024680 0.000084 -0.002509
v 0.000416 0.010161 -0.002473
v 0.000416 0.010192 -0.002442
v 0.023875 0.000115 -0.000102
v 0.023901 0.000117 -0.000149
v 0.023907 0.000084 -0.000119
v 0.024845 0.000117 -0.002442
v 0.024814 0.000115 -0.002473
v 0.024861 0.000084 -0.002511
v 0.024864 0.000084 -0.001448
v 0.024845 0.000118 -0.001445
v 0.000416 0.000115 -0.000097
v 0.000416 0.000084 -0.000066
v 0.000416 0.000084 -0.002505
v 0.000416 0.000115 -0.002473
v 0.022861 0.000115 -0.000102
v 0.022830 0.000084 -0.000102
v 0.022892 0.000115 0.002064
v 0.022830 0.000084 0.002069
v 0.022861 0.000115 0.002033
v 0.022830 0.010161 -0.000133
v 0.022852 0.010192 -0.000164
v 0.022861 0.010161 -0.000102
v 0.024680 0.010192 -0.002442
v 0.024680 0.010161 -0.002473
v 0.022892 0.010161 0.002064
v 0.022861 0.010161 0.002033
v 0.022892 0.010192 0.002033
v 0.023844 0.010161 0.002064
v 0.023838 0.010192 0.002033
v 0.023875 0.010161 0.002033
v 0.023875 0.010161 -0.000102
v 0.023838 0.010192 -0.000133
v 0.023901 0.010161 -0.000149
v 0.024814 0.010192 -0.001381
v 0.024845 0.010161 -0.001445
v 0.024845 0.010161 -0.002442
v 0.024814 0.010192 -0.002442
v 0.024814 0.010161 -0.002473
v 0.016070 0.000115 -0.002473
v 0.016070 0.000084 -0.002507
v 0.016070 0.010192 -0.002442
v 0.016070 0.010161 -0.002473
v 0.006482 0.000115 -0.002473
v 0.006482 0.000084 -0.002506
v 0.006482 0.010192 -0.002442
v 0.006482 0.010161 -0.002473
v 0.003449 0.000115 -0.002473
v 0.003449 0.000084 -0.002505
v 0.003449 0.010192 -0.002442
v 0.003449 0.010161 -0.002473
v 0.020709 0.000084 -0.002508
v 0.020709 0.000115 -0.002473
v 0.020709 0.010161 -0.002473
v 0.020709 0.010192 -0.002442
v 0.010912 0.000084 -0.002506
v 0.010912 0.000115 -0.002473
v 0.010912 0.010161 -0.002473
v 0.010912 0.010192 -0.002442
v 0.001932 0.000084 -0.002505
v 0.001932 0.000115 -0.002473
v 0.001932 0.010161 -0.002473
v 0.001932 0.010192 -0.002442
v 0.004965 0.000084 -0.002506
v 0.004965 0.000115 -0.002473
v 0.004965 0.010161 -0.002473
v 0.004965 0.010192 -0.002442
v 0.024876 0.000084 -0.000970
v 0.024845 0.000118 -0.000970
v 0.025089 0.000428 -0.001206
v 0.025117 0.000393 -0.001206
v 0.025118 0.000393 -0.001153
v 0.025089 0.000428 -0.001153
v 0.024845 0.000118 -0.001390
v 0.024867 0.000084 -0.001390
v 0.024814 0.010192 -0.000978
v 0.024845 0.010161 -0.000970
v 0.025058 0.010192 -0.001187
v 0.025089 0.010161 -0.001206
v 0.025058 0.010192 -0.001173
v 0.025089 0.010161 -0.001153
v 0.024845 0.010161 -0.001390
v 0.026679 0.035064 0.002586
v 0.026679 0.035164 0.002486
v 0.026679 0.035135 0.002557
v 0.000416 0.035064 0.002586
v 0.000416 0.035164 0.002486
v 0.000416 0.035135 0.002557
v 0.026679 0.028645 0.002477
v 0.026784 0.028754 0.002486
v 0.026569 0.028854 0.002586
v 0.026710 0.028722 0.002482
v 0.026678 0.028752 0.002542
v 0.026746 0.028784 0.002557
v 0.026646 0.028679 0.002554
v 0.029098 0.028864 0.002486
v 0.028998 0.028854 0.002586
v 0.028990 0.028754 0.002486
v 0.029068 0.028859 0.002557
v 0.029054 0.028799 0.002544
v 0.028994 0.028784 0.002557
v 0.029066 0.028786 0.002486
v 0.024680 0.035164 0.002486
v 0.024680 0.035064 0.002586
v 0.024680 0.035135 0.002557
v 0.026679 0.028645 0.000232
v 0.026784 0.028754 0.000232
v 0.026710 0.028722 0.000232
v 0.028990 0.028754 0.000232
v 0.029098 0.028864 0.000232
v 0.029066 0.028786 0.000232
v 0.029098 0.028867 -0.001678
v 0.028979 0.028754 -0.001778
v 0.029036 0.028862 -0.001840
v 0.029063 0.028787 -0.001727
v 0.029062 0.028801 -0.001773
v 0.029020 0.028785 -0.001821
v 0.029079 0.028864 -0.001767
v 0.026786 0.028754 -0.001825
v 0.026679 0.028644 -0.001778
v 0.026710 0.028722 -0.001792
v 0.016070 0.035164 0.002486
v 0.016070 0.035064 0.002586
v 0.016070 0.035135 0.002557
v 0.009205 0.035164 0.002486
v 0.009205 0.035064 0.002586
v 0.009205 0.035135 0.002557
v 0.005343 0.035164 0.002486
v 0.005343 0.035064 0.002586
v 0.005343 0.035135 0.002557
v 0.020709 0.035164 0.002486
v 0.020709 0.035064 0.002586
v 0.020709 0.035135 0.002557
v 0.010912 0.035064 0.002586
v 0.010912 0.035164 0.002486
v 0.010912 0.035135 0.002557
v 0.001932 0.035064 0.002586
v 0.001932 0.035164 0.002486
v 0.001932 0.035135 0.002557
v 0.007305 0.035064 0.002586
v 0.007305 0.035164 0.002486
v 0.007305 0.035135 0.002557
v 0.026946 0.035064 0.002586
v 0.026966 0.035164 0.002486
v 0.026960 0.035135 0.002557
v 0.028791 0.033502 0.002586
v 0.028887 0.033537 0.002486
v 0.028859 0.033527 0.002557
v 0.028079 0.034599 0.002586
v 0.028146 0.034680 0.002486
v 0.028126 0.034656 0.002557
v 0.026954 0.035079 -0.001840
v 0.026966 0.035164 -0.001678
v 0.026962 0.035139 -0.001767
v 0.028146 0.034680 -0.001678
v 0.028106 0.034605 -0.001841
v 0.028134 0.034658 -0.001767
v 0.028887 0.033537 -0.001678
v 0.028832 0.033477 -0.001838
v 0.028871 0.033520 -0.001767
v 0.001932 0.035088 -0.004399
v 0.001932 0.035164 -0.004331
v 0.001932 0.035142 -0.004323
v 0.026679 0.035164 -0.001678
v 0.026679 0.035080 -0.001839
v 0.026679 0.035139 -0.001767
v 0.016070 0.035075 -0.002794
v 0.016070 0.035164 -0.002644
v 0.016070 0.035138 -0.002729
v 0.000416 0.035164 -0.004345
v 0.000416 0.035091 -0.004417
v 0.000416 0.035143 -0.004338
v 0.020709 0.035075 -0.002130
v 0.020709 0.035164 -0.001978
v 0.020709 0.035138 -0.002064
v 0.024680 0.035164 -0.001678
v 0.024680 0.035080 -0.001839
v 0.024680 0.035140 -0.001767
v 0.005343 0.035164 -0.004097
v 0.005348 0.035089 -0.004232
v 0.005344 0.035142 -0.004156
v 0.010912 0.035164 -0.003461
v 0.010912 0.035077 -0.003612
v 0.010912 0.035138 -0.003547
v 0.007305 0.035164 -0.003913
v 0.007309 0.035082 -0.004073
v 0.007306 0.035140 -0.004002
v 0.009217 0.035078 -0.003834
v 0.009205 0.035164 -0.003681
v 0.009209 0.035139 -0.003768
v 0.028992 0.031955 0.002586
v 0.029092 0.031962 0.002486
v 0.029063 0.031960 0.002557
v 0.029093 0.031961 -0.001678
v 0.029031 0.031944 -0.001840
v 0.029075 0.031956 -0.001767
v 0.025252 0.028837 -0.003278
v 0.025096 0.028726 -0.003278
v 0.025128 0.028931 -0.003278
v 0.025142 0.028804 -0.003278
v 0.025394 0.028754 -0.003217
v 0.025240 0.028644 -0.003217
v 0.025285 0.028722 -0.003217
v 0.025328 0.028778 -0.003261
v 0.025172 0.028668 -0.003261
v 0.025218 0.028746 -0.003261
v 0.027517 0.028946 -0.003278
v 0.027388 0.028837 -0.003278
v 0.027479 0.028869 -0.003278
v 0.027657 0.028862 -0.003219
v 0.027533 0.028754 -0.003219
v 0.027621 0.028786 -0.003219
v 0.027463 0.028778 -0.003261
v 0.027591 0.028887 -0.003261
v 0.027554 0.028810 -0.003261
v 0.018389 0.035064 0.002586
v 0.018389 0.035164 0.002486
v 0.018389 0.035135 0.002557
v 0.018389 0.035164 -0.002311
v 0.018389 0.035075 -0.002462
v 0.018389 0.035138 -0.002397
v 0.026532 0.010192 0.002327
v 0.026419 0.010192 0.002439
v 0.026499 0.010192 0.002407
v 0.026679 0.010339 0.002476
v 0.026568 0.010339 0.002586
v 0.026646 0.010339 0.002554
v 0.026524 0.010252 0.002543
v 0.026636 0.010252 0.002432
v 0.026603 0.010252 0.002511
v 0.029098 0.028865 -0.000970
v 0.028989 0.028754 -0.000970
v 0.029066 0.028787 -0.000970
v 0.028733 0.029090 -0.001207
v 0.028845 0.029205 -0.001207
v 0.028813 0.029124 -0.001207
v 0.028845 0.029205 -0.001153
v 0.028734 0.029090 -0.001153
v 0.028813 0.029124 -0.001153
v 0.028981 0.028754 -0.001390
v 0.029098 0.028867 -0.001390
v 0.029064 0.028787 -0.001390
v 0.026785 0.028754 -0.000970
v 0.026679 0.028644 -0.000970
v 0.026710 0.028722 -0.000970
v 0.026415 0.028978 -0.001206
v 0.026524 0.029091 -0.001206
v 0.026447 0.029058 -0.001206
v 0.026523 0.029091 -0.001153
v 0.026415 0.028978 -0.001153
v 0.026447 0.029058 -0.001153
v 0.026679 0.028643 -0.001390
v 0.026786 0.028754 -0.001390
v 0.026710 0.028722 -0.001390
v 0.000416 0.000128 -0.003278
v 0.000416 0.000084 -0.003234
v 0.000416 0.000097 -0.003265
v 0.024680 0.000129 -0.003278
v 0.024680 0.000084 -0.003234
v 0.024680 0.000097 -0.003265
v 0.026679 0.000130 -0.001778
v 0.026627 0.000084 -0.001769
v 0.026663 0.000098 -0.001776
v 0.016070 0.000084 -0.003234
v 0.016070 0.000097 -0.003265
v 0.006482 0.000084 -0.003234
v 0.006482 0.000097 -0.003265
v 0.003449 0.000084 -0.003234
v 0.003449 0.000097 -0.003265
v 0.020709 0.000084 -0.003234
v 0.020709 0.000097 -0.003265
v 0.010912 0.000084 -0.003234
v 0.010912 0.000097 -0.003265
v 0.001932 0.000084 -0.003234
v 0.001932 0.000097 -0.003265
v 0.004965 0.000084 -0.003234
v 0.004965 0.000097 -0.003265
v 0.025126 0.000084 -0.003234
v 0.025096 0.000129 -0.003278
v 0.025105 0.000097 -0.003265
v 0.025239 0.000130 -0.003218
v 0.025186 0.000084 -0.003209
v 0.025224 0.000097 -0.003215
v 0.025172 0.000129 -0.003261
v 0.025157 0.000084 -0.003226
v 0.025168 0.000097 -0.003251
v 0.026480 0.000210 0.000232
v 0.026532 0.000282 0.000232
v 0.026517 0.000246 0.000232
v 0.026678 0.000134 0.000145
v 0.026563 0.000148 0.000212
v 0.026636 0.000178 0.000207
v 0.026610 0.000139 0.000200
v 0.026678 0.000134 -0.000970
v 0.026628 0.000084 -0.000970
v 0.026658 0.000101 -0.000970
v 0.026365 0.000393 -0.001206
v 0.026415 0.000442 -0.001206
v 0.026400 0.000407 -0.001206
v 0.026415 0.000443 -0.001153
v 0.026365 0.000393 -0.001153
v 0.026400 0.000408 -0.001153
v 0.026628 0.000084 -0.001390
v 0.026679 0.000131 -0.001390
v 0.026664 0.000098 -0.001390
v 0.000416 0.000084 0.002447
v 0.000416 0.000224 0.002586
v 0.000416 0.000125 0.002546
v 0.016070 0.000084 0.002447
v 0.016070 0.000226 0.002586
v 0.016070 0.000125 0.002546
v 0.009205 0.000084 0.002447
v 0.009205 0.000225 0.002586
v 0.009205 0.000125 0.002546
v 0.005343 0.000084 0.002447
v 0.005343 0.000224 0.002586
v 0.005343 0.000125 0.002546
v 0.020709 0.000084 0.002435
v 0.020709 0.000228 0.002586
v 0.020709 0.000126 0.002542
v 0.010912 0.000225 0.002586
v 0.010912 0.000084 0.002447
v 0.010912 0.000125 0.002546
v 0.001932 0.000224 0.002586
v 0.001932 0.000084 0.002447
v 0.001932 0.000125 0.002546
v 0.007305 0.000224 0.002586
v 0.007305 0.000084 0.002447
v 0.007305 0.000125 0.002546
v 0.018389 0.000226 0.002586
v 0.018389 0.000084 0.002447
v 0.018389 0.000126 0.002546
v 0.024680 0.000379 0.002439
v 0.024680 0.000231 0.002285
v 0.024680 0.000274 0.002394
v 0.024506 0.000229 0.002586
v 0.024506 0.000084 0.002435
v 0.024506 0.000126 0.002542
v 0.024638 0.000146 0.002370
v 0.024629 0.000274 0.002543
v 0.024612 0.000170 0.002488
v 0.024680 0.000318 0.000379
v 0.024723 0.000332 0.000275
v 0.024827 0.000325 0.000232
v 0.024680 0.000275 0.000379
v 0.024827 0.000278 0.000232
v 0.024723 0.000282 0.000275
v 0.024590 0.000084 0.000151
v 0.023971 0.000084 -0.000158
v 0.024503 0.000084 0.000236
v 0.023907 0.000084 -0.000056
v 0.023859 0.010192 -0.000172
v 0.023983 0.010161 -0.000200
v 0.023943 0.000117 -0.000175
v 0.023941 0.010192 -0.000235
v 0.023891 0.000099 -0.000079
v 0.023891 0.000099 0.002042
v 0.023859 0.000099 0.002078
v 0.023904 0.000101 -0.000134
v 0.024853 0.000101 -0.002477
v 0.020710 0.000084 0.002262
v 0.026656 0.000109 0.000130
v 0.024855 0.000101 -0.001447
v 0.024856 0.000101 -0.001390
v 0.025103 0.000410 -0.001206
v 0.025103 0.000410 -0.001153
v 0.024860 0.000101 -0.000970
v 0.023957 0.000101 -0.000167
v 0.022819 0.000099 -0.000118
v 0.000416 0.000099 -0.000082
v 0.022845 0.000099 -0.000102
v 0.022845 0.000099 0.002053
v 0.024837 0.000099 -0.002492
v 0.001932 0.000099 -0.002489
v 0.000416 0.000099 -0.002489
v 0.024680 0.000099 -0.002491
v 0.020709 0.000099 -0.002491
v 0.016070 0.000099 -0.002490
v 0.010912 0.000099 -0.002490
v 0.006482 0.000099 -0.002490
v 0.004965 0.000099 -0.002489
v 0.003449 0.000099 -0.002489
v 0.024845 0.000118 -0.000779
v 0.024801 0.000118 -0.000703
v 0.024832 0.000118 -0.000737
v 0.024876 0.000084 -0.000765
v 0.024832 0.000084 -0.000688
v 0.024863 0.000084 -0.000722
v 0.024814 0.010192 -0.000783
v 0.024768 0.010192 -0.000709
v 0.024801 0.010192 -0.000741
v 0.024845 0.010161 -0.000779
v 0.024801 0.010161 -0.000703
v 0.024832 0.010161 -0.000737
v 0.026529 0.000084 0.000145
v 0.026628 0.000084 0.000095
v 0.026599 0.000084 0.000130
v 0.026593 0.000112 0.000182
v 0.024816 0.000101 -0.000696
v 0.024861 0.000101 -0.000772
v 0.024848 0.000101 -0.000729
v 0.026640 0.000123 0.000179
v 0.024206 0.000084 0.002194
v 0.024205 0.000084 0.000017
v 0.024969 0.000084 -0.002774
v 0.001932 0.000084 -0.002870
v 0.000416 0.000084 -0.002870
v 0.024680 0.000084 -0.002872
v 0.020709 0.000084 -0.002871
v 0.025748 0.000084 -0.001390
v 0.025746 0.000084 -0.001609
v 0.016070 0.000084 -0.002871
v 0.010912 0.000084 -0.002870
v 0.006482 0.000084 -0.002870
v 0.004965 0.000084 -0.002870
v 0.003449 0.000084 -0.002870
v 0.025752 0.000084 -0.000970
v 0.025741 0.000393 -0.001153
v 0.025741 0.000393 -0.001206
v 0.024280 0.000084 -0.000003
v 0.024205 0.000084 0.000090
v 0.025752 0.000084 -0.000335
v 0.025680 0.000084 -0.000272
v 0.025731 0.000084 -0.000296
v 0.020726 0.000099 -0.000114
v 0.020711 0.000084 0.002089
v 0.020726 0.000084 -0.000099
v 0.020725 0.000115 -0.000130
v 0.018230 0.000115 -0.000126
v 0.018231 0.000099 -0.000110
v 0.018232 0.000084 -0.000095
v 0.018367 0.000084 0.002086
v 0.016046 0.000099 -0.000107
v 0.016045 0.000084 -0.000091
v 0.016066 0.000084 0.002083
v 0.016046 0.000115 -0.000122
v 0.010877 0.000115 -0.000114
v 0.010877 0.000099 -0.000098
v 0.010877 0.000084 -0.000083
v 0.010907 0.000084 0.002077
v 0.009197 0.000084 0.002075
v 0.009152 0.000115 -0.000111
v 0.009149 0.000084 -0.000080
v 0.009151 0.000099 -0.000096
v 0.007355 0.000084 -0.000077
v 0.007354 0.000115 -0.000108
v 0.007355 0.000099 -0.000093
v 0.007313 0.000084 0.002072
v 0.005011 0.000115 -0.000104
v 0.005293 0.000084 0.002070
v 0.005013 0.000099 -0.000089
v 0.005015 0.000084 -0.000073
v 0.003241 0.000115 -0.000102
v 0.003234 0.000099 -0.000086
v 0.003226 0.000084 -0.000071
v 0.002128 0.000084 0.002066
v 0.001882 0.000099 -0.000084
v 0.001882 0.000084 -0.000068
v 0.001925 0.000084 0.002066
v 0.001881 0.000115 -0.000099
v 0.023558 0.010192 -0.000183
v 0.023538 0.010192 -0.000440
v 0.023904 0.010192 -0.000472
v 0.024730 0.010192 -0.000819
v 0.024622 0.010192 -0.000722
v 0.022892 0.010192 -0.000122
v 0.024845 0.006329 -0.001445
v 0.025089 0.007210 -0.001206
v 0.024845 0.006515 -0.001390
v 0.022841 0.010177 -0.000149
v 0.022876 0.010177 0.002033
v 0.022868 0.010139 -0.000177
v 0.020750 0.000077 -0.000158
v 0.022879 0.010192 -0.000192
v 0.022876 0.010177 -0.000112
v 0.024814 0.010177 -0.002458
v 0.001932 0.010177 -0.002458
v 0.000416 0.010177 -0.002458
v 0.024680 0.010177 -0.002458
v 0.020709 0.010177 -0.002458
v 0.016070 0.010177 -0.002458
v 0.010912 0.010177 -0.002458
v 0.006482 0.010177 -0.002458
v 0.004965 0.010177 -0.002458
v 0.003449 0.010177 -0.002458
v 0.022892 0.010177 0.002049
v 0.023841 0.010177 0.002049
v 0.023856 0.010177 0.002033
v 0.023856 0.010177 -0.000118
v 0.024830 0.010177 -0.002442
v 0.024830 0.010177 -0.001413
v 0.025073 0.010177 -0.001163
v 0.025073 0.010177 -0.001196
v 0.024830 0.010177 -0.000974
v 0.023880 0.010177 -0.000161
v 0.023962 0.010177 -0.000218
v 0.024830 0.010177 -0.000781
v 0.024816 0.010177 -0.000739
v 0.024785 0.010177 -0.000706
v 0.024830 0.010177 -0.001385
v 0.022879 0.000099 0.002078
v 0.022867 0.000084 0.002091
v 0.018378 0.000084 0.002267
v 0.016068 0.000084 0.002265
v 0.010909 0.000084 0.002262
v 0.009201 0.000084 0.002261
v 0.007309 0.000084 0.002260
v 0.005318 0.000084 0.002259
v 0.002030 0.000084 0.002257
v 0.000416 0.000084 0.002271
v 0.001929 0.000084 0.002258
v 0.024145 0.000084 0.002289
v 0.022848 0.000084 0.002279
v 0.022832 0.000084 0.002435
v 0.022821 0.000126 0.002542
v 0.022491 0.000084 0.002435
v 0.022637 0.000084 0.002277
v 0.022394 0.000126 0.002542
v 0.022842 0.000228 0.002586
v 0.022369 0.000228 0.002586
v 0.024507 0.010038 0.002586
v 0.024841 0.010339 0.002586
v 0.022874 0.031250 0.002586
v 0.022853 0.010275 0.002586
v 0.022878 0.035064 0.002586
v 0.022881 0.035164 0.002486
v 0.022880 0.035135 0.002557
v 0.022873 0.035164 0.000232
v 0.022870 0.035164 -0.000970
v 0.022912 0.034644 -0.001196
v 0.022910 0.034644 -0.001164
v 0.026569 0.028710 0.002586
v 0.026726 0.028854 0.002586
v 0.024670 0.028702 0.002586
v 0.016070 0.028666 0.002586
v 0.010912 0.028644 0.002586
v 0.009205 0.028636 0.002586
v 0.005343 0.028620 0.002586
v 0.007305 0.028628 0.002586
v 0.018389 0.028675 0.002586
v 0.001932 0.028058 0.002586
v 0.022872 0.028695 0.002586
v 0.020709 0.028685 0.002586
v 0.022853 0.010105 0.002586
v 0.025092 0.028704 0.002586
v 0.025537 0.030754 0.002586
v 0.016070 0.010415 0.002586
v 0.009205 0.010415 0.002586
v 0.005343 0.010415 0.002586
v 0.020709 0.010416 0.002586
v 0.010912 0.010415 0.002586
v 0.001932 0.010415 0.002586
v 0.007305 0.010415 0.002586
v 0.018389 0.010416 0.002586
v 0.024509 0.010561 0.002586
v 0.026679 0.010560 0.002476
v 0.026646 0.010561 0.002554
v 0.026568 0.010561 0.002586
v 0.026679 0.010560 0.000143
v 0.022853 0.010498 0.002586
v 0.024844 0.010561 0.002586
v 0.026679 0.028941 -0.003278
v 0.027379 0.028945 -0.003278
v 0.026679 0.035126 -0.001341
v 0.026679 0.035056 -0.001296
v 0.026679 0.035056 -0.001063
v 0.026679 0.035126 -0.001018
v 0.000416 0.035055 -0.001296
v 0.000416 0.035126 -0.001342
v 0.000416 0.035126 -0.001018
v 0.000416 0.035055 -0.001064
v 0.024680 0.035126 -0.001341
v 0.024680 0.035055 -0.001296
v 0.024680 0.035056 -0.001063
v 0.024680 0.035126 -0.001018
v 0.026642 0.010192 -0.001332
v 0.026585 0.010192 -0.001281
v 0.026642 0.010195 -0.001028
v 0.026585 0.010192 -0.001078
v 0.016070 0.035055 -0.001296
v 0.016070 0.035126 -0.001341
v 0.016070 0.035126 -0.001018
v 0.016070 0.035055 -0.001063
v 0.009205 0.035055 -0.001296
v 0.009205 0.035126 -0.001341
v 0.009205 0.035126 -0.001018
v 0.009205 0.035055 -0.001063
v 0.005343 0.035126 -0.001342
v 0.005343 0.035055 -0.001296
v 0.005343 0.035055 -0.001063
v 0.005343 0.035126 -0.001018
v 0.020709 0.035055 -0.001296
v 0.020709 0.035126 -0.001341
v 0.020709 0.035126 -0.001018
v 0.020709 0.035055 -0.001063
v 0.010912 0.035126 -0.001341
v 0.010912 0.035055 -0.001296
v 0.010912 0.035055 -0.001063
v 0.010912 0.035126 -0.001018
v 0.001932 0.035055 -0.001296
v 0.001932 0.035126 -0.001342
v 0.001932 0.035126 -0.001018
v 0.001932 0.035055 -0.001064
v 0.007305 0.035126 -0.001342
v 0.007305 0.035055 -0.001296
v 0.007305 0.035055 -0.001063
v 0.007305 0.035126 -0.001018
v 0.026966 0.035057 -0.001296
v 0.026966 0.035126 -0.001341
v 0.026966 0.035126 -0.001018
v 0.026966 0.035056 -0.001063
v 0.028063 0.034606 -0.001059
v 0.028117 0.034654 -0.001016
v 0.028117 0.034654 -0.001343
v 0.028064 0.034606 -0.001301
v 0.028855 0.033515 -0.001018
v 0.028799 0.033474 -0.001063
v 0.028799 0.033474 -0.001297
v 0.028855 0.033514 -0.001341
v 0.029057 0.031973 -0.001027
v 0.029000 0.031992 -0.001078
v 0.029000 0.031992 -0.001281
v 0.029057 0.031973 -0.001332
v 0.018389 0.035126 -0.001341
v 0.018389 0.035055 -0.001296
v 0.018389 0.035055 -0.001063
v 0.018389 0.035126 -0.001018
v 0.024932 0.000229 -0.001079
v 0.024879 0.000161 -0.001027
v 0.024962 0.000194 -0.001078
v 0.024909 0.000127 -0.001027
v 0.024903 0.000127 -0.001332
v 0.024957 0.000194 -0.001281
v 0.024933 0.000229 -0.001281
v 0.024878 0.000160 -0.001333
v 0.024914 0.010192 -0.001104
v 0.024856 0.010192 -0.001049
v 0.024934 0.010161 -0.001080
v 0.024878 0.010161 -0.001026
v 0.024856 0.010192 -0.001311
v 0.024915 0.010192 -0.001255
v 0.024936 0.010161 -0.001279
v 0.024878 0.010161 -0.001334
v 0.028952 0.028802 -0.001028
v 0.028898 0.028873 -0.001078
v 0.029008 0.028987 -0.001078
v 0.029062 0.028913 -0.001028
v 0.029030 0.028834 -0.001028
v 0.028976 0.028906 -0.001078
v 0.029062 0.028915 -0.001332
v 0.029008 0.028988 -0.001281
v 0.028894 0.028873 -0.001282
v 0.028947 0.028802 -0.001331
v 0.028975 0.028907 -0.001281
v 0.029028 0.028835 -0.001331
v 0.026642 0.028690 -0.001028
v 0.026586 0.028760 -0.001078
v 0.026694 0.028872 -0.001078
v 0.026749 0.028802 -0.001028
v 0.026673 0.028769 -0.001028
v 0.026618 0.028839 -0.001078
v 0.026750 0.028802 -0.001331
v 0.026695 0.028872 -0.001282
v 0.026586 0.028760 -0.001282
v 0.026642 0.028689 -0.001331
v 0.026618 0.028839 -0.001282
v 0.026673 0.028769 -0.001331
v 0.026592 0.000127 -0.001028
v 0.026535 0.000193 -0.001078
v 0.026585 0.000243 -0.001078
v 0.026642 0.000177 -0.001028
v 0.026626 0.000142 -0.001027
v 0.026571 0.000208 -0.001078
v 0.026642 0.000175 -0.001332
v 0.026585 0.000242 -0.001281
v 0.026535 0.000193 -0.001281
v 0.026591 0.000127 -0.001332
v 0.026571 0.000207 -0.001281
v 0.026627 0.000141 -0.001331
v 0.024891 0.000144 -0.001332
v 0.024945 0.000211 -0.001281
v 0.024894 0.000144 -0.001027
v 0.024947 0.000211 -0.001078
v 0.025750 0.000127 -0.001027
v 0.025748 0.000193 -0.001078
v 0.025746 0.000193 -0.001281
v 0.025747 0.000127 -0.001332
v 0.024878 0.006716 -0.001333
v 0.024934 0.006914 -0.001280
v 0.024867 0.010177 -0.001322
v 0.024925 0.010177 -0.001267
v 0.024867 0.010177 -0.001037
v 0.024925 0.010177 -0.001092
v 0.022875 0.035126 -0.001018
v 0.022881 0.035056 -0.001063
v 0.010912 0.028754 -0.003278
v 0.016070 0.028754 -0.003278
v 0.004965 0.028754 -0.003278
v 0.006482 0.028754 -0.003278
v 0.001932 0.028754 -0.003278
v 0.003449 0.028754 -0.003278
v 0.020709 0.028754 -0.003278
v 0.020709 0.010192 -0.003278
v 0.001932 0.000128 -0.003278
v 0.010912 0.010192 -0.002796
v 0.016070 0.000128 -0.003278
v 0.020709 0.000129 -0.003278
v 0.006482 0.000128 -0.003278
v 0.010912 0.000128 -0.003278
v 0.003449 0.000128 -0.003278
v 0.004965 0.000128 -0.003278
v 0.016070 0.010192 -0.002796
v 0.004965 0.010192 -0.002796
v 0.006482 0.010192 -0.002796
v 0.001932 0.010192 -0.002796
v 0.003449 0.010192 -0.002796
v 0.000416 0.010192 -0.002796
v 0.016070 0.027535 -0.003278
v 0.016070 0.027471 -0.003190
v 0.006482 0.027545 -0.003278
v 0.006482 0.027471 -0.003190
v 0.003449 0.027550 -0.003278
v 0.003449 0.027471 -0.003190
v 0.019426 0.027276 -0.003190
v 0.019230 0.027471 -0.003190
v 0.019418 0.027470 -0.003278
v 0.019473 0.010192 -0.003278
v 0.019426 0.010192 -0.003190
v 0.010912 0.027471 -0.003190
v 0.010912 0.027541 -0.003278
v 0.001932 0.027471 -0.003190
v 0.001932 0.027551 -0.003278
v 0.004965 0.027471 -0.003190
v 0.004965 0.027548 -0.003278
v 0.016070 0.004085 -0.003278
v 0.016070 0.004187 -0.003190
v 0.006482 0.004090 -0.003278
v 0.006482 0.004187 -0.003190
v 0.003449 0.004092 -0.003278
v 0.003449 0.004187 -0.003190
v 0.019426 0.004441 -0.003190
v 0.019383 0.004180 -0.003278
v 0.019182 0.004187 -0.003190
v 0.010912 0.004187 -0.003190
v 0.010912 0.004088 -0.003278
v 0.001932 0.004187 -0.003190
v 0.001932 0.004093 -0.003278
v 0.004965 0.004187 -0.003190
v 0.004965 0.004091 -0.003278
v 0.000416 0.004187 -0.003190
v 0.000416 0.004093 -0.003278
v 0.000416 0.027551 -0.003278
v 0.000416 0.027471 -0.003190
v 0.016070 0.027471 -0.002884
v 0.016070 0.027360 -0.002796
v 0.006482 0.027471 -0.002884
v 0.006482 0.027360 -0.002796
v 0.003449 0.027471 -0.002884
v 0.003449 0.027360 -0.002796
v 0.019426 0.010192 -0.002884
v 0.019314 0.010192 -0.002796
v 0.010912 0.027360 -0.002796
v 0.010912 0.027471 -0.002884
v 0.001932 0.027360 -0.002796
v 0.001932 0.027471 -0.002884
v 0.004965 0.027360 -0.002796
v 0.004965 0.027471 -0.002884
v 0.001932 0.004298 -0.002796
v 0.001932 0.004187 -0.002884
v 0.016070 0.004187 -0.002884
v 0.016070 0.004298 -0.002796
v 0.010912 0.004298 -0.002796
v 0.010912 0.004187 -0.002884
v 0.006482 0.004187 -0.002884
v 0.006482 0.004298 -0.002796
v 0.004965 0.004298 -0.002796
v 0.004965 0.004187 -0.002884
v 0.003449 0.004187 -0.002884
v 0.003449 0.004298 -0.002796
v 0.000416 0.027471 -0.002884
v 0.000416 0.027360 -0.002796
v 0.019426 0.027276 -0.002884
v 0.019252 0.027289 -0.002796
v 0.019230 0.027471 -0.002884
v 0.000416 0.004298 -0.002796
v 0.000416 0.004187 -0.002884
v 0.019426 0.004441 -0.002884
v 0.019182 0.004187 -0.002884
v 0.019245 0.004362 -0.002796
v 0.019314 0.027119 -0.002796
v 0.019103 0.027360 -0.002796
v 0.019483 0.027327 -0.003278
v 0.019260 0.027529 -0.003278
v 0.019376 0.027412 -0.003190
v 0.019344 0.027393 -0.002884
v 0.019714 0.027480 -0.003278
v 0.019331 0.004270 -0.003190
v 0.019331 0.004270 -0.002884
v 0.019460 0.004381 -0.003278
v 0.019225 0.004081 -0.003278
v 0.019314 0.004533 -0.002796
v 0.019099 0.004299 -0.002796
v 0.019621 0.003825 -0.003278
v 0.019369 0.003888 -0.003278
v 0.019374 0.027762 -0.003278
v 0.019680 0.027802 -0.003278
v 0.000416 0.003870 -0.003278
v 0.003449 0.003873 -0.003278
v 0.004965 0.003875 -0.003278
v 0.016070 0.003885 -0.003278
v 0.006482 0.003876 -0.003278
v 0.001932 0.003872 -0.003278
v 0.010912 0.003880 -0.003278
v 0.019694 0.010192 -0.003278
v 0.019687 0.004077 -0.003278
v 0.016070 0.027759 -0.003278
v 0.001932 0.027748 -0.003278
v 0.006482 0.027751 -0.003278
v 0.000416 0.027746 -0.003278
v 0.010912 0.027755 -0.003278
v 0.003449 0.027749 -0.003278
v 0.004965 0.027750 -0.003278
v 0.020709 0.027736 -0.003278
v 0.026679 0.010339 0.000285
v 0.026679 0.010141 0.000142
v 0.019172 0.010192 -0.002796
v 0.019265 0.010192 -0.002796
v -0.023848 0.031250 0.002586
v -0.023848 0.028754 -0.003278
v -0.023848 0.010192 -0.003278
v -0.025847 0.035164 0.000232
v -0.023848 0.035164 0.000232
v -0.025847 0.010192 -0.001778
v -0.015238 0.031250 0.002586
v -0.015238 0.010192 0.002586
v -0.015238 0.035164 0.000232
v -0.008374 0.031250 0.002586
v -0.008374 0.010192 0.002586
v -0.008374 0.035164 0.000232
v -0.004511 0.031250 0.002586
v -0.004511 0.010192 0.002586
v -0.004511 0.035164 0.000232
v -0.019877 0.035164 0.000232
v -0.019877 0.031250 0.002586
v -0.019877 0.010192 0.002586
v -0.010080 0.035164 0.000232
v -0.010080 0.031250 0.002586
v -0.010080 0.010192 0.002586
v -0.001101 0.010192 0.002586
v -0.001101 0.035164 0.000232
v -0.006473 0.035164 0.000232
v -0.006473 0.031250 0.002586
v -0.006473 0.010192 0.002586
v -0.026134 0.035164 0.000232
v -0.028055 0.033537 0.000232
v -0.027314 0.034680 0.000232
v -0.028261 0.031962 0.000232
v -0.023848 0.030771 -0.003278
v -0.019877 0.029466 -0.003278
v -0.004915 0.033196 -0.003867
v -0.005023 0.032987 -0.003715
v -0.005007 0.033106 -0.003765
v -0.011189 0.031694 -0.003745
v -0.011215 0.031460 -0.003630
v -0.011195 0.031596 -0.003670
v -0.017104 0.029946 -0.003379
v -0.019026 0.029799 -0.003309
v -0.018782 0.029714 -0.003341
v -0.025847 0.031034 -0.003278
v -0.024952 0.030850 -0.003278
v -0.009437 0.031909 -0.003684
v -0.009174 0.032238 -0.003827
v -0.009400 0.032038 -0.003731
v -0.001101 0.033331 -0.003713
v -0.001101 0.033530 -0.003865
v -0.001101 0.033447 -0.003763
v -0.006779 0.032790 -0.003855
v -0.006929 0.032553 -0.003708
v -0.006908 0.032676 -0.003757
v -0.019877 0.033043 -0.003303
v -0.025860 0.033177 -0.003211
v -0.025821 0.033039 -0.003278
v -0.025843 0.033114 -0.003259
v -0.025847 0.028754 -0.003217
v -0.025847 0.028837 -0.003278
v -0.025847 0.028778 -0.003261
v -0.023775 0.033039 -0.003278
v -0.023848 0.033176 -0.003212
v -0.023827 0.033114 -0.003259
v -0.024264 0.010192 -0.003278
v -0.024408 0.010192 -0.003218
v -0.024340 0.010192 -0.003261
v -0.024247 0.000084 -0.003036
v -0.015238 0.033295 -0.003789
v -0.015259 0.033150 -0.003841
v -0.015244 0.033227 -0.003828
v -0.008547 0.033879 -0.004562
v -0.008634 0.033729 -0.004609
v -0.008572 0.033807 -0.004595
v -0.004566 0.034423 -0.004855
v -0.004649 0.034266 -0.004891
v -0.004590 0.034346 -0.004880
v -0.019877 0.033183 -0.003219
v -0.019877 0.033117 -0.003268
v -0.010118 0.033546 -0.004471
v -0.010080 0.033693 -0.004415
v -0.010091 0.033623 -0.004453
v -0.001101 0.034458 -0.004935
v -0.001101 0.034617 -0.004903
v -0.001101 0.034539 -0.004926
v -0.006647 0.034004 -0.004781
v -0.006527 0.034158 -0.004739
v -0.006562 0.034083 -0.004769
v -0.026291 0.032851 -0.003278
v -0.026399 0.032950 -0.003216
v -0.026351 0.032902 -0.003260
v -0.026592 0.032047 -0.003278
v -0.026729 0.032091 -0.003220
v -0.026667 0.032065 -0.003261
v -0.026821 0.031584 -0.003220
v -0.026682 0.031522 -0.003278
v -0.026757 0.031560 -0.003261
v -0.017558 0.031250 0.002586
v -0.017558 0.010192 0.002586
v -0.023510 0.000084 0.002435
v -0.017558 0.035164 0.000232
v -0.017558 0.033239 -0.003504
v -0.017561 0.033172 -0.003548
v -0.017568 0.033097 -0.003572
v -0.001101 0.033976 -0.004876
v -0.001101 0.034077 -0.004937
v -0.001101 0.034017 -0.004920
v -0.006855 0.033266 -0.004808
v -0.006684 0.033397 -0.004870
v -0.006806 0.033317 -0.004851
v -0.004695 0.033772 -0.004924
v -0.004808 0.033655 -0.004862
v -0.004764 0.033703 -0.004905
v -0.010990 0.032263 -0.004433
v -0.011049 0.032146 -0.004374
v -0.011027 0.032197 -0.004415
v -0.008910 0.032833 -0.004747
v -0.009144 0.032686 -0.004682
v -0.009074 0.032742 -0.004726
v -0.023995 0.010045 0.000232
v -0.023995 0.010192 0.000379
v -0.023848 0.010045 0.000379
v -0.023995 0.010149 0.000275
v -0.023910 0.010130 0.000294
v -0.023891 0.010149 0.000379
v -0.023891 0.010045 0.000275
v -0.023995 0.010192 0.002439
v -0.023675 0.010339 0.002586
v -0.023848 0.010045 0.002439
v -0.023994 0.010252 0.002543
v -0.023821 0.010198 0.002535
v -0.023798 0.010052 0.002543
v -0.023891 0.010149 0.002439
v -0.025700 0.010192 0.000379
v -0.025700 0.010045 0.000232
v -0.025847 0.010339 0.000142
v -0.025700 0.010149 0.000275
v -0.025785 0.010198 0.000244
v -0.025804 0.010064 0.000206
v -0.025804 0.010236 0.000357
v -0.023043 0.000084 0.002091
v -0.023674 0.000084 0.002336
v -0.023075 0.000084 0.002051
v -0.023995 0.000231 0.000232
v -0.023848 0.000231 0.000379
v -0.023671 0.000084 0.000152
v -0.023875 0.000231 0.000275
v -0.023834 0.000146 0.000248
v -0.023806 0.000147 0.000294
v -0.023860 0.000148 0.000213
v -0.025847 0.035164 -0.001390
v -0.025847 0.034644 -0.001196
v -0.025847 0.034644 -0.001164
v -0.025847 0.035164 -0.000970
v -0.023848 0.035164 -0.001390
v -0.023848 0.034644 -0.001196
v -0.023848 0.034644 -0.001164
v -0.023848 0.035164 -0.000970
v -0.025847 0.010192 -0.001390
v -0.025584 0.010192 -0.001153
v -0.025584 0.010192 -0.001206
v -0.025847 0.010201 -0.000970
v -0.015238 0.035164 -0.001390
v -0.015238 0.034643 -0.001164
v -0.015238 0.034643 -0.001196
v -0.015238 0.035164 -0.000970
v -0.008374 0.035164 -0.001390
v -0.008374 0.034643 -0.001164
v -0.008374 0.034643 -0.001196
v -0.008374 0.035164 -0.000970
v -0.004511 0.035164 -0.001390
v -0.004511 0.034643 -0.001196
v -0.004511 0.034643 -0.001164
v -0.004511 0.035164 -0.000970
v -0.019877 0.035164 -0.001390
v -0.019877 0.034644 -0.001164
v -0.019877 0.034644 -0.001196
v -0.019877 0.035164 -0.000970
v -0.010080 0.035164 -0.001390
v -0.010080 0.034643 -0.001196
v -0.010080 0.034643 -0.001164
v -0.010080 0.035164 -0.000970
v -0.001101 0.035164 -0.001390
v -0.001101 0.034643 -0.001164
v -0.001101 0.034643 -0.001196
v -0.001101 0.035164 -0.000970
v -0.006473 0.035164 -0.001390
v -0.006473 0.034643 -0.001196
v -0.006473 0.034643 -0.001164
v -0.006473 0.035164 -0.000970
v -0.026134 0.035164 -0.001390
v -0.026134 0.034644 -0.001164
v -0.026134 0.034644 -0.001196
v -0.026134 0.035164 -0.000970
v -0.027314 0.034680 -0.000970
v -0.026816 0.034230 -0.001191
v -0.026816 0.034230 -0.001168
v -0.027314 0.034680 -0.001390
v -0.028055 0.033537 -0.000970
v -0.027614 0.033221 -0.001166
v -0.027614 0.033221 -0.001194
v -0.028055 0.033537 -0.001390
v -0.028261 0.031962 -0.000970
v -0.028001 0.032047 -0.001153
v -0.028001 0.032047 -0.001206
v -0.028261 0.031961 -0.001390
v -0.017558 0.035164 -0.001390
v -0.017558 0.034643 -0.001196
v -0.017558 0.034643 -0.001164
v -0.017558 0.035164 -0.000970
v -0.023012 0.000115 0.002064
v -0.023043 0.000115 0.002033
v -0.023848 0.000115 -0.002473
v -0.023848 0.000084 -0.002509
v -0.023043 0.000115 -0.000102
v -0.023069 0.000117 -0.000149
v -0.023075 0.000084 -0.000119
v -0.024013 0.000117 -0.002442
v -0.023982 0.000115 -0.002473
v -0.024029 0.000084 -0.002511
v -0.024033 0.000084 -0.001448
v -0.024013 0.000118 -0.001445
v -0.022029 0.000115 -0.000102
v -0.021998 0.000084 -0.000102
v -0.022060 0.000115 0.002064
v -0.021998 0.000084 0.002069
v -0.022029 0.000115 0.002033
v -0.021998 0.010161 -0.000133
v -0.022021 0.010192 -0.000164
v -0.022029 0.010161 -0.000102
v -0.023848 0.010192 -0.002442
v -0.023848 0.010161 -0.002473
v -0.022060 0.010161 0.002064
v -0.022029 0.010161 0.002033
v -0.022060 0.010192 0.002033
v -0.023012 0.010161 0.002064
v -0.023006 0.010192 0.002033
v -0.023043 0.010161 0.002033
v -0.023043 0.010161 -0.000102
v -0.023006 0.010192 -0.000133
v -0.023069 0.010161 -0.000149
v -0.023982 0.010192 -0.001381
v -0.024013 0.010161 -0.001445
v -0.024013 0.010161 -0.002442
v -0.023982 0.010192 -0.002442
v -0.023982 0.010161 -0.002473
v -0.015238 0.000115 -0.002473
v -0.015238 0.000084 -0.002507
v -0.015238 0.010192 -0.002442
v -0.015238 0.010161 -0.002473
v -0.005650 0.000115 -0.002473
v -0.005650 0.000084 -0.002506
v -0.005650 0.010192 -0.002442
v -0.005650 0.010161 -0.002473
v -0.002617 0.000115 -0.002473
v -0.002617 0.000084 -0.002505
v -0.002617 0.010192 -0.002442
v -0.002617 0.010161 -0.002473
v -0.019877 0.000084 -0.002508
v -0.019877 0.000115 -0.002473
v -0.019877 0.010161 -0.002473
v -0.019877 0.010192 -0.002442
v -0.010080 0.000084 -0.002506
v -0.010080 0.000115 -0.002473
v -0.010080 0.010161 -0.002473
v -0.010080 0.010192 -0.002442
v -0.001101 0.000084 -0.002505
v -0.001101 0.000115 -0.002473
v -0.001101 0.010161 -0.002473
v -0.001101 0.010192 -0.002442
v -0.004134 0.000084 -0.002506
v -0.004134 0.000115 -0.002473
v -0.004134 0.010161 -0.002473
v -0.004134 0.010192 -0.002442
v -0.024044 0.000084 -0.000970
v -0.024013 0.000118 -0.000970
v -0.024257 0.000428 -0.001206
v -0.024285 0.000393 -0.001206
v -0.024286 0.000393 -0.001153
v -0.024257 0.000428 -0.001153
v -0.024013 0.000118 -0.001390
v -0.024036 0.000084 -0.001390
v -0.023982 0.010192 -0.000978
v -0.024013 0.010161 -0.000970
v -0.024226 0.010192 -0.001187
v -0.024257 0.010161 -0.001206
v -0.024226 0.010192 -0.001173
v -0.024257 0.010161 -0.001153
v -0.024013 0.010161 -0.001390
v -0.025847 0.035064 0.002586
v -0.025847 0.035164 0.002486
v -0.025847 0.035135 0.002557
v -0.025847 0.028645 0.002477
v -0.025952 0.028754 0.002486
v -0.025737 0.028854 0.002586
v -0.025878 0.028722 0.002482
v -0.025846 0.028752 0.002542
v -0.025914 0.028784 0.002557
v -0.025815 0.028679 0.002554
v -0.028266 0.028864 0.002486
v -0.028166 0.028854 0.002586
v -0.028158 0.028754 0.002486
v -0.028237 0.028859 0.002557
v -0.028222 0.028799 0.002544
v -0.028162 0.028784 0.002557
v -0.028234 0.028786 0.002486
v -0.023848 0.035164 0.002486
v -0.023848 0.035064 0.002586
v -0.023848 0.035135 0.002557
v -0.025847 0.028645 0.000232
v -0.025953 0.028754 0.000232
v -0.025878 0.028722 0.000232
v -0.028158 0.028754 0.000232
v -0.028266 0.028864 0.000232
v -0.028234 0.028786 0.000232
v -0.028266 0.028867 -0.001678
v -0.028147 0.028754 -0.001778
v -0.028204 0.028862 -0.001840
v -0.028231 0.028787 -0.001727
v -0.028230 0.028801 -0.001773
v -0.028188 0.028785 -0.001821
v -0.028248 0.028864 -0.001767
v -0.025954 0.028754 -0.001825
v -0.025847 0.028644 -0.001778
v -0.025878 0.028722 -0.001792
v -0.015238 0.035164 0.002486
v -0.015238 0.035064 0.002586
v -0.015238 0.035135 0.002557
v -0.008374 0.035164 0.002486
v -0.008374 0.035064 0.002586
v -0.008374 0.035135 0.002557
v -0.004511 0.035164 0.002486
v -0.004511 0.035064 0.002586
v -0.004511 0.035135 0.002557
v -0.019877 0.035164 0.002486
v -0.019877 0.035064 0.002586
v -0.019877 0.035135 0.002557
v -0.010080 0.035064 0.002586
v -0.010080 0.035164 0.002486
v -0.010080 0.035135 0.002557
v -0.001101 0.035064 0.002586
v -0.001101 0.035164 0.002486
v -0.001101 0.035135 0.002557
v -0.006473 0.035064 0.002586
v -0.006473 0.035164 0.002486
v -0.006473 0.035135 0.002557
v -0.026114 0.035064 0.002586
v -0.026134 0.035164 0.002486
v -0.026128 0.035135 0.002557
v -0.027959 0.033502 0.002586
v -0.028055 0.033537 0.002486
v -0.028027 0.033527 0.002557
v -0.027247 0.034599 0.002586
v -0.027314 0.034680 0.002486
v -0.027295 0.034656 0.002557
v -0.026122 0.035079 -0.001840
v -0.026134 0.035164 -0.001678
v -0.026131 0.035139 -0.001767
v -0.027314 0.034680 -0.001678
v -0.027275 0.034605 -0.001841
v -0.027303 0.034658 -0.001767
v -0.028055 0.033537 -0.001678
v -0.028000 0.033477 -0.001838
v -0.028039 0.033520 -0.001767
v -0.001101 0.035088 -0.004399
v -0.001101 0.035164 -0.004331
v -0.001101 0.035142 -0.004323
v -0.025847 0.035164 -0.001678
v -0.025847 0.035080 -0.001839
v -0.025847 0.035139 -0.001767
v -0.015238 0.035075 -0.002794
v -0.015238 0.035164 -0.002644
v -0.015238 0.035138 -0.002729
v -0.019877 0.035075 -0.002130
v -0.019877 0.035164 -0.001978
v -0.019877 0.035138 -0.002064
v -0.023848 0.035164 -0.001678
v -0.023848 0.035080 -0.001839
v -0.023848 0.035140 -0.001767
v -0.004511 0.035164 -0.004097
v -0.004516 0.035089 -0.004232
v -0.004512 0.035142 -0.004156
v -0.010080 0.035164 -0.003461
v -0.010080 0.035077 -0.003612
v -0.010080 0.035138 -0.003547
v -0.006473 0.035164 -0.003913
v -0.006478 0.035082 -0.004073
v -0.006475 0.035140 -0.004002
v -0.008385 0.035078 -0.003834
v -0.008374 0.035164 -0.003681
v -0.008377 0.035139 -0.003768
v -0.028161 0.031955 0.002586
v -0.028261 0.031962 0.002486
v -0.028231 0.031960 0.002557
v -0.028261 0.031961 -0.001678
v -0.028200 0.031944 -0.001840
v -0.028243 0.031956 -0.001767
v -0.024420 0.028837 -0.003278
v -0.024264 0.028726 -0.003278
v -0.024297 0.028931 -0.003278
v -0.024310 0.028804 -0.003278
v -0.024563 0.028754 -0.003217
v -0.024408 0.028644 -0.003217
v -0.024453 0.028722 -0.003217
v -0.024496 0.028778 -0.003261
v -0.024341 0.028668 -0.003261
v -0.024386 0.028746 -0.003261
v -0.026685 0.028946 -0.003278
v -0.026556 0.028837 -0.003278
v -0.026647 0.028869 -0.003278
v -0.026825 0.028862 -0.003219
v -0.026702 0.028754 -0.003219
v -0.026789 0.028786 -0.003219
v -0.026632 0.028778 -0.003261
v -0.026760 0.028887 -0.003261
v -0.026722 0.028810 -0.003261
v -0.017558 0.035064 0.002586
v -0.017558 0.035164 0.002486
v -0.017558 0.035135 0.002557
v -0.017558 0.035164 -0.002311
v -0.017558 0.035075 -0.002462
v -0.017558 0.035138 -0.002397
v -0.025700 0.010192 0.002327
v -0.025588 0.010192 0.002439
v -0.025667 0.010192 0.002407
v -0.025847 0.010339 0.002476
v -0.025737 0.010339 0.002586
v -0.025815 0.010339 0.002554
v -0.025693 0.010252 0.002543
v -0.025804 0.010252 0.002432
v -0.025771 0.010252 0.002511
v -0.028266 0.028865 -0.000970
v -0.028157 0.028754 -0.000970
v -0.028234 0.028787 -0.000970
v -0.027901 0.029090 -0.001207
v -0.028014 0.029205 -0.001207
v -0.027981 0.029124 -0.001207
v -0.028014 0.029205 -0.001153
v -0.027902 0.029090 -0.001153
v -0.027981 0.029124 -0.001153
v -0.028149 0.028754 -0.001390
v -0.028266 0.028867 -0.001390
v -0.028232 0.028787 -0.001390
v -0.025953 0.028754 -0.000970
v -0.025847 0.028644 -0.000970
v -0.025878 0.028722 -0.000970
v -0.025584 0.028978 -0.001206
v -0.025692 0.029091 -0.001206
v -0.025615 0.029058 -0.001206
v -0.025692 0.029091 -0.001153
v -0.025584 0.028978 -0.001153
v -0.025615 0.029058 -0.001153
v -0.025847 0.028643 -0.001390
v -0.025954 0.028754 -0.001390
v -0.025878 0.028722 -0.001390
v -0.023848 0.000129 -0.003278
v -0.023848 0.000084 -0.003234
v -0.023848 0.000097 -0.003265
v -0.025847 0.000130 -0.001778
v -0.025795 0.000084 -0.001769
v -0.025832 0.000098 -0.001776
v -0.015238 0.000084 -0.003234
v -0.015238 0.000097 -0.003265
v -0.005650 0.000084 -0.003234
v -0.005650 0.000097 -0.003265
v -0.002617 0.000084 -0.003234
v -0.002617 0.000097 -0.003265
v -0.019877 0.000084 -0.003234
v -0.019877 0.000097 -0.003265
v -0.010080 0.000084 -0.003234
v -0.010080 0.000097 -0.003265
v -0.001101 0.000084 -0.003234
v -0.001101 0.000097 -0.003265
v -0.004134 0.000084 -0.003234
v -0.004134 0.000097 -0.003265
v -0.024294 0.000084 -0.003234
v -0.024264 0.000129 -0.003278
v -0.024273 0.000097 -0.003265
v -0.024407 0.000130 -0.003218
v -0.024354 0.000084 -0.003209
v -0.024392 0.000097 -0.003215
v -0.024340 0.000129 -0.003261
v -0.024326 0.000084 -0.003226
v -0.024336 0.000097 -0.003251
v -0.025648 0.000210 0.000232
v -0.025700 0.000282 0.000232
v -0.025685 0.000246 0.000232
v -0.025846 0.000134 0.000145
v -0.025731 0.000148 0.000212
v -0.025804 0.000178 0.000207
v -0.025778 0.000139 0.000200
v -0.025846 0.000134 -0.000970
v -0.025796 0.000084 -0.000970
v -0.025827 0.000101 -0.000970
v -0.025533 0.000393 -0.001206
v -0.025583 0.000442 -0.001206
v -0.025569 0.000407 -0.001206
v -0.025583 0.000443 -0.001153
v -0.025533 0.000393 -0.001153
v -0.025569 0.000408 -0.001153
v -0.025796 0.000084 -0.001390
v -0.025847 0.000131 -0.001390
v -0.025832 0.000098 -0.001390
v -0.015238 0.000084 0.002447
v -0.015238 0.000226 0.002586
v -0.015238 0.000125 0.002546
v -0.008374 0.000084 0.002447
v -0.008374 0.000225 0.002586
v -0.008374 0.000125 0.002546
v -0.004511 0.000084 0.002447
v -0.004511 0.000224 0.002586
v -0.004511 0.000125 0.002546
v -0.019877 0.000084 0.002435
v -0.019877 0.000228 0.002586
v -0.019877 0.000126 0.002542
v -0.010080 0.000225 0.002586
v -0.010080 0.000084 0.002447
v -0.010080 0.000125 0.002546
v -0.001101 0.000224 0.002586
v -0.001101 0.000084 0.002447
v -0.001101 0.000125 0.002546
v -0.006473 0.000224 0.002586
v -0.006473 0.000084 0.002447
v -0.006473 0.000125 0.002546
v -0.017558 0.000226 0.002586
v -0.017558 0.000084 0.002447
v -0.017558 0.000126 0.002546
v -0.023848 0.000379 0.002439
v -0.023848 0.000231 0.002285
v -0.023848 0.000274 0.002394
v -0.023674 0.000229 0.002586
v -0.023674 0.000084 0.002435
v -0.023674 0.000126 0.002542
v -0.023807 0.000146 0.002370
v -0.023797 0.000274 0.002543
v -0.023781 0.000170 0.002488
v -0.023848 0.000318 0.000379
v -0.023891 0.000332 0.000275
v -0.023995 0.000325 0.000232
v -0.023848 0.000275 0.000379
v -0.023995 0.000278 0.000232
v -0.023891 0.000282 0.000275
v -0.023758 0.000084 0.000151
v -0.023139 0.000084 -0.000158
v -0.023671 0.000084 0.000236
v -0.023075 0.000084 -0.000056
v -0.023027 0.010192 -0.000172
v -0.023151 0.010161 -0.000200
v -0.023112 0.000117 -0.000175
v -0.023109 0.010192 -0.000235
v -0.023059 0.000099 -0.000079
v -0.023059 0.000099 0.002042
v -0.023028 0.000099 0.002078
v -0.023072 0.000101 -0.000134
v -0.024021 0.000101 -0.002477
v -0.019878 0.000084 0.002262
v -0.025825 0.000109 0.000130
v -0.024023 0.000101 -0.001447
v -0.024025 0.000101 -0.001390
v -0.024271 0.000410 -0.001206
v -0.024272 0.000410 -0.001153
v -0.024029 0.000101 -0.000970
v -0.023125 0.000101 -0.000167
v -0.021986 0.000099 -0.000118
v -0.022014 0.000099 -0.000102
v -0.022014 0.000099 0.002053
v -0.024006 0.000099 -0.002492
v -0.001101 0.000099 -0.002489
v -0.023848 0.000099 -0.002491
v -0.019877 0.000099 -0.002491
v -0.015238 0.000099 -0.002490
v -0.010080 0.000099 -0.002490
v -0.005650 0.000099 -0.002490
v -0.004134 0.000099 -0.002489
v -0.002617 0.000099 -0.002489
v -0.024013 0.000118 -0.000779
v -0.023969 0.000118 -0.000703
v -0.024000 0.000118 -0.000737
v -0.024044 0.000084 -0.000765
v -0.024000 0.000084 -0.000688
v -0.024031 0.000084 -0.000722
v -0.023982 0.010192 -0.000783
v -0.023937 0.010192 -0.000709
v -0.023969 0.010192 -0.000741
v -0.024013 0.010161 -0.000779
v -0.023969 0.010161 -0.000703
v -0.024000 0.010161 -0.000737
v -0.025697 0.000084 0.000145
v -0.025796 0.000084 0.000095
v -0.025767 0.000084 0.000130
v -0.025761 0.000112 0.000182
v -0.023985 0.000101 -0.000696
v -0.024029 0.000101 -0.000772
v -0.024016 0.000101 -0.000729
v -0.025808 0.000123 0.000179
v -0.023374 0.000084 0.002194
v -0.023373 0.000084 0.000017
v -0.024138 0.000084 -0.002774
v -0.001101 0.000084 -0.002870
v -0.023848 0.000084 -0.002872
v -0.019877 0.000084 -0.002871
v -0.024916 0.000084 -0.001390
v -0.024914 0.000084 -0.001609
v -0.015238 0.000084 -0.002871
v -0.010080 0.000084 -0.002870
v -0.005650 0.000084 -0.002870
v -0.004134 0.000084 -0.002870
v -0.002617 0.000084 -0.002870
v -0.024920 0.000084 -0.000970
v -0.024910 0.000393 -0.001153
v -0.024909 0.000393 -0.001206
v -0.023449 0.000084 -0.000003
v -0.023373 0.000084 0.000090
v -0.024920 0.000084 -0.000335
v -0.024848 0.000084 -0.000272
v -0.024899 0.000084 -0.000296
v 0.000416 0.000077 -0.000125
v 0.022857 0.010123 -0.000161
v -0.019894 0.000099 -0.000114
v -0.019880 0.000084 0.002089
v -0.019894 0.000084 -0.000099
v -0.019894 0.000115 -0.000130
v -0.017399 0.000115 -0.000126
v -0.017399 0.000099 -0.000110
v -0.017400 0.000084 -0.000095
v -0.017535 0.000084 0.002086
v -0.015214 0.000099 -0.000107
v -0.015214 0.000084 -0.000091
v -0.015235 0.000084 0.002083
v -0.015214 0.000115 -0.000122
v -0.010045 0.000115 -0.000114
v -0.010045 0.000099 -0.000098
v -0.010045 0.000084 -0.000083
v -0.010075 0.000084 0.002077
v -0.008365 0.000084 0.002075
v -0.008320 0.000115 -0.000111
v -0.008318 0.000084 -0.000080
v -0.008319 0.000099 -0.000096
v -0.006524 0.000084 -0.000077
v -0.006523 0.000115 -0.000108
v -0.006523 0.000099 -0.000093
v -0.006481 0.000084 0.002072
v -0.004179 0.000115 -0.000104
v -0.004462 0.000084 0.002070
v -0.004181 0.000099 -0.000089
v -0.004183 0.000084 -0.000073
v -0.002410 0.000115 -0.000102
v -0.002402 0.000099 -0.000086
v -0.002394 0.000084 -0.000071
v -0.001296 0.000084 0.002066
v -0.001050 0.000099 -0.000084
v -0.001050 0.000084 -0.000068
v -0.001093 0.000084 0.002066
v -0.001049 0.000115 -0.000099
v -0.022726 0.010192 -0.000183
v -0.022706 0.010192 -0.000440
v -0.023072 0.010192 -0.000472
v -0.023898 0.010192 -0.000819
v -0.023791 0.010192 -0.000722
v -0.022060 0.010192 -0.000122
v -0.024013 0.006329 -0.001445
v -0.024257 0.007210 -0.001206
v -0.024013 0.006515 -0.001390
v -0.022009 0.010177 -0.000149
v -0.022045 0.010177 0.002033
v -0.022045 0.010177 -0.000112
v -0.023982 0.010177 -0.002458
v -0.001101 0.010177 -0.002458
v -0.023848 0.010177 -0.002458
v -0.019877 0.010177 -0.002458
v -0.015238 0.010177 -0.002458
v -0.010080 0.010177 -0.002458
v -0.005650 0.010177 -0.002458
v -0.004134 0.010177 -0.002458
v -0.002617 0.010177 -0.002458
v -0.022060 0.010177 0.002049
v -0.023009 0.010177 0.002049
v -0.023024 0.010177 0.002033
v -0.023024 0.010177 -0.000118
v -0.023998 0.010177 -0.002442
v -0.023998 0.010177 -0.001413
v -0.024242 0.010177 -0.001163
v -0.024242 0.010177 -0.001196
v -0.023998 0.010177 -0.000974
v -0.023048 0.010177 -0.000161
v -0.023130 0.010177 -0.000218
v -0.023998 0.010177 -0.000781
v -0.023985 0.010177 -0.000739
v -0.023953 0.010177 -0.000706
v -0.023998 0.010177 -0.001385
v -0.022047 0.000099 0.002078
v -0.022035 0.000084 0.002091
v -0.017546 0.000084 0.002267
v -0.015236 0.000084 0.002265
v -0.010077 0.000084 0.002262
v -0.008369 0.000084 0.002261
v -0.006477 0.000084 0.002260
v -0.004486 0.000084 0.002259
v -0.001199 0.000084 0.002257
v -0.001097 0.000084 0.002258
v -0.023313 0.000084 0.002289
v -0.022016 0.000084 0.002279
v -0.022000 0.000084 0.002435
v -0.021989 0.000126 0.002542
v -0.021659 0.000084 0.002435
v -0.021805 0.000084 0.002277
v -0.021563 0.000126 0.002542
v -0.022011 0.000228 0.002586
v -0.021538 0.000228 0.002586
v -0.023675 0.010038 0.002586
v -0.024009 0.010339 0.002586
v -0.022043 0.031250 0.002586
v -0.022021 0.010275 0.002586
v -0.022047 0.035064 0.002586
v -0.022049 0.035164 0.002486
v -0.022048 0.035135 0.002557
v -0.022042 0.035164 0.000232
v -0.022038 0.035164 -0.000970
v -0.022081 0.034644 -0.001196
v -0.022079 0.034644 -0.001164
v -0.025737 0.028710 0.002586
v -0.025894 0.028854 0.002586
v -0.023838 0.028702 0.002586
v -0.015238 0.028666 0.002586
v -0.010080 0.028644 0.002586
v -0.008374 0.028636 0.002586
v -0.004511 0.028620 0.002586
v -0.006473 0.028628 0.002586
v -0.017558 0.028675 0.002586
v -0.001101 0.027959 0.002586
v -0.022040 0.028695 0.002586
v -0.019877 0.028685 0.002586
v -0.022021 0.010105 0.002586
v -0.024260 0.028704 0.002586
v -0.024705 0.030754 0.002586
v -0.015238 0.010415 0.002586
v -0.008374 0.010415 0.002586
v -0.004511 0.010415 0.002586
v -0.019877 0.010416 0.002586
v -0.010080 0.010415 0.002586
v -0.001101 0.010415 0.002586
v -0.006473 0.010415 0.002586
v -0.017558 0.010416 0.002586
v -0.023677 0.010561 0.002586
v -0.025847 0.010560 0.002476
v -0.025815 0.010561 0.002554
v -0.025737 0.010561 0.002586
v -0.025847 0.010560 0.000143
v -0.022021 0.010498 0.002586
v -0.024012 0.010561 0.002586
v -0.025847 0.028941 -0.003278
v -0.026547 0.028945 -0.003278
v -0.025847 0.035126 -0.001341
v -0.025847 0.035056 -0.001296
v -0.025847 0.035056 -0.001063
v -0.025847 0.035126 -0.001018
v -0.023848 0.035126 -0.001341
v -0.023848 0.035055 -0.001296
v -0.023848 0.035056 -0.001063
v -0.023848 0.035126 -0.001018
v -0.025810 0.010192 -0.001332
v -0.025753 0.010192 -0.001281
v -0.025810 0.010195 -0.001028
v -0.025753 0.010192 -0.001078
v -0.015238 0.035055 -0.001296
v -0.015238 0.035126 -0.001341
v -0.015238 0.035126 -0.001018
v -0.015238 0.035055 -0.001063
v -0.008374 0.035055 -0.001296
v -0.008374 0.035126 -0.001341
v -0.008374 0.035126 -0.001018
v -0.008374 0.035055 -0.001063
v -0.004511 0.035126 -0.001342
v -0.004511 0.035055 -0.001296
v -0.004511 0.035055 -0.001063
v -0.004511 0.035126 -0.001018
v -0.019877 0.035055 -0.001296
v -0.019877 0.035126 -0.001341
v -0.019877 0.035126 -0.001018
v -0.019877 0.035055 -0.001063
v -0.010080 0.035126 -0.001341
v -0.010080 0.035055 -0.001296
v -0.010080 0.035055 -0.001063
v -0.010080 0.035126 -0.001018
v -0.001101 0.035055 -0.001296
v -0.001101 0.035126 -0.001342
v -0.001101 0.035126 -0.001018
v -0.001101 0.035055 -0.001064
v -0.006473 0.035126 -0.001342
v -0.006473 0.035055 -0.001296
v -0.006473 0.035055 -0.001063
v -0.006473 0.035126 -0.001018
v -0.026134 0.035057 -0.001296
v -0.026134 0.035126 -0.001341
v -0.026134 0.035126 -0.001018
v -0.026134 0.035056 -0.001063
v -0.027232 0.034606 -0.001059
v -0.027285 0.034654 -0.001016
v -0.027285 0.034654 -0.001343
v -0.027232 0.034606 -0.001301
v -0.028024 0.033515 -0.001018
v -0.027967 0.033474 -0.001063
v -0.027968 0.033474 -0.001297
v -0.028024 0.033514 -0.001341
v -0.028225 0.031973 -0.001027
v -0.028168 0.031992 -0.001078
v -0.028168 0.031992 -0.001281
v -0.028225 0.031973 -0.001332
v -0.017558 0.035126 -0.001341
v -0.017558 0.035055 -0.001296
v -0.017558 0.035055 -0.001063
v -0.017558 0.035126 -0.001018
v -0.024101 0.000229 -0.001079
v -0.024047 0.000161 -0.001027
v -0.024130 0.000194 -0.001078
v -0.024077 0.000127 -0.001027
v -0.024071 0.000127 -0.001332
v -0.024126 0.000194 -0.001281
v -0.024101 0.000229 -0.001281
v -0.024047 0.000160 -0.001333
v -0.024083 0.010192 -0.001104
v -0.024024 0.010192 -0.001049
v -0.024103 0.010161 -0.001080
v -0.024047 0.010161 -0.001026
v -0.024024 0.010192 -0.001311
v -0.024083 0.010192 -0.001255
v -0.024104 0.010161 -0.001279
v -0.024046 0.010161 -0.001334
v -0.028121 0.028802 -0.001028
v -0.028067 0.028873 -0.001078
v -0.028176 0.028987 -0.001078
v -0.028231 0.028913 -0.001028
v -0.028198 0.028834 -0.001028
v -0.028144 0.028906 -0.001078
v -0.028231 0.028915 -0.001332
v -0.028176 0.028988 -0.001281
v -0.028063 0.028873 -0.001282
v -0.028115 0.028802 -0.001331
v -0.028143 0.028907 -0.001281
v -0.028197 0.028835 -0.001331
v -0.025810 0.028690 -0.001028
v -0.025754 0.028760 -0.001078
v -0.025862 0.028872 -0.001078
v -0.025917 0.028802 -0.001028
v -0.025841 0.028769 -0.001028
v -0.025786 0.028839 -0.001078
v -0.025918 0.028802 -0.001331
v -0.025863 0.028872 -0.001282
v -0.025754 0.028760 -0.001282
v -0.025810 0.028689 -0.001331
v -0.025786 0.028839 -0.001282
v -0.025842 0.028769 -0.001331
v -0.025760 0.000127 -0.001028
v -0.025703 0.000193 -0.001078
v -0.025754 0.000243 -0.001078
v -0.025810 0.000177 -0.001028
v -0.025794 0.000142 -0.001027
v -0.025739 0.000208 -0.001078
v -0.025810 0.000175 -0.001332
v -0.025754 0.000242 -0.001281
v -0.025703 0.000193 -0.001281
v -0.025759 0.000127 -0.001332
v -0.025739 0.000207 -0.001281
v -0.025795 0.000141 -0.001331
v -0.024059 0.000144 -0.001332
v -0.024113 0.000211 -0.001281
v -0.024062 0.000144 -0.001027
v -0.024115 0.000211 -0.001078
v -0.024919 0.000127 -0.001027
v -0.024916 0.000193 -0.001078
v -0.024914 0.000193 -0.001281
v -0.024915 0.000127 -0.001332
v -0.024046 0.006716 -0.001333
v -0.024103 0.006914 -0.001280
v -0.024035 0.010177 -0.001322
v -0.024094 0.010177 -0.001267
v -0.024035 0.010177 -0.001037
v -0.024093 0.010177 -0.001092
v -0.022043 0.035126 -0.001018
v -0.022050 0.035056 -0.001063
v -0.010080 0.028754 -0.003278
v -0.015238 0.028754 -0.003278
v -0.004134 0.028754 -0.003278
v -0.005650 0.028754 -0.003278
v -0.001101 0.028754 -0.003278
v -0.002617 0.028754 -0.003278
v -0.019877 0.028754 -0.003278
v -0.019877 0.010192 -0.003278
v -0.001101 0.000128 -0.003278
v -0.010080 0.010192 -0.002796
v -0.015238 0.000128 -0.003278
v -0.019877 0.000129 -0.003278
v -0.005650 0.000128 -0.003278
v -0.010080 0.000128 -0.003278
v -0.002617 0.000128 -0.003278
v -0.004134 0.000128 -0.003278
v -0.015238 0.010192 -0.002796
v -0.004134 0.010192 -0.002796
v -0.005650 0.010192 -0.002796
v -0.001101 0.010192 -0.002796
v -0.002617 0.010192 -0.002796
v -0.015238 0.027535 -0.003278
v -0.015238 0.027471 -0.003190
v -0.005650 0.027545 -0.003278
v -0.005650 0.027471 -0.003190
v -0.002617 0.027550 -0.003278
v -0.002617 0.027471 -0.003190
v -0.018594 0.027276 -0.003190
v -0.018399 0.027471 -0.003190
v -0.018586 0.027470 -0.003278
v -0.018641 0.010192 -0.003278
v -0.018594 0.010192 -0.003190
v -0.010080 0.027471 -0.003190
v -0.010080 0.027541 -0.003278
v -0.001101 0.027471 -0.003190
v -0.001101 0.027551 -0.003278
v -0.004134 0.027471 -0.003190
v -0.004134 0.027548 -0.003278
v -0.015238 0.004085 -0.003278
v -0.015238 0.004187 -0.003190
v -0.005650 0.004090 -0.003278
v -0.005650 0.004187 -0.003190
v -0.002617 0.004092 -0.003278
v -0.002617 0.004187 -0.003190
v -0.018594 0.004441 -0.003190
v -0.018551 0.004180 -0.003278
v -0.018350 0.004187 -0.003190
v -0.010080 0.004187 -0.003190
v -0.010080 0.004088 -0.003278
v -0.001101 0.004187 -0.003190
v -0.001101 0.004093 -0.003278
v -0.004134 0.004187 -0.003190
v -0.004134 0.004091 -0.003278
v -0.015238 0.027471 -0.002884
v -0.015238 0.027360 -0.002796
v -0.005650 0.027471 -0.002884
v -0.005650 0.027360 -0.002796
v -0.002617 0.027471 -0.002884
v -0.002617 0.027360 -0.002796
v -0.018594 0.010192 -0.002884
v -0.018482 0.010192 -0.002796
v -0.010080 0.027360 -0.002796
v -0.010080 0.027471 -0.002884
v -0.001101 0.027360 -0.002796
v -0.001101 0.027471 -0.002884
v -0.004134 0.027360 -0.002796
v -0.004134 0.027471 -0.002884
v -0.001101 0.004298 -0.002796
v -0.001101 0.004187 -0.002884
v -0.015238 0.004187 -0.002884
v -0.015238 0.004298 -0.002796
v -0.010080 0.004298 -0.002796
v -0.010080 0.004187 -0.002884
v -0.005650 0.004187 -0.002884
v -0.005650 0.004298 -0.002796
v -0.004134 0.004298 -0.002796
v -0.004134 0.004187 -0.002884
v -0.002617 0.004187 -0.002884
v -0.002617 0.004298 -0.002796
v -0.018594 0.027276 -0.002884
v -0.018421 0.027289 -0.002796
v -0.018399 0.027471 -0.002884
v -0.018594 0.004441 -0.002884
v -0.018350 0.004187 -0.002884
v -0.018413 0.004362 -0.002796
v -0.018482 0.027119 -0.002796
v -0.018271 0.027360 -0.002796
v -0.018651 0.027327 -0.003278
v -0.018428 0.027529 -0.003278
v -0.018545 0.027412 -0.003190
v -0.018512 0.027393 -0.002884
v -0.018882 0.027480 -0.003278
v -0.018499 0.004270 -0.003190
v -0.018499 0.004270 -0.002884
v -0.018628 0.004381 -0.003278
v -0.018393 0.004081 -0.003278
v -0.018482 0.004533 -0.002796
v -0.018267 0.004299 -0.002796
v -0.018789 0.003825 -0.003278
v -0.018537 0.003888 -0.003278
v -0.018542 0.027762 -0.003278
v -0.018849 0.027802 -0.003278
v -0.002617 0.003873 -0.003278
v -0.004134 0.003875 -0.003278
v -0.015238 0.003885 -0.003278
v -0.005650 0.003876 -0.003278
v -0.001101 0.003872 -0.003278
v -0.010080 0.003880 -0.003278
v -0.018862 0.010192 -0.003278
v -0.018855 0.004077 -0.003278
v -0.015238 0.027759 -0.003278
v -0.001101 0.027748 -0.003278
v -0.005650 0.027751 -0.003278
v -0.010080 0.027755 -0.003278
v -0.002617 0.027749 -0.003278
v -0.004134 0.027750 -0.003278
v -0.019877 0.027736 -0.003278
v -0.025847 0.010339 0.000285
v -0.025847 0.010141 0.000142
v -0.018340 0.010192 -0.002796
v -0.018433 0.010192 -0.002796
v 0.000416 0.031247 0.001784
v 0.003077 0.031248 0.002586
v 0.002949 0.031248 0.002402
v 0.002987 0.031248 0.002494
v 0.000421 0.028589 0.002586
v 0.000416 0.028722 0.002402
v 0.000417 0.028683 0.002494
v -0.002246 0.031248 0.002586
v -0.002117 0.031248 0.002402
v -0.002155 0.031248 0.002494
v 0.000416 0.033944 0.002586
v 0.000416 0.033788 0.002402
v 0.000416 0.033834 0.002494
v -0.000775 0.033657 0.002586
v -0.000740 0.033509 0.002402
v -0.000750 0.033553 0.002494
v -0.001737 0.032591 0.002402
v -0.001837 0.032681 0.002586
v -0.001766 0.032617 0.002494
v -0.001849 0.029863 0.002586
v -0.001735 0.029917 0.002402
v -0.001768 0.029901 0.002494
v -0.000745 0.029004 0.002402
v -0.000787 0.028882 0.002586
v -0.000758 0.028968 0.002494
v 0.002669 0.032681 0.002586
v 0.002568 0.032591 0.002402
v 0.002598 0.032617 0.002494
v 0.001572 0.033509 0.002402
v 0.001606 0.033657 0.002586
v 0.001582 0.033553 0.002494
v 0.001623 0.028883 0.002586
v 0.001577 0.029004 0.002402
v 0.001590 0.028968 0.002494
v 0.002567 0.029917 0.002402
v 0.002681 0.029863 0.002586
v 0.002600 0.029901 0.002494
v 0.000416 0.010416 0.002586
v 0.002130 0.014143 0.002233
v 0.000416 0.015889 0.002233
v -0.001298 0.014143 0.002233
v 0.000416 0.012459 0.002233
v 0.001573 0.015438 0.002233
v -0.000741 0.015438 0.002233
v -0.000835 0.013000 0.002233
v -0.000210 0.015771 0.002233
v 0.001992 0.014845 0.002233
v 0.002004 0.013524 0.002233
v 0.001093 0.012599 0.002233
v -0.000261 0.012599 0.002233
v -0.001172 0.013524 0.002233
v -0.001160 0.014845 0.002233
v 0.005343 0.013974 0.002586
v -0.004511 0.014253 0.002586
v -0.002749 0.016280 0.002586
v 0.003592 0.015991 0.002586
v 0.001041 0.015771 0.002233
v 0.001667 0.013000 0.002233
v 0.000755 0.013384 0.001897
v 0.000416 0.013314 0.001897
v 0.000077 0.013384 0.001897
v -0.000220 0.013592 0.001897
v 0.001215 0.013845 0.001897
v 0.001276 0.014146 0.001897
v 0.001205 0.014508 0.001897
v 0.000986 0.014818 0.001897
v 0.000731 0.014977 0.001897
v 0.000416 0.015037 0.001897
v 0.000100 0.014977 0.001897
v -0.000155 0.014818 0.001897
v -0.000374 0.014508 0.001897
v -0.000445 0.014146 0.001897
v -0.000383 0.013845 0.001897
v 0.001052 0.013592 0.001897
v 0.000416 0.014150 0.002183
v -0.001802 0.032649 0.002540
v -0.002200 0.031248 0.002540
v -0.000772 0.028925 0.002540
v 0.000419 0.028636 0.002540
v 0.001594 0.033605 0.002540
v 0.000416 0.033889 0.002540
v 0.002641 0.029882 0.002540
v 0.003032 0.031248 0.002540
v -0.000762 0.033605 0.002540
v -0.001809 0.029882 0.002540
v 0.002634 0.032649 0.002540
v 0.001607 0.028926 0.002540
v 0.002949 0.031248 0.001869
v 0.002860 0.031248 0.001784
v 0.002923 0.031248 0.001809
v 0.000416 0.033788 0.001869
v 0.000416 0.033700 0.001784
v 0.000416 0.033762 0.001809
v 0.000416 0.028722 0.001869
v 0.000416 0.028810 0.001784
v 0.000416 0.028748 0.001809
v -0.002117 0.031248 0.001869
v -0.002029 0.031248 0.001784
v -0.002091 0.031248 0.001809
v -0.001661 0.032544 0.001784
v -0.001737 0.032591 0.001869
v -0.001715 0.032577 0.001809
v -0.000705 0.029082 0.001784
v -0.000745 0.029004 0.001869
v -0.000733 0.029027 0.001809
v 0.001531 0.033430 0.001784
v 0.001572 0.033509 0.001869
v 0.001560 0.033486 0.001809
v 0.002491 0.029963 0.001784
v 0.002567 0.029917 0.001869
v 0.002545 0.029930 0.001809
v -0.000740 0.033509 0.001869
v -0.000700 0.033430 0.001784
v -0.000728 0.033486 0.001809
v -0.001735 0.029917 0.001869
v -0.001660 0.029963 0.001784
v -0.001713 0.029930 0.001809
v 0.002568 0.032591 0.001869
v 0.002493 0.032544 0.001784
v 0.002546 0.032577 0.001809
v 0.001577 0.029004 0.001869
v 0.001536 0.029082 0.001784
v 0.001565 0.029027 0.001809
v 0.001972 0.012707 0.002552
v 0.002048 0.012646 0.002586
v 0.002008 0.012676 0.002576
v 0.001195 0.016164 0.002552
v 0.001228 0.016262 0.002586
v 0.001212 0.016211 0.002576
v 0.001297 0.012119 0.002586
v 0.001261 0.012209 0.002552
v 0.001279 0.012165 0.002576
v 0.000416 0.012035 0.002552
v 0.000416 0.011938 0.002586
v 0.000416 0.011988 0.002576
v -0.000465 0.012120 0.002586
v -0.000429 0.012209 0.002552
v -0.000447 0.012165 0.002576
v -0.001140 0.012707 0.002552
v -0.001216 0.012647 0.002586
v -0.001176 0.012676 0.002576
v 0.002395 0.013365 0.002552
v 0.002508 0.013363 0.002586
v 0.002446 0.013357 0.002576
v 0.002665 0.014138 0.002586
v 0.002554 0.014142 0.002552
v 0.002605 0.014140 0.002576
v 0.002383 0.015012 0.002552
v 0.002486 0.015045 0.002586
v 0.002431 0.015029 0.002576
v 0.001943 0.015816 0.002586
v 0.001864 0.015746 0.002552
v 0.001900 0.015780 0.002576
v 0.000416 0.016416 0.002586
v 0.000416 0.016311 0.002552
v 0.000416 0.016361 0.002576
v -0.000364 0.016164 0.002552
v -0.000400 0.016262 0.002586
v -0.000381 0.016211 0.002576
v -0.001107 0.015820 0.002586
v -0.001032 0.015746 0.002552
v -0.001067 0.015782 0.002576
v -0.001551 0.015012 0.002552
v -0.001660 0.015036 0.002586
v -0.001600 0.015026 0.002576
v -0.001836 0.014144 0.002586
v -0.001722 0.014142 0.002552
v -0.001774 0.014142 0.002576
v -0.001564 0.013365 0.002552
v -0.001679 0.013371 0.002586
v -0.001615 0.013360 0.002576
v 0.000683 0.013550 0.001847
v 0.000651 0.013625 0.001882
v 0.000665 0.013593 0.001850
v 0.000416 0.013576 0.001882
v 0.000416 0.013495 0.001847
v 0.000416 0.013542 0.001850
v 0.000149 0.013550 0.001847
v 0.000181 0.013625 0.001882
v 0.000167 0.013593 0.001850
v -0.000031 0.013773 0.001882
v -0.000090 0.013717 0.001847
v -0.000056 0.013749 0.001850
v 0.000973 0.013944 0.001882
v 0.001048 0.013913 0.001847
v 0.001005 0.013931 0.001850
v 0.001096 0.014147 0.001847
v 0.001014 0.014148 0.001882
v 0.001049 0.014147 0.001850
v 0.000964 0.014405 0.001882
v 0.001039 0.014436 0.001847
v 0.000995 0.014418 0.001850
v 0.000862 0.014687 0.001847
v 0.000807 0.014627 0.001882
v 0.000830 0.014652 0.001850
v 0.000636 0.014734 0.001882
v 0.000666 0.014809 0.001847
v 0.000649 0.014766 0.001850
v 0.000416 0.014857 0.001847
v 0.000416 0.014775 0.001882
v 0.000416 0.014810 0.001850
v 0.000196 0.014734 0.001882
v 0.000166 0.014809 0.001847
v 0.000183 0.014766 0.001850
v -0.000031 0.014687 0.001847
v 0.000025 0.014627 0.001882
v 0.000002 0.014652 0.001850
v -0.000132 0.014405 0.001882
v -0.000207 0.014436 0.001847
v -0.000164 0.014418 0.001850
v -0.000264 0.014147 0.001847
v -0.000183 0.014148 0.001882
v -0.000217 0.014147 0.001850
v -0.000141 0.013944 0.001882
v -0.000217 0.013913 0.001847
v -0.000173 0.013931 0.001850
v 0.000863 0.013773 0.001882
v 0.000922 0.013717 0.001847
v 0.000888 0.013749 0.001850
v 0.000560 0.014538 0.002183
v 0.000590 0.014618 0.002131
v 0.000578 0.014585 0.002168
v 0.000726 0.014534 0.002131
v 0.000672 0.014468 0.002183
v 0.000703 0.014506 0.002168
v 0.000774 0.014322 0.002183
v 0.000850 0.014357 0.002131
v 0.000818 0.014343 0.002168
v 0.000890 0.014154 0.002131
v 0.000807 0.014154 0.002183
v 0.000855 0.014155 0.002168
v 0.000779 0.014021 0.002183
v 0.000858 0.013992 0.002131
v 0.000825 0.014005 0.002168
v 0.000707 0.013910 0.002183
v 0.000770 0.013856 0.002131
v 0.000744 0.013879 0.002168
v 0.000602 0.013739 0.002131
v 0.000569 0.013814 0.002183
v 0.000588 0.013771 0.002168
v 0.000416 0.013782 0.002183
v 0.000416 0.013701 0.002131
v 0.000416 0.013735 0.002168
v 0.000416 0.014651 0.002131
v 0.000416 0.014565 0.002183
v 0.000416 0.014616 0.002168
v 0.000272 0.014538 0.002183
v 0.000241 0.014618 0.002131
v 0.000254 0.014585 0.002168
v 0.000106 0.014534 0.002131
v 0.000160 0.014468 0.002183
v 0.000128 0.014506 0.002168
v 0.000058 0.014322 0.002183
v -0.000019 0.014357 0.002131
v 0.000013 0.014343 0.002168
v -0.000059 0.014154 0.002131
v 0.000025 0.014154 0.002183
v -0.000024 0.014155 0.002168
v 0.000052 0.014021 0.002183
v -0.000026 0.013992 0.002131
v 0.000007 0.014005 0.002168
v 0.000125 0.013910 0.002183
v 0.000062 0.013856 0.002131
v 0.000088 0.013879 0.002168
v 0.000229 0.013739 0.002131
v 0.000263 0.013814 0.002183
v 0.000243 0.013771 0.002168
v 0.022868 0.010139 -0.000163
v 0.022879 0.010192 -0.000178
v 0.020750 0.000077 -0.000144
v 0.020732 0.010192 -0.000888
v 0.022857 0.010123 -0.000147
v 0.000416 0.000077 -0.000111
v 0.000416 0.010139 -0.000840
v 0.000416 0.010123 -0.000825
v 0.006312 0.010139 -0.000850
v 0.006315 0.010123 -0.000834
v 0.004992 0.010192 -0.000863
v 0.004990 0.010139 -0.000848
v 0.004988 0.010123 -0.000832
v 0.003423 0.010192 -0.000861
v 0.003428 0.010139 -0.000845
v 0.003433 0.010123 -0.000830
v 0.018252 0.000077 -0.000140
v 0.016064 0.000077 -0.000136
v 0.010890 0.000077 -0.000128
v 0.009163 0.000077 -0.000125
v 0.007363 0.000077 -0.000122
v 0.005017 0.000077 -0.000119
v 0.003245 0.000077 -0.000116
v 0.001883 0.000077 -0.000114
v -0.022036 0.010139 -0.000163
v -0.022048 0.010192 -0.000178
v -0.019918 0.000077 -0.000144
v 0.001876 0.010192 -0.000858
v -0.022025 0.010123 -0.000147
v 0.000416 0.010192 -0.000856
v 0.001879 0.010123 -0.000827
v 0.001878 0.010139 -0.000843
v 0.020733 0.010123 -0.000857
v 0.016108 0.010123 -0.000850
v 0.010965 0.010123 -0.000842
v -0.017420 0.000077 -0.000140
v -0.015233 0.000077 -0.000136
v -0.010058 0.000077 -0.000128
v -0.008331 0.000077 -0.000125
v -0.006531 0.000077 -0.000122
v -0.004185 0.000077 -0.000119
v -0.002413 0.000077 -0.000116
v -0.001051 0.000077 -0.000114
v 0.018252 0.000077 -0.000154
v 0.016064 0.000077 -0.000151
v 0.010890 0.000077 -0.000142
v 0.009163 0.000077 -0.000140
v 0.007363 0.000077 -0.000137
v 0.005017 0.000077 -0.000133
v 0.003245 0.000077 -0.000130
v 0.001883 0.000077 -0.000128
v -0.022036 0.010139 -0.000177
v -0.022048 0.010192 -0.000192
v -0.019918 0.000077 -0.000158
v -0.022025 0.010123 -0.000161
v -0.017420 0.000077 -0.000154
v -0.015233 0.000077 -0.000151
v -0.010058 0.000077 -0.000142
v -0.008331 0.000077 -0.000140
v -0.006531 0.000077 -0.000137
v -0.004185 0.000077 -0.000133
v -0.002413 0.000077 -0.000130
v -0.001051 0.000077 -0.000128
v 0.016107 0.010192 -0.000881
v 0.020733 0.010139 -0.000873
v 0.010967 0.010192 -0.000873
v 0.016107 0.010139 -0.000865
v 0.006308 0.010192 -0.000865
v 0.010966 0.010139 -0.000857
v -0.001047 0.010123 -0.000827
v -0.019900 0.010192 -0.000888
v -0.019902 0.010123 -0.000857
v -0.015276 0.010192 -0.000881
v -0.019901 0.010139 -0.000873
v -0.015276 0.010123 -0.000850
v -0.010135 0.010192 -0.000873
v -0.015276 0.010139 -0.000865
v -0.005476 0.010192 -0.000865
v -0.010134 0.010123 -0.000842
v -0.010134 0.010139 -0.000857
v -0.004160 0.010192 -0.000863
v -0.005483 0.010123 -0.000834
v -0.005480 0.010139 -0.000850
v -0.004156 0.010123 -0.000832
v -0.002591 0.010192 -0.000861
v -0.004158 0.010139 -0.000848
v -0.002601 0.010123 -0.000830
v -0.001045 0.010192 -0.000858
v -0.002596 0.010139 -0.000845
v -0.001046 0.010139 -0.000843
v 0.022807 0.000115 -0.000133
v 0.022830 0.000145 -0.000133
v 0.022835 0.000108 -0.000116
v 0.022821 0.000124 -0.000133
v 0.022828 0.000077 -0.000161
v 0.022857 0.000106 -0.000161
v 0.022849 0.000085 -0.000161
v -0.021998 0.000145 -0.000133
v -0.021969 0.000115 -0.000133
v -0.021990 0.000124 -0.000133
v 0.022828 0.000077 -0.000147
v 0.022857 0.000107 -0.000147
v 0.022849 0.000086 -0.000147
v 0.000416 0.000077 -0.000798
v 0.000416 0.000104 -0.000825
v 0.000416 0.000085 -0.000817
v 0.022828 0.010123 -0.000861
v 0.022857 0.010123 -0.000830
v 0.022848 0.010123 -0.000852
v 0.022857 0.000106 -0.000830
v 0.022829 0.000077 -0.000834
v 0.022828 0.000104 -0.000861
v 0.022849 0.000085 -0.000832
v 0.022845 0.000089 -0.000848
v 0.022828 0.000085 -0.000853
v 0.022848 0.000105 -0.000852
v 0.022879 0.010192 -0.000860
v 0.022850 0.010192 -0.000892
v 0.022871 0.010192 -0.000882
v 0.022868 0.010139 -0.000845
v 0.022839 0.010139 -0.000876
v 0.022860 0.010139 -0.000867
v -0.022025 0.000107 -0.000147
v -0.021997 0.000077 -0.000147
v -0.022017 0.000086 -0.000147
v 0.020750 0.000077 -0.000830
v 0.020750 0.000104 -0.000857
v 0.020750 0.000085 -0.000849
v 0.018252 0.000077 -0.000826
v 0.018246 0.000104 -0.000853
v 0.018250 0.000085 -0.000845
v 0.016064 0.000077 -0.000823
v 0.016065 0.000104 -0.000850
v 0.016065 0.000085 -0.000842
v 0.010890 0.000077 -0.000814
v 0.010890 0.000104 -0.000842
v 0.010890 0.000085 -0.000834
v 0.009163 0.000077 -0.000812
v 0.009167 0.000104 -0.000839
v 0.009164 0.000085 -0.000831
v 0.007363 0.000077 -0.000809
v 0.007360 0.000104 -0.000836
v 0.007362 0.000085 -0.000828
v 0.005017 0.000077 -0.000805
v 0.005017 0.000104 -0.000832
v 0.005017 0.000085 -0.000824
v -0.022025 0.000106 -0.000161
v -0.021997 0.000077 -0.000161
v -0.022017 0.000085 -0.000161
v 0.003245 0.000077 -0.000802
v 0.003245 0.000104 -0.000829
v 0.003245 0.000085 -0.000821
v 0.001883 0.000077 -0.000800
v 0.001883 0.000104 -0.000827
v 0.001883 0.000085 -0.000819
v -0.022007 0.010139 -0.000876
v -0.022036 0.010139 -0.000845
v -0.022028 0.010139 -0.000867
v -0.022018 0.010192 -0.000892
v -0.022048 0.010192 -0.000860
v -0.022039 0.010192 -0.000882
v -0.019918 0.000104 -0.000857
v -0.019918 0.000077 -0.000830
v -0.019918 0.000085 -0.000849
v -0.022025 0.000106 -0.000830
v -0.021996 0.000104 -0.000861
v -0.021997 0.000077 -0.000834
v -0.022017 0.000105 -0.000852
v -0.022013 0.000089 -0.000848
v -0.021996 0.000085 -0.000853
v -0.022017 0.000085 -0.000832
v -0.022025 0.010123 -0.000830
v -0.021996 0.010123 -0.000861
v -0.022017 0.010123 -0.000852
v -0.017414 0.000104 -0.000853
v -0.017420 0.000077 -0.000826
v -0.017418 0.000085 -0.000845
v -0.015233 0.000104 -0.000850
v -0.015233 0.000077 -0.000823
v -0.015233 0.000085 -0.000842
v -0.010058 0.000104 -0.000842
v -0.010058 0.000077 -0.000814
v -0.010058 0.000085 -0.000834
v -0.008336 0.000104 -0.000839
v -0.008331 0.000077 -0.000812
v -0.008332 0.000085 -0.000831
v -0.006528 0.000104 -0.000836
v -0.006531 0.000077 -0.000809
v -0.006530 0.000085 -0.000828
v -0.004185 0.000104 -0.000832
v -0.004185 0.000077 -0.000805
v -0.004185 0.000085 -0.000824
v -0.002414 0.000104 -0.000829
v -0.002413 0.000077 -0.000802
v -0.002413 0.000085 -0.000821
v -0.001051 0.000104 -0.000827
v -0.001051 0.000077 -0.000800
v -0.001051 0.000085 -0.000819
v -0.022014 0.010161 -0.000118
v -0.022040 0.010192 -0.000143
v -0.022027 0.010177 -0.000130
v -0.022014 0.000130 -0.000118
v -0.022002 0.000112 -0.000118
v 0.022845 0.010161 -0.000118
v 0.022872 0.010192 -0.000143
v 0.022859 0.010177 -0.000130
v 0.022845 0.000130 -0.000118
v 0.000416 0.027810 0.002477
v 0.000416 0.027888 0.002586
v 0.000416 0.027833 0.002532
v 0.000416 0.017343 0.002477
v 0.000416 0.017264 0.002586
v 0.000416 0.017320 0.002532
v -0.004511 0.027888 0.002586
v -0.004511 0.027810 0.002477
v -0.004511 0.027833 0.002532
v -0.010002 0.027810 0.002477
v -0.010158 0.027888 0.002586
v -0.010080 0.027732 0.002477
v -0.010005 0.027833 0.002532
v -0.010080 0.027810 0.002522
v -0.010103 0.027732 0.002532
v -0.010057 0.027787 0.002477
v -0.008374 0.027888 0.002586
v -0.008374 0.027810 0.002477
v -0.008374 0.027833 0.002532
v -0.006473 0.027810 0.002477
v -0.006473 0.027888 0.002586
v -0.006473 0.027833 0.002532
v 0.005343 0.027888 0.002586
v 0.005343 0.027810 0.002477
v 0.005343 0.027833 0.002532
v 0.010834 0.027810 0.002477
v 0.010912 0.027732 0.002477
v 0.010990 0.027888 0.002586
v 0.010889 0.027787 0.002477
v 0.010912 0.027810 0.002522
v 0.010935 0.027738 0.002532
v 0.010848 0.027833 0.002532
v 0.009205 0.027810 0.002477
v 0.009205 0.027888 0.002586
v 0.009205 0.027833 0.002532
v 0.007305 0.027888 0.002586
v 0.007305 0.027810 0.002477
v 0.007305 0.027833 0.002532
v 0.005343 0.017343 0.002477
v 0.005343 0.017264 0.002586
v 0.005343 0.017320 0.002532
v 0.010834 0.017343 0.002477
v 0.010990 0.017264 0.002586
v 0.010912 0.017421 0.002477
v 0.010830 0.017320 0.002532
v 0.010912 0.017343 0.002522
v 0.010935 0.017420 0.002532
v 0.010889 0.017365 0.002477
v 0.009205 0.017264 0.002586
v 0.009205 0.017343 0.002477
v 0.009205 0.017320 0.002532
v 0.003767 0.017264 0.002586
v 0.003778 0.017343 0.002477
v 0.003775 0.017320 0.002532
v 0.007305 0.017343 0.002477
v 0.007305 0.017264 0.002586
v 0.007305 0.017320 0.002532
v -0.002900 0.017343 0.002477
v -0.002889 0.017264 0.002586
v -0.002896 0.017320 0.002532
v -0.008374 0.017343 0.002477
v -0.008374 0.017264 0.002586
v -0.008374 0.017320 0.002532
v -0.010080 0.017421 0.002477
v -0.010158 0.017264 0.002586
v -0.010002 0.017343 0.002477
v -0.010103 0.017407 0.002532
v -0.010088 0.017345 0.002532
v -0.010025 0.017320 0.002532
v -0.010057 0.017365 0.002477
v -0.004511 0.017264 0.002586
v -0.004511 0.017343 0.002477
v -0.004511 0.017320 0.002532
v -0.006473 0.017264 0.002586
v -0.006473 0.017343 0.002477
v -0.006473 0.017320 0.002532
v 0.000416 0.017421 0.001958
v 0.000416 0.017343 0.002037
v 0.000416 0.017365 0.001981
v 0.000416 0.027732 0.001958
v 0.000416 0.027810 0.002037
v 0.000416 0.027787 0.001981
v -0.002911 0.017421 0.001958
v -0.002900 0.017343 0.002037
v -0.002903 0.017365 0.001981
v -0.004511 0.027810 0.002037
v -0.004511 0.027732 0.001958
v -0.004511 0.027787 0.001981
v -0.006473 0.027732 0.001958
v -0.006473 0.027810 0.002037
v -0.006473 0.027787 0.001981
v -0.008374 0.027810 0.002037
v -0.008374 0.027732 0.001958
v -0.008374 0.027787 0.001981
v -0.010002 0.027810 0.002037
v -0.010080 0.027732 0.002037
v -0.010002 0.027732 0.001958
v -0.010057 0.027787 0.002037
v -0.010047 0.027777 0.001992
v -0.010057 0.027732 0.001981
v -0.010002 0.027787 0.001981
v 0.003778 0.017343 0.002037
v 0.003789 0.017421 0.001958
v 0.003781 0.017365 0.001981
v 0.005343 0.027732 0.001958
v 0.005343 0.027810 0.002037
v 0.005343 0.027787 0.001981
v 0.007305 0.027810 0.002037
v 0.007305 0.027732 0.001958
v 0.007305 0.027787 0.001981
v 0.009205 0.027732 0.001958
v 0.009205 0.027810 0.002037
v 0.009205 0.027787 0.001981
v 0.010834 0.027810 0.002037
v 0.010834 0.027732 0.001958
v 0.010912 0.027732 0.002037
v 0.010834 0.027787 0.001981
v 0.010879 0.027777 0.001992
v 0.010889 0.027732 0.001981
v 0.010889 0.027787 0.002037
v 0.005343 0.017421 0.001958
v 0.005343 0.017343 0.002037
v 0.005343 0.017365 0.001981
v 0.010834 0.017343 0.002037
v 0.010912 0.017421 0.002037
v 0.010834 0.017421 0.001958
v 0.010889 0.017365 0.002037
v 0.010879 0.017376 0.001992
v 0.010889 0.017421 0.001981
v 0.010834 0.017365 0.001981
v 0.009205 0.017343 0.002037
v 0.009205 0.017421 0.001958
v 0.009205 0.017365 0.001981
v 0.007305 0.017421 0.001958
v 0.007305 0.017343 0.002037
v 0.007305 0.017365 0.001981
v -0.008374 0.017421 0.001958
v -0.008374 0.017343 0.002037
v -0.008374 0.017365 0.001981
v -0.010080 0.017421 0.002037
v -0.010002 0.017343 0.002037
v -0.010002 0.017421 0.001958
v -0.010057 0.017365 0.002037
v -0.010047 0.017376 0.001992
v -0.010002 0.017365 0.001981
v -0.010057 0.017421 0.001981
v -0.004511 0.017343 0.002037
v -0.004511 0.017421 0.001958
v -0.004511 0.017365 0.001981
v -0.006473 0.017343 0.002037
v -0.006473 0.017421 0.001958
v -0.006473 0.017365 0.001981
v -0.010158 0.017383 0.002586
v -0.010031 0.017264 0.002586
v -0.006473 0.015324 0.002586
v -0.008374 0.016360 0.002586
v -0.010158 0.027734 0.002586
v -0.010005 0.027888 0.002586
v 0.010861 0.027888 0.002586
v 0.010990 0.027748 0.002586
v 0.010829 0.017264 0.002586
v 0.010990 0.017426 0.002586
v 0.009205 0.016291 0.002586
v 0.007305 0.015151 0.002586
v 0.011308 0.017280 0.002586
v 0.011377 0.027746 0.002586
v -0.010532 0.017343 0.002586
v -0.010556 0.027757 0.002586
v 0.000416 0.033318 0.001728
v 0.001124 0.033193 0.001728
v 0.001748 0.032834 0.001728
v 0.002210 0.032282 0.001728
v 0.002456 0.031606 0.001728
v 0.002456 0.030887 0.001728
v 0.002210 0.030211 0.001728
v 0.001748 0.029659 0.001728
v 0.001124 0.029300 0.001728
v 0.000416 0.029175 0.001728
v -0.000293 0.029300 0.001728
v -0.000916 0.029659 0.001728
v -0.001378 0.030211 0.001728
v -0.001624 0.030887 0.001728
v -0.001624 0.031606 0.001728
v -0.001378 0.032282 0.001728
v -0.000916 0.032834 0.001728
v -0.000293 0.033193 0.001728
v 0.000861 0.031530 0.002337
v 0.000003 0.031530 0.002337
v 0.000432 0.030787 0.002337
v -0.000005 0.033028 0.002337
v 0.000854 0.033033 0.002337
v -0.000868 0.030019 0.002337
v -0.001303 0.030759 0.002337
v 0.002211 0.030751 0.002337
v 0.001772 0.030013 0.002337
v 0.000528 0.031630 0.001858
v 0.000533 0.031465 0.001858
v 0.000338 0.031630 0.001858
v 0.000334 0.031464 0.001858
v 0.000779 0.031194 0.001858
v 0.000634 0.031277 0.001858
v 0.000545 0.031332 0.001858
v 0.000320 0.031334 0.001858
v 0.000087 0.031194 0.001858
v 0.000227 0.031272 0.001858
v 0.000182 0.031030 0.001858
v 0.000328 0.031118 0.001858
v 0.000433 0.031163 0.001858
v 0.000685 0.031030 0.001858
v 0.000542 0.031109 0.001858
v 0.000774 0.031567 0.002354
v 0.000708 0.031594 0.002274
v 0.000727 0.031586 0.002308
v 0.000839 0.031367 0.002274
v 0.000849 0.031438 0.002354
v 0.000842 0.031388 0.002308
v 0.000709 0.031511 0.002274
v 0.000766 0.031411 0.002274
v 0.000775 0.031483 0.002354
v 0.000724 0.031453 0.002274
v 0.000735 0.031460 0.002307
v 0.000771 0.031433 0.002308
v 0.000730 0.031504 0.002308
v 0.000016 0.031438 0.002354
v 0.000026 0.031367 0.002274
v 0.000023 0.031388 0.002308
v 0.000158 0.031594 0.002274
v 0.000091 0.031567 0.002354
v 0.000138 0.031586 0.002308
v 0.000099 0.031410 0.002274
v 0.000157 0.031510 0.002274
v 0.000090 0.031482 0.002354
v 0.000141 0.031452 0.002274
v 0.000130 0.031458 0.002307
v 0.000135 0.031503 0.002308
v 0.000094 0.031432 0.002308
v 0.000508 0.030846 0.002354
v 0.000564 0.030890 0.002274
v 0.000548 0.030877 0.002308
v 0.000301 0.030890 0.002274
v 0.000357 0.030846 0.002354
v 0.000318 0.030877 0.002308
v 0.000491 0.030932 0.002274
v 0.000376 0.030932 0.002274
v 0.000434 0.030889 0.002354
v 0.000434 0.030948 0.002274
v 0.000434 0.030935 0.002307
v 0.000393 0.030917 0.002308
v 0.000474 0.030917 0.002308
v 0.000233 0.032871 0.002274
v 0.000133 0.032905 0.002354
v 0.000167 0.032805 0.002274
v 0.000232 0.032890 0.002308
v 0.000167 0.032871 0.002307
v 0.000147 0.032804 0.002308
v 0.000186 0.032851 0.002274
v 0.000339 0.032872 0.002274
v 0.000351 0.032938 0.002354
v 0.000342 0.032891 0.002308
v 0.000511 0.032873 0.002274
v 0.000496 0.032938 0.002354
v 0.000506 0.032892 0.002308
v 0.000684 0.032807 0.002274
v 0.000700 0.032912 0.002354
v 0.000616 0.032873 0.002274
v 0.000703 0.032812 0.002308
v 0.000682 0.032873 0.002307
v 0.000615 0.032892 0.002308
v 0.000663 0.032854 0.002274
v -0.000778 0.030274 0.002274
v -0.000869 0.030298 0.002274
v -0.000842 0.030196 0.002354
v -0.000829 0.030267 0.002274
v -0.000836 0.030241 0.002307
v -0.000879 0.030277 0.002308
v -0.000770 0.030256 0.002308
v -0.000923 0.030389 0.002274
v -0.000986 0.030366 0.002354
v -0.000941 0.030382 0.002308
v -0.001010 0.030537 0.002274
v -0.001059 0.030491 0.002354
v -0.001024 0.030523 0.002308
v -0.001040 0.030719 0.002274
v -0.001145 0.030697 0.002354
v -0.001063 0.030628 0.002274
v -0.001050 0.030736 0.002308
v -0.001097 0.030685 0.002307
v -0.001084 0.030624 0.002308
v -0.001070 0.030678 0.002274
v 0.001891 0.030719 0.002274
v 0.001913 0.030627 0.002274
v 0.001994 0.030700 0.002354
v 0.001921 0.030678 0.002274
v 0.001947 0.030684 0.002307
v 0.001939 0.030632 0.002308
v 0.001917 0.030725 0.002308
v 0.001859 0.030537 0.002274
v 0.001908 0.030490 0.002354
v 0.001874 0.030523 0.002308
v 0.001772 0.030389 0.002274
v 0.001834 0.030365 0.002354
v 0.001790 0.030382 0.002308
v 0.001627 0.030275 0.002274
v 0.001685 0.030192 0.002354
v 0.001718 0.030298 0.002274
v 0.001618 0.030258 0.002308
v 0.001684 0.030242 0.002307
v 0.001725 0.030273 0.002308
v 0.001677 0.030268 0.002274
v 0.000708 0.031594 0.002083
v 0.000642 0.031608 0.001981
v 0.000688 0.031598 0.002031
v 0.000766 0.031411 0.002083
v 0.000709 0.031511 0.002083
v 0.000644 0.031407 0.001981
v 0.000726 0.031454 0.002083
v 0.000709 0.031445 0.002033
v 0.000690 0.031459 0.002031
v 0.000712 0.031421 0.002031
v 0.000817 0.031303 0.001981
v 0.000839 0.031367 0.002083
v 0.000833 0.031348 0.002031
v 0.000026 0.031367 0.002083
v 0.000049 0.031303 0.001981
v 0.000033 0.031348 0.002031
v 0.000157 0.031510 0.002083
v 0.000099 0.031410 0.002083
v 0.000221 0.031405 0.001981
v 0.000139 0.031453 0.002083
v 0.000156 0.031443 0.002033
v 0.000153 0.031419 0.002031
v 0.000175 0.031458 0.002031
v 0.000224 0.031607 0.001981
v 0.000158 0.031594 0.002083
v 0.000177 0.031598 0.002031
v 0.000564 0.030890 0.002083
v 0.000608 0.030941 0.001981
v 0.000577 0.030905 0.002031
v 0.000376 0.030932 0.002083
v 0.000491 0.030932 0.002083
v 0.000434 0.031041 0.001981
v 0.000434 0.030946 0.002083
v 0.000434 0.030965 0.002033
v 0.000456 0.030974 0.002031
v 0.000412 0.030975 0.002031
v 0.000258 0.030941 0.001981
v 0.000301 0.030890 0.002083
v 0.000289 0.030905 0.002031
v 0.000167 0.032805 0.002083
v 0.000233 0.032805 0.001981
v 0.000233 0.032871 0.002083
v 0.000186 0.032805 0.002031
v 0.000195 0.032843 0.002033
v 0.000233 0.032852 0.002031
v 0.000186 0.032851 0.002083
v 0.000339 0.032805 0.001858
v 0.000339 0.032872 0.002083
v 0.000339 0.032852 0.002031
v 0.000511 0.032806 0.001858
v 0.000511 0.032873 0.002083
v 0.000511 0.032853 0.002031
v 0.000684 0.032807 0.002083
v 0.000616 0.032873 0.002083
v 0.000618 0.032807 0.001981
v 0.000663 0.032854 0.002083
v 0.000655 0.032845 0.002033
v 0.000617 0.032854 0.002031
v 0.000664 0.032807 0.002031
v -0.000778 0.030274 0.002083
v -0.000812 0.030331 0.001981
v -0.000869 0.030298 0.002083
v -0.000788 0.030290 0.002031
v -0.000826 0.030279 0.002033
v -0.000852 0.030307 0.002031
v -0.000829 0.030267 0.002083
v -0.000866 0.030422 0.001858
v -0.000923 0.030389 0.002083
v -0.000906 0.030399 0.002031
v -0.000953 0.030571 0.001858
v -0.001010 0.030537 0.002083
v -0.000993 0.030547 0.002031
v -0.001040 0.030719 0.002083
v -0.001063 0.030628 0.002083
v -0.001007 0.030662 0.001981
v -0.001070 0.030678 0.002083
v -0.001059 0.030675 0.002033
v -0.001047 0.030638 0.002031
v -0.001030 0.030703 0.002031
v 0.001891 0.030719 0.002083
v 0.001857 0.030662 0.001981
v 0.001913 0.030627 0.002083
v 0.001881 0.030702 0.002031
v 0.001909 0.030675 0.002033
v 0.001897 0.030638 0.002031
v 0.001921 0.030678 0.002083
v 0.001803 0.030571 0.001858
v 0.001859 0.030537 0.002083
v 0.001843 0.030547 0.002031
v 0.001715 0.030423 0.001858
v 0.001772 0.030389 0.002083
v 0.001755 0.030399 0.002031
v 0.001627 0.030275 0.002083
v 0.001718 0.030298 0.002083
v 0.001661 0.030332 0.001981
v 0.001677 0.030268 0.002083
v 0.001674 0.030280 0.002033
v 0.001701 0.030308 0.002031
v 0.001637 0.030291 0.002031
v 0.000416 0.033318 0.002094
v 0.000529 0.033203 0.002337
v 0.000449 0.033285 0.002138
v 0.001030 0.033108 0.002337
v 0.001124 0.033193 0.002094
v 0.001096 0.033168 0.002138
v 0.001487 0.032889 0.002337
v 0.001748 0.032834 0.002094
v 0.001673 0.032852 0.002138
v 0.002114 0.032230 0.002337
v 0.002210 0.032282 0.002094
v 0.002181 0.032267 0.002138
v 0.002377 0.031341 0.002337
v 0.002456 0.031606 0.002094
v 0.002435 0.031529 0.002138
v 0.002339 0.030849 0.002337
v 0.002456 0.030887 0.002094
v 0.002421 0.030876 0.002138
v 0.002160 0.030342 0.002337
v 0.002210 0.030211 0.002094
v 0.002195 0.030249 0.002138
v 0.001761 0.029814 0.002337
v 0.001748 0.029659 0.002094
v 0.001752 0.029705 0.002138
v 0.001077 0.029396 0.002337
v 0.001124 0.029300 0.002094
v 0.001110 0.029328 0.002138
v 0.000417 0.029281 0.002337
v 0.000416 0.029175 0.002094
v 0.000416 0.029207 0.002138
v -0.000243 0.029395 0.002337
v -0.000293 0.029300 0.002094
v -0.000278 0.029328 0.002138
v -0.000904 0.029792 0.002337
v -0.000916 0.029659 0.002094
v -0.000912 0.029699 0.002138
v -0.001335 0.030359 0.002337
v -0.001378 0.030211 0.002094
v -0.001366 0.030254 0.002138
v -0.001508 0.030861 0.002337
v -0.001624 0.030887 0.002094
v -0.001590 0.030879 0.002138
v -0.001540 0.031402 0.002337
v -0.001624 0.031606 0.002094
v -0.001601 0.031547 0.002138
v -0.001280 0.032230 0.002337
v -0.001378 0.032282 0.002094
v -0.001349 0.032267 0.002138
v -0.000853 0.032740 0.002337
v -0.000916 0.032834 0.002094
v -0.000897 0.032806 0.002138
v -0.000154 0.033122 0.002337
v -0.000293 0.033193 0.002094
v -0.000252 0.033172 0.002138
v 0.001937 0.030768 0.002354
v 0.001983 0.030615 0.002354
v 0.001598 0.030215 0.002354
v 0.001764 0.030248 0.002354
v -0.000915 0.030245 0.002354
v -0.000748 0.030215 0.002354
v -0.001129 0.030609 0.002354
v -0.001072 0.030777 0.002354
v 0.000101 0.032809 0.002354
v 0.000240 0.032937 0.002354
v 0.000614 0.032939 0.002354
v 0.000749 0.032825 0.002354
v 0.017864 0.029900 -0.003375
v 0.000416 0.033213 -0.003695
v 0.001932 0.033155 -0.003696
v 0.005762 0.032824 -0.003699
v 0.007653 0.032407 -0.003691
v 0.010123 0.031787 -0.003668
v 0.012003 0.031356 -0.003616
v -0.017032 0.029900 -0.003375
v -0.001101 0.033155 -0.003696
v -0.004930 0.032824 -0.003699
v -0.006821 0.032407 -0.003691
v -0.009291 0.031787 -0.003668
v -0.011172 0.031356 -0.003616
v 0.019206 0.030379 -0.003401
v 0.011671 0.032485 -0.004440
v 0.001932 0.034143 -0.004937
v 0.000416 0.034198 -0.004939
v 0.005519 0.033858 -0.004918
v 0.007509 0.033502 -0.004855
v 0.009694 0.032988 -0.004723
v -0.018374 0.030379 -0.003401
v -0.010839 0.032485 -0.004440
v -0.001101 0.034143 -0.004937
v -0.004687 0.033858 -0.004918
v -0.006677 0.033502 -0.004855
v -0.008862 0.032988 -0.004723
v 0.019741 0.030061 -0.003330
v -0.018846 0.030206 -0.003341
v 0.019557 0.028754 -0.003278
v 0.019555 0.029148 -0.003299
v 0.019608 0.029656 -0.003318
v -0.018802 0.028754 -0.003278
v -0.018767 0.029531 -0.003312
v -0.018767 0.029658 -0.003319
v 0.024845 0.000147 -0.002442
v 0.024814 0.000144 -0.002473
v 0.023875 0.000144 -0.000102
v 0.023901 0.000147 -0.000149
v 0.022861 0.000144 0.002033
v 0.022892 0.000144 0.002064
v 0.023875 0.000144 0.002033
v 0.023844 0.000144 0.002064
v 0.022861 0.000144 -0.000102
v 0.020709 0.000144 -0.002473
v 0.024680 0.000144 -0.002473
v 0.024845 0.000147 -0.000970
v 0.000416 0.000144 -0.002473
v 0.001932 0.000144 -0.002473
v 0.016070 0.000144 -0.002473
v 0.010912 0.000144 -0.002473
v 0.006482 0.000144 -0.002473
v 0.004965 0.000144 -0.002473
v 0.003449 0.000144 -0.002473
v 0.025089 0.000456 -0.001153
v 0.025089 0.000447 -0.001206
v 0.023944 0.000147 -0.000176
v 0.024845 0.000147 -0.000779
v 0.024832 0.000147 -0.000737
v 0.024801 0.000147 -0.000703
v 0.024845 0.000136 -0.001445
v 0.024845 0.000136 -0.001390
v 0.024933 0.000258 -0.001079
v 0.024879 0.000190 -0.001027
v 0.024878 0.000179 -0.001333
v 0.024933 0.000249 -0.001281
v -0.024013 0.000147 -0.002442
v -0.023982 0.000144 -0.002473
v -0.023043 0.000144 -0.000102
v -0.023069 0.000147 -0.000149
v -0.022029 0.000144 0.002033
v -0.022060 0.000144 0.002064
v -0.023043 0.000144 0.002033
v -0.023012 0.000144 0.002064
v -0.022029 0.000144 -0.000102
v -0.019877 0.000144 -0.002473
v -0.023848 0.000144 -0.002473
v -0.024013 0.000147 -0.000970
v -0.001101 0.000144 -0.002473
v -0.015238 0.000144 -0.002473
v -0.010080 0.000144 -0.002473
v -0.005650 0.000144 -0.002473
v -0.004134 0.000144 -0.002473
v -0.002617 0.000144 -0.002473
v -0.024257 0.000456 -0.001153
v -0.024257 0.000447 -0.001206
v -0.023112 0.000147 -0.000176
v -0.024013 0.000147 -0.000779
v -0.024000 0.000147 -0.000737
v -0.023969 0.000147 -0.000703
v -0.024013 0.000136 -0.001445
v -0.024013 0.000136 -0.001390
v -0.024101 0.000258 -0.001079
v -0.024047 0.000190 -0.001027
v -0.024047 0.000179 -0.001333
v -0.024101 0.000249 -0.001281
v 0.022828 0.000133 -0.000861
v 0.022848 0.000134 -0.000852
v 0.022857 0.000135 -0.000830
v -0.022025 0.000135 -0.000830
v -0.022017 0.000134 -0.000852
v -0.021996 0.000133 -0.000861
v 0.022830 0.000174 -0.000133
v 0.022857 0.000136 -0.000147
v 0.022857 0.000135 -0.000161
v -0.021998 0.000174 -0.000133
v -0.022025 0.000136 -0.000147
v 0.020750 0.000133 -0.000857
v -0.022025 0.000135 -0.000161
v 0.018240 0.000133 -0.000853
v -0.019918 0.000133 -0.000857
v -0.017408 0.000133 -0.000853
v -0.022014 0.000159 -0.000118
v 0.022845 0.000159 -0.000118
v -0.001051 0.000166 -0.000827
v 0.000416 0.000166 -0.000825
v 0.001883 0.000166 -0.000827
v 0.009179 0.000166 -0.000839
v 0.007353 0.000166 -0.000836
v 0.005017 0.000166 -0.000832
v 0.003246 0.000166 -0.000829
v -0.008347 0.000166 -0.000839
v -0.006522 0.000166 -0.000836
v -0.004185 0.000166 -0.000832
v -0.002415 0.000166 -0.000829
v 0.010890 0.000160 -0.000842
v 0.016065 0.000141 -0.000850
v -0.015233 0.000187 -0.000850
v -0.019918 0.000202 -0.000857
v -0.021998 0.000216 -0.000133
v -0.021996 0.000209 -0.000861
v -0.010059 0.000171 -0.000842
v -0.017395 0.000194 -0.000853
v -0.022014 0.000198 -0.000118
v -0.022025 0.000189 -0.000147
v -0.022025 0.000189 -0.000830
v -0.022017 0.000194 -0.000852
v -0.022029 0.000186 -0.000102
v -0.022025 0.000189 -0.000161
v 0.016070 0.027383 -0.002796
v 0.010912 0.027383 -0.002796
v 0.006482 0.027383 -0.002796
v 0.004965 0.027383 -0.002796
v 0.003449 0.027383 -0.002796
v 0.001932 0.027383 -0.002796
v 0.019108 0.027383 -0.002796
v 0.019337 0.027123 -0.002796
v 0.019271 0.027306 -0.002796
v 0.000416 0.027383 -0.002796
v 0.000416 0.004275 -0.002796
v 0.001932 0.004275 -0.002796
v 0.019104 0.004276 -0.002796
v 0.019263 0.004345 -0.002796
v 0.006482 0.004275 -0.002796
v 0.010912 0.004275 -0.002796
v 0.003449 0.004275 -0.002796
v 0.004965 0.004275 -0.002796
v 0.016070 0.004275 -0.002796
v 0.019337 0.004529 -0.002796
v 0.019337 0.010192 -0.002796
v -0.015238 0.027383 -0.002796
v -0.010080 0.027383 -0.002796
v -0.005650 0.027383 -0.002796
v -0.004134 0.027383 -0.002796
v -0.002617 0.027383 -0.002796
v -0.001101 0.027383 -0.002796
v -0.018277 0.027383 -0.002796
v -0.018506 0.027123 -0.002796
v -0.018439 0.027306 -0.002796
v -0.001101 0.004275 -0.002796
v -0.018272 0.004276 -0.002796
v -0.018431 0.004345 -0.002796
v -0.005650 0.004275 -0.002796
v -0.010080 0.004275 -0.002796
v -0.002617 0.004275 -0.002796
v -0.004134 0.004275 -0.002796
v -0.015238 0.004275 -0.002796
v -0.018506 0.004529 -0.002796
v -0.018506 0.010192 -0.002796
v 0.024814 0.000129 -0.002473
v 0.023901 0.000132 -0.000149
v 0.022892 0.000129 0.002064
v 0.023875 0.000129 0.002033
v 0.022861 0.000129 -0.000102
v 0.020709 0.000129 -0.002473
v 0.024845 0.000132 -0.000970
v 0.000416 0.000129 -0.002473
v 0.016070 0.000129 -0.002473
v 0.010912 0.000129 -0.002473
v 0.006482 0.000129 -0.002473
v 0.004965 0.000129 -0.002473
v 0.003449 0.000129 -0.002473
v 0.025089 0.000442 -0.001153
v 0.025089 0.000437 -0.001206
v 0.024845 0.000132 -0.000779
v 0.024933 0.000243 -0.001079
v 0.024878 0.000170 -0.001333
v -0.023982 0.000129 -0.002473
v -0.023069 0.000132 -0.000149
v -0.022060 0.000129 0.002064
v -0.023043 0.000129 0.002033
v -0.022029 0.000129 -0.000102
v -0.019877 0.000129 -0.002473
v -0.024013 0.000132 -0.000970
v -0.015238 0.000129 -0.002473
v -0.010080 0.000129 -0.002473
v -0.005650 0.000129 -0.002473
v -0.004134 0.000129 -0.002473
v -0.002617 0.000129 -0.002473
v -0.024257 0.000442 -0.001153
v -0.024257 0.000437 -0.001206
v -0.024013 0.000132 -0.000779
v -0.024101 0.000243 -0.001079
v -0.024047 0.000170 -0.001333
v 0.022848 0.000120 -0.000852
v 0.022857 0.000121 -0.000830
v -0.022017 0.000120 -0.000852
v -0.021996 0.000118 -0.000861
v -0.021998 0.000160 -0.000133
v -0.022025 0.000121 -0.000147
v 0.000416 0.000135 -0.000825
v 0.001883 0.000135 -0.000827
v -0.022025 0.000121 -0.000161
v -0.017411 0.000118 -0.000853
v -0.015233 0.000146 -0.000850
v -0.010058 0.000138 -0.000842
v -0.008341 0.000135 -0.000839
v -0.006525 0.000135 -0.000836
v -0.004185 0.000135 -0.000832
v -0.002414 0.000135 -0.000829
v -0.022014 0.000145 -0.000118
v 0.024845 0.000132 -0.002442
v 0.023875 0.000129 -0.000102
v 0.022861 0.000129 0.002033
v 0.023844 0.000129 0.002064
v 0.024680 0.000129 -0.002473
v 0.001932 0.000129 -0.002473
v 0.023943 0.000132 -0.000175
v 0.024832 0.000132 -0.000737
v 0.024801 0.000132 -0.000703
v 0.024845 0.000127 -0.001445
v 0.024845 0.000127 -0.001390
v 0.024879 0.000175 -0.001027
v 0.024933 0.000239 -0.001281
v -0.024013 0.000132 -0.002442
v -0.023043 0.000129 -0.000102
v -0.022029 0.000129 0.002033
v -0.023012 0.000129 0.002064
v -0.023848 0.000129 -0.002473
v -0.001101 0.000129 -0.002473
v -0.023112 0.000132 -0.000175
v -0.024000 0.000132 -0.000737
v -0.023969 0.000132 -0.000703
v -0.024013 0.000127 -0.001445
v -0.024013 0.000127 -0.001390
v -0.024047 0.000175 -0.001027
v -0.024101 0.000239 -0.001281
v 0.022828 0.000118 -0.000861
v -0.022025 0.000121 -0.000830
v 0.022830 0.000160 -0.000133
v 0.022857 0.000121 -0.000147
v 0.022857 0.000121 -0.000161
v 0.020750 0.000118 -0.000857
v 0.018243 0.000118 -0.000853
v -0.019918 0.000118 -0.000857
v 0.022845 0.000145 -0.000118
v -0.001051 0.000135 -0.000827
v 0.009173 0.000135 -0.000839
v 0.007357 0.000135 -0.000836
v 0.005017 0.000135 -0.000832
v 0.003246 0.000135 -0.000829
v 0.010890 0.000132 -0.000842
v 0.016065 0.000122 -0.000850
v -0.001050 0.004191 -0.000827
v 0.009265 0.004191 -0.000839
v 0.006934 0.004191 -0.000835
v 0.005005 0.004191 -0.000832
v 0.003322 0.004191 -0.000829
v 0.000416 0.004191 -0.000825
v 0.001881 0.004191 -0.000827
v -0.008265 0.004191 -0.000839
v -0.006102 0.004191 -0.000835
v -0.004173 0.004191 -0.000832
v -0.002490 0.004191 -0.000829
v 0.002589 0.013380 0.002586
v -0.001751 0.013393 0.002586
v -0.000333 0.016343 0.002586
v -0.001741 0.015013 0.002586
v -0.001924 0.014148 0.002586
v 0.002751 0.014132 0.002586
v 0.001164 0.016342 0.002586
v 0.002022 0.015824 0.002586
v 0.000416 0.016493 0.002586
v 0.001376 0.016245 0.002586
v 0.002575 0.015012 0.002586
v 0.002557 0.015106 0.002586
v 0.000416 0.011864 0.002586
v -0.000492 0.012046 0.002586
v -0.000585 0.016263 0.002586
v -0.001212 0.015849 0.002586
v 0.001321 0.012053 0.002586
v -0.001290 0.012596 0.002586
v 0.002119 0.012598 0.002586
v -0.001715 0.015098 0.002586
vn -0.0000 -0.0469 -0.9989
vn -0.0000 -0.0000 1.0000
vn -0.0000 -0.0000 -1.0000
vn -0.0000 1.0000 -0.0000
vn 0.9239 -0.0000 -0.3827
vn -0.0000 -1.0000 -0.0000
vn 0.1933 0.9811 -0.0000
vn 0.9385 0.3452 -0.0000
vn 0.6383 0.7698 -0.0000
vn 0.9978 0.0656 -0.0000
vn 0.0223 -0.0134 -0.9997
vn -0.0000 -0.8548 -0.5190
vn -0.0000 -0.2518 -0.9678
vn -0.0000 -0.6077 -0.7941
vn -0.1146 -0.8456 -0.5213
vn -0.0404 -0.2528 -0.9667
vn -0.1025 -0.6104 -0.7854
vn -0.1279 -0.6564 -0.7435
vn -0.0117 -0.1942 -0.9809
vn -0.0442 -0.3276 -0.9438
vn 0.0040 -0.1449 -0.9894
vn 0.0504 -0.0123 -0.9987
vn -0.0093 -0.2620 -0.9650
vn -0.0348 -0.2322 -0.9720
vn -0.1692 -0.7567 -0.6315
vn -0.0978 -0.4688 -0.8779
vn -0.0168 -0.2504 -0.9680
vn -0.0538 -0.8524 -0.5202
vn -0.0392 -0.6056 -0.7948
vn -0.1762 -0.8207 -0.5435
vn -0.0523 -0.2438 -0.9684
vn -0.1207 -0.5352 -0.8361
vn 0.0570 0.1764 -0.9827
vn 0.1163 0.5732 -0.8111
vn 0.0253 0.1387 -0.9900
vn 0.0845 0.4378 -0.8951
vn -0.0000 0.5364 -0.8440
vn -0.0000 0.0607 -0.9982
vn -0.0000 0.1976 -0.9803
vn -0.0002 -0.9674 -0.2534
vn -0.0001 -0.1474 -0.9891
vn -0.0002 -0.6266 -0.7794
vn 0.0023 0.1604 -0.9871
vn 0.0084 0.5843 -0.8115
vn 0.0014 0.4512 -0.8924
vn 0.1147 -0.0000 -0.9934
vn 0.6269 -0.0000 -0.7791
vn 0.3892 -0.0000 -0.9211
vn 0.1298 0.4989 -0.8569
vn 0.1286 0.1226 -0.9841
vn 0.1298 0.3779 -0.9167
vn 0.1331 0.4925 -0.8601
vn 0.1200 0.2087 -0.9706
vn 0.1304 0.3660 -0.9214
vn 0.0662 0.5112 -0.8569
vn 0.0495 0.1320 -0.9900
vn 0.0567 0.2549 -0.9653
vn 0.0669 0.5540 -0.8298
vn 0.0601 0.4802 -0.8751
vn 0.1361 0.1662 -0.9767
vn 0.1372 0.4918 -0.8598
vn 0.1350 0.3701 -0.9191
vn 0.0100 0.0727 -0.9973
vn 0.0271 0.5250 -0.8507
vn 0.0175 0.2071 -0.9782
vn 0.0960 0.1979 -0.9755
vn 0.1153 0.4982 -0.8594
vn 0.1087 0.3229 -0.9402
vn 0.0972 0.1019 -0.9900
vn 0.4068 0.4039 -0.8194
vn 0.2982 0.2970 -0.9071
vn 0.1133 0.0318 -0.9930
vn 0.5855 0.1627 -0.7942
vn 0.3777 0.1047 -0.9200
vn 0.6194 0.0504 -0.7835
vn 0.1163 0.0076 -0.9932
vn 0.3856 0.0327 -0.9221
vn -0.0000 -0.9823 0.1872
vn 0.1175 0.5201 -0.8460
vn 0.1176 0.4347 -0.8929
vn 0.1148 0.1482 -0.9823
vn -0.0504 -0.8302 -0.5553
vn -0.0050 -0.1314 -0.9913
vn -0.0295 -0.5205 -0.8533
vn -0.0000 -0.1428 -0.9898
vn -0.0000 -0.8356 -0.5493
vn -0.0000 -0.5274 -0.8496
vn -0.1620 -0.8052 -0.5704
vn 0.0283 -0.0613 -0.9977
vn -0.0687 -0.4965 -0.8653
vn 0.0062 -0.0947 -0.9955
vn -0.1122 -0.8176 -0.5648
vn -0.0509 -0.5072 -0.8603
vn 0.1344 -0.0336 -0.9904
vn -0.1321 -0.7537 -0.6438
vn 0.0057 -0.4383 -0.8988
vn 0.0796 -0.0418 -0.9960
vn -0.1346 -0.7723 -0.6208
vn -0.0034 -0.4223 -0.9065
vn 0.1794 -0.1794 0.9673
vn 0.1794 -0.9673 0.1794
vn 0.9673 -0.1794 0.1794
vn 0.1726 -0.6965 0.6965
vn 0.5773 -0.5774 0.5773
vn 0.6965 -0.6965 0.1726
vn 0.6965 -0.1726 0.6965
vn 0.1734 -0.9444 0.2795
vn 0.0472 -0.0473 0.9978
vn 0.9519 -0.1521 0.2661
vn 0.0690 -0.6351 0.7694
vn 0.3562 -0.3277 0.8751
vn 0.6232 -0.0512 0.7804
vn 0.6677 -0.6663 0.3320
vn 0.2480 -0.9545 0.1656
vn 0.1574 -0.1634 0.9739
vn 0.9962 -0.0647 0.0577
vn 0.2529 -0.6648 0.7029
vn 0.7927 -0.4067 0.4540
vn 0.6317 -0.0725 0.7718
vn 0.7561 -0.6511 0.0663
vn -0.1230 -0.9684 -0.2170
vn 0.2176 -0.9760 -0.0002
vn -0.2531 -0.9627 -0.0958
vn 0.1345 -0.1918 0.9722
vn 0.9476 -0.2943 0.1244
vn 0.0745 -0.9956 0.0572
vn 0.6872 -0.4127 0.5979
vn 0.4376 -0.8033 0.4041
vn 0.6026 -0.7897 0.1150
vn 0.1615 -0.7007 0.6949
vn -0.0000 0.9448 0.3277
vn -0.0003 0.7864 0.6177
vn -0.0003 0.7863 -0.6179
vn -0.0000 0.9448 -0.3278
vn -0.0000 0.9450 0.3270
vn -0.0000 0.7863 -0.6179
vn -0.0000 0.7863 0.6179
vn -0.0000 0.9450 -0.3270
vn -0.0000 0.9448 0.3275
vn -0.0000 0.7863 0.6178
vn -0.0000 0.7862 -0.6180
vn -0.0000 0.9448 -0.3276
vn 0.9605 -0.0000 0.2784
vn 0.8377 -0.0000 -0.5461
vn 0.8377 -0.0000 0.5462
vn 0.9607 -0.0000 -0.2777
vn -0.0000 0.9450 0.3272
vn -0.0000 0.7862 -0.6179
vn -0.0000 0.9450 -0.3272
vn -0.0000 0.9450 0.3271
vn -0.0000 0.9450 -0.3271
vn -0.0000 0.9449 0.3274
vn -0.0000 0.9449 -0.3274
vn 0.1781 0.9323 0.3147
vn 0.1944 0.7068 -0.6802
vn 0.1945 0.7070 0.6799
vn 0.1781 0.9323 -0.3147
vn 0.6097 0.7260 -0.3180
vn 0.4899 0.5661 0.6629
vn 0.4897 0.5659 -0.6633
vn 0.6097 0.7261 0.3180
vn 0.8914 0.3356 -0.3047
vn 0.6837 0.3437 -0.6438
vn 0.6839 0.3438 0.6434
vn 0.8914 0.3356 0.3047
vn 0.9600 0.0596 -0.2735
vn 0.7903 0.1203 -0.6008
vn 0.7904 0.1200 0.6008
vn 0.9600 0.0595 0.2736
vn -0.0000 0.9449 0.3273
vn -0.0000 0.9449 -0.3273
vn -0.3031 -0.4421 -0.8442
vn -0.8218 -0.4727 -0.3182
vn 0.0005 -0.4173 0.9088
vn 0.0013 -0.9372 0.3487
vn -0.0000 -0.3827 0.9239
vn -0.0000 -0.9239 0.3827
vn -0.8951 -0.3722 -0.2456
vn -0.6645 -0.3492 -0.6607
vn -0.4703 -0.8567 -0.2117
vn -0.8977 -0.3584 0.2564
vn -0.2582 -0.5338 0.8052
vn -0.0991 -0.9879 0.1196
vn -0.5079 -0.8613 0.0100
vn -0.9662 -0.2576 0.0039
vn -0.0000 -0.9775 0.2109
vn -0.0000 -0.9240 -0.3823
vn -0.0000 -0.9271 0.3749
vn -0.0000 -0.3904 0.9206
vn 0.8554 -0.3495 -0.3823
vn 0.3504 -0.8593 -0.3726
vn 0.2899 -0.4532 -0.8430
vn 0.1859 -0.9757 -0.1162
vn 0.8255 -0.4790 -0.2986
vn 0.9601 -0.2771 -0.0364
vn 0.6419 -0.6436 0.4168
vn 0.8269 -0.4614 -0.3214
vn 0.3416 -0.3416 -0.8756
vn 0.8756 -0.3416 -0.3416
vn 0.3416 -0.8756 -0.3416
vn -0.3486 -0.3535 -0.8681
vn -0.2988 -0.8930 -0.3365
vn -0.8630 -0.3765 -0.3368
vn -0.8535 -0.4831 -0.1951
vn -0.2428 -0.9672 -0.0753
vn -0.6139 -0.5180 -0.5957
vn -0.3063 -0.9483 0.0835
vn -0.9239 -0.3827 -0.0000
vn -0.8756 -0.3416 0.3416
vn -0.3416 -0.8756 0.3416
vn -0.3416 -0.3416 0.8756
vn -0.0000 -0.4037 0.9149
vn -0.0000 -0.9324 0.3615
vn -0.0000 -0.3957 0.9184
vn -0.0000 -0.9292 0.3695
vn -0.0000 -0.3917 0.9201
vn -0.0000 -0.9276 0.3737
vn 0.0001 -0.9347 0.3553
vn -0.0000 -0.4097 0.9122
vn -0.0000 -0.9306 0.3661
vn -0.0000 -0.3991 0.9169
vn -0.0000 -0.9272 0.3746
vn -0.0000 -0.3907 0.9205
vn 0.0001 -0.9282 0.3720
vn -0.0000 -0.3933 0.9194
vn -0.3941 -0.8556 -0.3356
vn -0.8743 -0.3638 -0.3213
vn -0.7458 -0.2217 0.6281
vn -0.2971 -0.6607 0.6893
vn -0.2912 -0.6711 -0.6818
vn -0.7441 -0.2247 -0.6291
vn -0.9011 -0.2911 0.3213
vn -0.4519 -0.8220 0.3466
vn -0.3063 -0.9483 -0.0835
vn -0.8771 -0.4167 -0.2389
vn -0.3737 -0.8970 0.2360
vn -0.7840 -0.3743 0.4952
vn -0.3738 -0.8970 -0.2360
vn -0.7841 -0.3743 -0.4951
vn -0.8771 -0.4167 0.2390
vn -0.0000 0.1951 0.9808
vn -0.0000 0.9808 0.1951
vn -0.0000 0.7071 0.7071
vn 0.9596 -0.1633 0.2291
vn 0.1576 -0.9584 0.2381
vn 0.0510 -0.0508 0.9974
vn 0.6696 -0.6754 0.3089
vn 0.3851 -0.4041 0.8297
vn 0.0775 -0.6315 0.7715
vn 0.6318 -0.0853 0.7704
vn 0.9689 -0.1739 0.1762
vn 0.1841 -0.1835 0.9656
vn 0.1810 -0.9675 0.1764
vn 0.7031 -0.1740 0.6895
vn 0.5854 -0.5785 0.5680
vn 0.1785 -0.7016 0.6899
vn 0.7018 -0.6932 0.1641
vn 0.9818 -0.1898 0.0001
vn 0.2006 -0.9797 0.0001
vn 0.7149 -0.6992 0.0002
vn 0.1982 -0.9802 -0.0001
vn 0.9816 -0.1907 -0.0001
vn 0.7120 -0.7022 -0.0002
vn 0.9807 -0.1798 -0.0771
vn 0.2495 -0.9600 -0.1274
vn 0.7728 -0.1422 -0.6186
vn 0.7192 -0.6883 -0.0944
vn 0.7874 -0.5222 -0.3277
vn 0.6130 -0.6373 -0.4670
vn 0.9270 -0.1353 -0.3497
vn 0.1286 -0.9902 -0.0537
vn 0.9022 -0.2171 -0.3727
vn 0.5872 -0.7723 -0.2424
vn 0.0415 0.2104 0.9767
vn 0.1897 0.9625 0.1938
vn 0.1401 0.7111 0.6890
vn 0.2033 0.0748 0.9763
vn 0.9207 0.3386 0.1942
vn 0.6817 0.2507 0.6873
vn 0.1414 0.1705 0.9752
vn 0.6259 0.7548 0.1960
vn 0.4657 0.5616 0.6838
vn 0.1340 0.6752 -0.7254
vn 0.1908 0.9722 -0.1355
vn 0.1717 0.8728 -0.4569
vn 0.6292 0.7660 -0.1317
vn 0.4598 0.5295 -0.7129
vn 0.5701 0.6907 -0.4449
vn 0.9297 0.3502 -0.1143
vn 0.7142 0.2416 -0.6570
vn 0.8583 0.3211 -0.4002
vn 0.0244 0.7756 -0.6307
vn 0.0164 0.8304 -0.5569
vn 0.0241 0.6057 -0.7953
vn 0.0001 0.9908 -0.1354
vn 0.0002 0.6839 -0.7296
vn 0.0003 0.8868 -0.4622
vn 0.1183 0.6089 -0.7843
vn 0.0218 0.9892 -0.1452
vn 0.0758 0.8612 -0.5026
vn -0.0000 0.5826 -0.8127
vn -0.0000 0.7875 -0.6163
vn -0.0000 0.3200 -0.9474
vn 0.0755 0.6334 -0.7701
vn 0.0150 0.9900 -0.1400
vn 0.0531 0.8708 -0.4888
vn 0.0050 0.9909 -0.1342
vn 0.0204 0.6698 -0.7422
vn 0.0175 0.8838 -0.4675
vn 0.0170 0.9684 -0.2490
vn 0.0546 0.7426 -0.6675
vn 0.0362 0.8399 -0.5415
vn 0.0211 0.9892 -0.1452
vn 0.1171 0.6184 -0.7771
vn 0.0723 0.8639 -0.4984
vn 0.0153 0.9894 -0.1442
vn 0.0898 0.6911 -0.7171
vn 0.0489 0.8841 -0.4648
vn 0.1071 0.6454 -0.7563
vn 0.0177 0.9901 -0.1395
vn 0.0615 0.8748 -0.4805
vn 0.2019 0.0133 0.9793
vn 0.9789 0.0643 0.1940
vn 0.7127 0.0468 0.6999
vn 0.9927 0.0660 -0.1006
vn 0.7834 0.0538 -0.6192
vn 0.9297 0.0620 -0.3629
vn 0.0223 -0.1075 -0.9940
vn 0.0773 -0.0252 -0.9967
vn 0.0466 -0.0544 -0.9974
vn 0.1280 -0.9122 -0.3893
vn 0.5918 -0.1472 -0.7926
vn 0.4250 -0.5678 -0.7050
vn 0.0874 -0.5075 -0.8572
vn 0.3318 -0.0815 -0.9398
vn 0.2186 -0.2648 -0.9392
vn 0.1164 -0.0176 -0.9931
vn 0.0112 -0.1475 -0.9890
vn 0.0709 -0.0917 -0.9933
vn 0.6135 -0.1513 -0.7750
vn 0.1411 -0.9041 -0.4033
vn 0.4581 -0.6013 -0.6547
vn 0.0586 -0.5891 -0.8059
vn 0.3717 -0.0834 -0.9246
vn 0.2542 -0.3577 -0.8986
vn 0.0210 0.9890 -0.1462
vn 0.1111 0.6094 -0.7851
vn 0.0723 0.8606 -0.5041
vn 0.2403 -0.9702 0.0316
vn 0.0305 -0.9647 0.2616
vn 0.1667 -0.9718 0.1667
vn 0.9461 -0.2511 0.2046
vn 0.2045 -0.2574 0.9444
vn 0.6784 -0.2818 0.6785
vn 0.1261 -0.7147 0.6880
vn 0.6899 -0.7125 0.1279
vn 0.4679 -0.7498 0.4679
vn 0.9262 -0.2025 -0.3180
vn 0.1990 -0.9146 -0.3521
vn 0.6606 -0.6611 -0.3558
vn 0.1397 -0.7652 0.6284
vn 0.7957 -0.1279 0.5921
vn 0.5255 -0.5048 0.6849
vn 0.7950 -0.1279 -0.5930
vn 0.1424 -0.7626 -0.6310
vn 0.5246 -0.5008 -0.6885
vn 0.1901 -0.9173 0.3499
vn 0.9243 -0.2116 0.3178
vn 0.6490 -0.6736 0.3538
vn 0.1675 -0.9124 -0.3735
vn 0.9350 -0.1512 -0.3208
vn 0.6580 -0.6238 -0.4218
vn 0.8166 -0.1697 0.5517
vn 0.1747 -0.8069 0.5642
vn 0.5992 -0.5869 0.5445
vn 0.1753 -0.8072 -0.5636
vn 0.8169 -0.1700 -0.5512
vn 0.5997 -0.5872 -0.5436
vn 0.9349 -0.1517 0.3210
vn 0.1667 -0.9126 0.3734
vn 0.6568 -0.6248 0.4222
vn -0.0000 -0.1948 -0.9808
vn -0.0000 -0.9807 -0.1954
vn -0.0000 -0.7067 -0.7075
vn 0.0001 -0.1938 -0.9811
vn -0.0000 -0.9805 -0.1965
vn 0.0001 -0.7051 -0.7091
vn 0.9081 -0.2024 -0.3665
vn 0.2016 -0.9743 -0.1002
vn 0.6696 -0.6858 -0.2851
vn -0.0000 -0.9806 -0.1959
vn -0.0000 -0.7059 -0.7083
vn -0.0000 -0.9807 -0.1956
vn -0.0000 -0.7064 -0.7078
vn -0.0000 -0.7066 -0.7076
vn -0.0000 -0.9806 -0.1961
vn -0.0000 -0.7056 -0.7086
vn -0.0000 -0.9807 -0.1957
vn -0.0000 -0.7062 -0.7080
vn -0.0000 -0.9807 -0.1955
vn -0.0000 -0.7065 -0.7077
vn 0.0398 -0.9715 -0.2337
vn 0.1034 -0.1793 -0.9783
vn 0.0879 -0.6710 -0.7362
vn 0.6245 -0.1724 -0.7617
vn 0.1423 -0.9698 -0.1982
vn 0.4686 -0.6613 -0.5857
vn 0.3843 -0.1593 -0.9094
vn 0.0988 -0.9667 -0.2360
vn 0.3006 -0.6343 -0.7122
vn 0.0394 -0.1329 0.9903
vn 0.1155 -0.0282 0.9929
vn 0.0828 -0.0771 0.9936
vn 0.8968 -0.2931 0.3315
vn 0.0712 -0.4076 0.9104
vn 0.5148 -0.1493 0.8442
vn 0.2185 -0.4600 0.8606
vn 0.9052 -0.2833 -0.3168
vn 0.2780 -0.8999 -0.3360
vn 0.6628 -0.6651 -0.3439
vn 0.1357 -0.7748 0.6175
vn 0.7889 -0.1372 0.5991
vn 0.5152 -0.5164 0.6840
vn 0.7900 -0.1360 -0.5979
vn 0.1364 -0.7745 -0.6177
vn 0.5176 -0.5153 -0.6830
vn 0.1858 -0.9232 0.3364
vn 0.9221 -0.2181 0.3197
vn 0.6423 -0.6826 0.3486
vn -0.0000 -0.9805 0.1963
vn -0.0000 -0.1939 0.9810
vn -0.0000 -0.7053 0.7089
vn -0.0000 -0.9801 0.1986
vn -0.0000 -0.1917 0.9815
vn -0.0000 -0.7021 0.7120
vn -0.0000 -0.9804 0.1972
vn -0.0000 -0.1930 0.9812
vn -0.0000 -0.7041 0.7101
vn -0.0000 -0.9805 0.1965
vn -0.0000 -0.1937 0.9811
vn -0.0000 -0.7050 0.7092
vn 0.0004 -0.9819 0.1892
vn 0.0002 -0.2008 0.9796
vn 0.0007 -0.7152 0.6989
vn -0.0000 -0.1924 0.9813
vn -0.0000 -0.9802 0.1978
vn -0.0000 -0.7033 0.7109
vn -0.0000 -0.1938 0.9810
vn -0.0000 -0.9805 0.1964
vn -0.0000 -0.7053 0.7090
vn -0.0000 -0.1934 0.9811
vn -0.0000 -0.9804 0.1968
vn -0.0000 -0.7047 0.7096
vn 0.0002 -0.1944 0.9809
vn 0.0004 -0.9806 0.1961
vn 0.0006 -0.7060 0.7082
vn 0.9725 -0.0443 0.2288
vn 0.9716 -0.2332 0.0395
vn 0.9705 -0.1763 0.1647
vn 0.2156 -0.2305 0.9489
vn 0.2411 -0.9516 0.1908
vn 0.2546 -0.7045 0.6625
vn 0.7335 -0.6662 0.1348
vn 0.6957 -0.1776 0.6960
vn 0.7031 -0.5423 0.4600
vn 0.9808 -0.0000 0.1951
vn 0.7071 -0.0000 0.7071
vn 0.1951 -0.0000 0.9808
vn 0.9835 -0.0411 0.1763
vn 0.1885 -0.0149 0.9820
vn 0.6931 -0.0544 0.7188
vn 0.0622 -0.9624 0.2643
vn -0.2180 -0.9094 -0.3542
vn 0.1928 -0.9809 0.0251
vn -0.3933 -0.9193 -0.0128
vn -0.1873 -0.9699 -0.1556
vn -0.4711 -0.4439 -0.7622
vn -0.4911 -0.3492 -0.7980
vn -0.1623 -0.9556 -0.2460
vn -0.7328 -0.6762 -0.0756
vn -0.5997 -0.7714 -0.2127
vn -0.2459 -0.7502 -0.6138
vn -0.5649 -0.6905 -0.4518
vn -0.6448 -0.7374 0.2014
vn 0.6415 -0.7243 0.2526
vn -0.8683 -0.4958 0.0128
vn -0.7790 -0.5034 0.3739
vn -0.6239 -0.5016 0.5993
vn -0.6221 -0.5113 -0.5930
vn -0.6907 -0.6234 -0.3665
vn -0.3964 -0.6543 -0.6440
vn 0.1931 -0.6324 -0.7502
vn -0.0000 -0.7071 -0.7071
vn 0.6519 -0.6381 -0.4097
vn 0.5531 -0.7924 -0.2572
vn -0.1478 -0.8428 0.5175
vn -0.0000 -0.7194 0.6946
vn -0.0000 -0.7189 0.6951
vn 0.0016 -0.7582 0.6520
vn 0.0001 -0.7475 0.6643
vn 0.0001 -0.7387 0.6740
vn -0.0000 -0.7319 0.6814
vn 0.0001 -0.7269 0.6868
vn 0.0001 -0.7232 0.6906
vn -0.0000 -0.7208 0.6932
vn -0.9138 -0.3859 -0.1270
vn -0.5795 -0.3727 -0.7248
vn -0.7903 -0.4067 -0.4583
vn -0.3528 -0.9339 -0.0581
vn -0.2407 -0.9296 -0.2792
vn -0.2881 -0.9437 -0.1625
vn -0.4057 -0.9119 -0.0627
vn -0.2323 -0.9192 -0.3180
vn -0.3716 -0.8952 -0.2459
vn -0.9176 -0.3735 -0.1365
vn -0.6040 -0.3644 -0.7087
vn -0.8149 -0.3576 -0.4561
vn 0.0022 -0.9277 0.3734
vn 0.3207 -0.9434 0.0841
vn 0.1573 -0.9485 0.2750
vn 0.0873 -0.7506 0.6550
vn -0.4639 -0.6785 -0.5696
vn -0.7120 -0.6946 -0.1027
vn -0.6088 -0.7115 -0.3508
vn 0.4680 -0.6366 0.6130
vn -0.0000 -0.9494 0.3141
vn -0.0000 -0.9494 -0.3141
vn -0.0000 -0.8222 -0.5692
vn -0.0000 -0.8221 0.5693
vn -0.0011 -0.7070 -0.7072
vn -0.0006 -0.9239 -0.3827
vn 0.0003 -0.9773 0.2120
vn 0.0003 -0.9772 0.2121
vn -0.0011 -0.7071 -0.7071
vn 0.0003 -0.9773 0.2121
vn 0.0003 -0.9773 0.2119
vn 0.0003 -0.9773 0.2118
vn 0.2472 -0.9632 -0.1059
vn -1.0000 -0.0000 -0.0000
vn -0.8455 -0.0000 0.5340
vn -0.9649 -0.0000 0.2626
vn 0.8551 -0.4532 0.2518
vn 0.6739 -0.6739 -0.3029
vn 0.9141 -0.4054 -0.0000
vn 0.6303 -0.7763 -0.0000
vn 0.6077 -0.7593 -0.2325
vn -0.3029 -0.6739 0.6739
vn -0.0000 -0.7071 0.7071
vn 0.3029 -0.6739 -0.6739
vn -0.2824 -0.7044 -0.6512
vn -0.6172 -0.7345 -0.2821
vn -0.5672 -0.8126 -0.1339
vn -0.6739 -0.6739 0.3029
vn -0.7071 -0.7071 -0.0000
vn -0.5459 -0.7636 -0.3447
vn -0.5459 -0.7636 0.3448
vn -0.6699 -0.7197 -0.1826
vn -0.3969 -0.8458 -0.3565
vn -0.3188 -0.8031 -0.5033
vn -0.6945 -0.7118 -0.1052
vn -0.6210 -0.6897 -0.3726
vn -0.4430 -0.7120 -0.5448
vn -0.6699 -0.7197 0.1826
vn 0.1853 -0.7505 -0.6344
vn 0.0977 -0.9559 -0.2770
vn -0.0000 -0.9824 0.1870
vn 0.0001 -0.7189 0.6951
vn -0.0000 -0.9824 0.1867
vn 0.0001 -0.7194 0.6946
vn 0.0001 -0.2034 0.9791
vn 0.0001 -0.2038 0.9790
vn 0.1682 -0.0002 0.9857
vn 0.0055 -0.2093 0.9778
vn -0.0000 0.9449 -0.3275
vn 0.1935 -0.0008 0.9811
vn -0.0019 -0.1993 0.9799
vn 1.0000 -0.0000 -0.0000
vn -0.0000 0.6733 0.7394
vn -0.0001 0.3954 0.9185
vn -0.0001 0.3949 -0.9187
vn -0.0000 0.6730 -0.7397
vn -0.0000 0.3941 0.9191
vn -0.0000 0.6728 0.7398
vn -0.0000 0.6729 -0.7397
vn -0.0000 0.3943 -0.9190
vn -0.0000 0.6724 0.7402
vn -0.0000 0.3940 0.9191
vn -0.0000 0.3948 -0.9188
vn 0.7628 -0.0000 0.6466
vn 0.5413 -0.0000 0.8408
vn 0.7634 -0.0000 -0.6459
vn 0.5415 -0.0000 -0.8407
vn -0.0000 0.3938 0.9192
vn -0.0000 0.6725 0.7401
vn -0.0000 0.6729 -0.7398
vn -0.0000 0.3944 -0.9190
vn -0.0000 0.6727 0.7400
vn -0.0000 0.6728 0.7399
vn -0.0000 0.3936 0.9193
vn -0.0000 0.6721 0.7405
vn -0.0000 0.6728 -0.7398
vn -0.0000 0.3945 -0.9189
vn -0.0000 0.6726 0.7400
vn -0.0000 0.3939 0.9191
vn -0.0000 0.6727 0.7399
vn 0.0862 0.4017 0.9117
vn 0.1352 0.6729 0.7272
vn 0.1351 0.6723 -0.7278
vn 0.0860 0.4008 -0.9121
vn 0.2512 0.3147 -0.9154
vn 0.4276 0.5238 -0.7367
vn 0.4278 0.5241 0.7364
vn 0.2517 0.3153 0.9150
vn 0.6663 0.2370 -0.7070
vn 0.4166 0.1468 -0.8972
vn 0.4170 0.1470 0.8969
vn 0.6666 0.2372 0.7067
vn 0.7611 0.0511 -0.6466
vn 0.5225 0.0413 -0.8516
vn 0.5228 0.0414 0.8515
vn 0.7613 0.0511 0.6464
vn -0.0000 0.6723 0.7403
vn -0.0000 0.3937 0.9192
vn -0.0000 0.3944 -0.9189
vn -0.4760 -0.1325 -0.8694
vn -0.6687 -0.2205 -0.7100
vn -0.1653 -0.4117 -0.8962
vn -0.2551 -0.6079 -0.7519
vn -0.2853 -0.5870 0.7577
vn -0.1799 -0.4018 0.8979
vn -0.4832 -0.1194 0.8673
vn -0.6865 -0.1892 0.7020
vn -0.1956 -0.9393 -0.2818
vn -0.2697 -0.9379 -0.2181
vn -0.5172 -0.4031 -0.7550
vn -0.7197 -0.4005 -0.5671
vn -0.2689 -0.9382 0.2178
vn -0.1956 -0.9396 0.2808
vn -0.5149 -0.4037 0.7562
vn -0.7186 -0.4015 0.5678
vn 0.1205 -0.6374 -0.7610
vn 0.0744 -0.4235 -0.9029
vn 0.4954 -0.0745 -0.8655
vn 0.7054 -0.1227 -0.6981
vn 0.4518 -0.4296 -0.7819
vn 0.3006 -0.2770 -0.9126
vn 0.7041 -0.1269 0.6987
vn 0.4950 -0.0763 0.8655
vn 0.0733 -0.4247 0.9023
vn 0.1178 -0.6402 0.7592
vn 0.2980 -0.2813 0.9122
vn 0.4464 -0.4378 0.7804
vn 0.6863 -0.1221 -0.7170
vn 0.4527 -0.0837 -0.8877
vn 0.0790 -0.3903 -0.9173
vn 0.1211 -0.6173 -0.7773
vn 0.4199 -0.3996 -0.8149
vn 0.2561 -0.2436 -0.9354
vn 0.1208 -0.6174 0.7773
vn 0.0789 -0.3904 0.9173
vn 0.4526 -0.0838 0.8878
vn 0.6860 -0.1223 0.7173
vn 0.2558 -0.2437 0.9355
vn 0.4192 -0.3997 0.8151
vn 0.1405 -0.6587 -0.7392
vn 0.0787 -0.4480 -0.8906
vn 0.4885 -0.0821 -0.8687
vn 0.6952 -0.1471 -0.7036
vn 0.4574 -0.4552 -0.7639
vn 0.3027 -0.2955 -0.9061
vn 0.6969 -0.1329 0.7048
vn 0.4876 -0.0807 0.8693
vn 0.0730 -0.4493 0.8904
vn 0.1168 -0.6657 0.7370
vn 0.2941 -0.2964 0.9087
vn 0.4416 -0.4552 0.7732
vn -0.5245 -0.3608 0.7712
vn -0.3345 -0.2408 0.9111
vn -0.4745 -0.4161 -0.7757
vn -0.3112 -0.2649 -0.9127
vn -0.0001 -0.7114 -0.7028
vn -0.0001 -0.4841 -0.8750
vn -0.0000 -0.4836 0.8753
vn -0.0001 -0.7110 0.7032
vn -0.7836 -0.0000 0.6213
vn -0.5661 -0.0000 0.8243
vn -0.5459 -0.7168 0.4338
vn -0.3922 -0.7176 0.5755
vn -0.5471 -0.7156 -0.4343
vn -0.3933 -0.7164 -0.5762
vn -0.0000 0.3946 -0.9189
vn 0.0009 -0.0624 -0.9980
vn 0.0027 -0.0563 -0.9984
vn -0.0052 -0.0516 -0.9987
vn -0.0044 -0.0566 -0.9984
vn -0.0022 -0.0477 -0.9989
vn -0.0038 -0.0491 -0.9988
vn 0.0029 -0.0046 -1.0000
vn -0.0000 -0.1943 -0.9809
vn -0.0000 -0.1941 -0.9810
vn -0.0000 -0.1946 -0.9809
vn -0.0000 -0.1945 -0.9809
vn -0.0000 -0.1948 -0.9809
vn -0.0000 -0.1947 -0.9809
vn -0.0004 -0.4552 -0.8904
vn -0.0003 -0.9515 -0.3075
vn -0.0003 -0.4251 -0.9051
vn -0.0003 -0.9406 -0.3395
vn -0.0002 -0.4108 -0.9117
vn -0.0002 -0.9352 -0.3542
vn -0.9319 -0.1841 -0.3125
vn -0.1930 -0.9222 -0.3351
vn -0.2281 -0.2439 -0.9426
vn -0.5182 0.0004 -0.8552
vn -0.9714 0.0003 -0.2375
vn -0.0002 -0.9453 -0.3263
vn -0.0002 -0.4376 -0.8992
vn -0.0001 -0.9340 -0.3574
vn -0.0001 -0.4077 -0.9131
vn -0.0003 -0.9373 -0.3484
vn -0.0003 -0.4163 -0.9092
vn 0.0002 0.3491 -0.9371
vn 0.0001 0.9095 -0.4158
vn 0.0001 0.3615 -0.9324
vn 0.0001 0.9149 -0.4036
vn 0.0001 0.3681 -0.9298
vn 0.0001 0.9177 -0.3972
vn -0.9428 0.1920 -0.2725
vn -0.2141 0.2050 -0.9551
vn -0.2208 0.8592 -0.4615
vn 0.0001 0.9126 -0.4089
vn 0.0001 0.3561 -0.9344
vn -0.0000 0.9184 -0.3957
vn -0.0000 0.3696 -0.9292
vn 0.0001 0.9166 -0.3998
vn 0.0001 0.3655 -0.9308
vn -0.0000 0.9186 -0.3952
vn -0.0000 0.3701 -0.9290
vn -0.0000 -0.4066 -0.9136
vn -0.0000 -0.9336 -0.3584
vn -0.0000 -0.9239 -0.3827
vn -0.9239 -0.0000 -0.3827
vn -0.0000 0.9239 -0.3827
vn -0.8722 -0.2387 -0.4270
vn -0.2462 -0.8721 -0.4229
vn -0.8884 0.2399 -0.3915
vn -0.2403 0.8885 -0.3910
vn -0.4003 -0.0943 -0.9115
vn -0.0834 -0.4007 -0.9124
vn -0.6601 -0.6428 -0.3886
vn -0.6224 -0.6196 -0.4782
vn -0.6778 0.6097 -0.4110
vn -0.6454 0.6457 -0.4081
vn -0.4070 0.1140 -0.9063
vn -0.0768 0.2659 -0.9609
vn 0.9785 -0.2065 -0.0028
vn 0.9605 -0.0045 0.2784
vn -0.1933 0.9811 -0.0000
vn -0.9385 0.3452 -0.0000
vn -0.6383 0.7698 -0.0000
vn -0.9978 0.0656 -0.0000
vn -0.0213 -0.0139 -0.9997
vn 0.1146 -0.8456 -0.5213
vn 0.0404 -0.2528 -0.9667
vn 0.1025 -0.6104 -0.7854
vn 0.1279 -0.6564 -0.7435
vn 0.0117 -0.1942 -0.9809
vn 0.0442 -0.3276 -0.9438
vn -0.0027 -0.1539 -0.9881
vn -0.0504 -0.0123 -0.9987
vn 0.0093 -0.2620 -0.9650
vn 0.0348 -0.2322 -0.9720
vn 0.1692 -0.7567 -0.6315
vn 0.0978 -0.4688 -0.8779
vn 0.0168 -0.2504 -0.9680
vn 0.0538 -0.8524 -0.5202
vn 0.0392 -0.6056 -0.7948
vn 0.1762 -0.8207 -0.5435
vn 0.0523 -0.2438 -0.9684
vn 0.1207 -0.5352 -0.8361
vn -0.0572 0.1766 -0.9826
vn -0.1163 0.5732 -0.8111
vn -0.0253 0.1387 -0.9900
vn -0.0845 0.4378 -0.8951
vn 0.0002 -0.9674 -0.2534
vn 0.0001 -0.1474 -0.9891
vn 0.0002 -0.6266 -0.7794
vn -0.0023 0.1604 -0.9871
vn -0.0084 0.5843 -0.8115
vn -0.0014 0.4512 -0.8924
vn -0.1147 -0.0000 -0.9934
vn -0.6269 -0.0000 -0.7791
vn -0.3892 -0.0000 -0.9211
vn -0.1298 0.4989 -0.8569
vn -0.1286 0.1226 -0.9841
vn -0.1298 0.3779 -0.9167
vn -0.1331 0.4925 -0.8601
vn -0.1200 0.2087 -0.9706
vn -0.1304 0.3660 -0.9214
vn -0.0662 0.5112 -0.8569
vn -0.0495 0.1320 -0.9900
vn -0.0567 0.2549 -0.9653
vn -0.0669 0.5540 -0.8298
vn -0.0601 0.4802 -0.8751
vn -0.1361 0.1662 -0.9767
vn -0.1372 0.4918 -0.8598
vn -0.1350 0.3701 -0.9191
vn -0.0100 0.0727 -0.9973
vn -0.0271 0.5250 -0.8507
vn -0.0175 0.2071 -0.9782
vn -0.0960 0.1979 -0.9755
vn -0.1153 0.4982 -0.8594
vn -0.1087 0.3229 -0.9402
vn -0.0972 0.1019 -0.9900
vn -0.4068 0.4039 -0.8194
vn -0.2982 0.2970 -0.9071
vn -0.1133 0.0318 -0.9930
vn -0.5855 0.1627 -0.7942
vn -0.3777 0.1047 -0.9200
vn -0.6194 0.0504 -0.7835
vn -0.1163 0.0076 -0.9932
vn -0.3856 0.0327 -0.9221
vn -0.1175 0.5201 -0.8460
vn -0.1176 0.4347 -0.8929
vn -0.1150 0.1483 -0.9822
vn 0.0504 -0.8302 -0.5553
vn 0.0050 -0.1314 -0.9913
vn 0.0295 -0.5205 -0.8533
vn 0.1620 -0.8052 -0.5704
vn -0.0283 -0.0613 -0.9977
vn 0.0687 -0.4965 -0.8653
vn -0.0062 -0.0947 -0.9955
vn 0.1122 -0.8176 -0.5648
vn 0.0509 -0.5072 -0.8603
vn -0.1344 -0.0336 -0.9904
vn 0.1321 -0.7537 -0.6438
vn -0.0057 -0.4383 -0.8988
vn -0.0796 -0.0418 -0.9960
vn 0.1346 -0.7723 -0.6208
vn 0.0034 -0.4223 -0.9065
vn -0.1794 -0.1794 0.9673
vn -0.1794 -0.9673 0.1794
vn -0.9673 -0.1794 0.1794
vn -0.1726 -0.6965 0.6965
vn -0.5773 -0.5774 0.5774
vn -0.6965 -0.6965 0.1726
vn -0.6965 -0.1726 0.6965
vn -0.1734 -0.9444 0.2795
vn -0.0472 -0.0473 0.9978
vn -0.9519 -0.1521 0.2661
vn -0.0690 -0.6351 0.7694
vn -0.3562 -0.3277 0.8751
vn -0.6232 -0.0512 0.7804
vn -0.6677 -0.6663 0.3320
vn -0.2480 -0.9545 0.1656
vn -0.1574 -0.1634 0.9739
vn -0.9962 -0.0647 0.0577
vn -0.2529 -0.6648 0.7029
vn -0.7927 -0.4067 0.4540
vn -0.6317 -0.0725 0.7718
vn -0.7561 -0.6511 0.0663
vn 0.1230 -0.9684 -0.2170
vn -0.2176 -0.9760 -0.0002
vn 0.2531 -0.9627 -0.0958
vn -0.1345 -0.1918 0.9722
vn -0.9476 -0.2943 0.1245
vn -0.0745 -0.9956 0.0572
vn -0.6872 -0.4127 0.5979
vn -0.4376 -0.8033 0.4041
vn -0.6026 -0.7897 0.1150
vn -0.1615 -0.7007 0.6949
vn 0.0003 0.7864 0.6177
vn 0.0003 0.7863 -0.6179
vn -0.9605 -0.0000 0.2784
vn -0.8377 -0.0000 -0.5461
vn -0.8377 -0.0000 0.5462
vn -0.9607 -0.0000 -0.2777
vn -0.1781 0.9323 0.3147
vn -0.1944 0.7068 -0.6802
vn -0.1945 0.7070 0.6799
vn -0.1781 0.9323 -0.3147
vn -0.6097 0.7260 -0.3180
vn -0.4899 0.5661 0.6629
vn -0.4897 0.5659 -0.6633
vn -0.6097 0.7261 0.3180
vn -0.8914 0.3356 -0.3047
vn -0.6837 0.3437 -0.6438
vn -0.6839 0.3438 0.6434
vn -0.8914 0.3356 0.3047
vn -0.9600 0.0596 -0.2735
vn -0.7903 0.1203 -0.6008
vn -0.7904 0.1200 0.6008
vn -0.9600 0.0595 0.2736
vn 0.3031 -0.4421 -0.8442
vn 0.8218 -0.4727 -0.3182
vn -0.0005 -0.4173 0.9088
vn -0.0013 -0.9372 0.3487
vn 0.8951 -0.3722 -0.2456
vn 0.6645 -0.3492 -0.6607
vn 0.4703 -0.8567 -0.2117
vn 0.8977 -0.3584 0.2564
vn 0.2582 -0.5338 0.8052
vn 0.0991 -0.9879 0.1196
vn 0.5079 -0.8613 0.0100
vn 0.9662 -0.2576 0.0039
vn -0.8488 -0.3553 -0.3916
vn -0.3573 -0.8507 -0.3857
vn -0.2899 -0.4532 -0.8430
vn -0.1859 -0.9757 -0.1162
vn -0.8255 -0.4790 -0.2986
vn -0.9601 -0.2771 -0.0364
vn -0.6418 -0.6437 0.4168
vn -0.8269 -0.4614 -0.3214
vn -0.3416 -0.3416 -0.8756
vn -0.8756 -0.3416 -0.3416
vn -0.3416 -0.8756 -0.3416
vn 0.3486 -0.3535 -0.8681
vn 0.2988 -0.8930 -0.3365
vn 0.8630 -0.3765 -0.3368
vn 0.8535 -0.4831 -0.1951
vn 0.2428 -0.9672 -0.0753
vn 0.6139 -0.5180 -0.5957
vn 0.3063 -0.9483 0.0835
vn 0.9239 -0.3827 -0.0000
vn 0.8756 -0.3416 0.3416
vn 0.3416 -0.8756 0.3416
vn 0.3416 -0.3416 0.8756
vn -0.0001 -0.9347 0.3553
vn -0.0001 -0.9282 0.3720
vn 0.3941 -0.8556 -0.3356
vn 0.8743 -0.3638 -0.3213
vn 0.7458 -0.2217 0.6281
vn 0.2971 -0.6607 0.6893
vn 0.2912 -0.6711 -0.6818
vn 0.7442 -0.2246 -0.6291
vn 0.9011 -0.2911 0.3213
vn 0.4519 -0.8220 0.3466
vn 0.3063 -0.9483 -0.0835
vn 0.8771 -0.4167 -0.2389
vn 0.3737 -0.8970 0.2360
vn 0.7840 -0.3743 0.4952
vn 0.3738 -0.8970 -0.2360
vn 0.7841 -0.3743 -0.4951
vn 0.8771 -0.4167 0.2390
vn -0.9596 -0.1633 0.2291
vn -0.1576 -0.9584 0.2381
vn -0.0510 -0.0508 0.9974
vn -0.6696 -0.6754 0.3089
vn -0.3851 -0.4041 0.8297
vn -0.0775 -0.6315 0.7715
vn -0.6318 -0.0853 0.7704
vn -0.9689 -0.1739 0.1762
vn -0.1841 -0.1835 0.9656
vn -0.1810 -0.9675 0.1764
vn -0.7031 -0.1740 0.6895
vn -0.5854 -0.5785 0.5680
vn -0.1785 -0.7016 0.6899
vn -0.7018 -0.6932 0.1641
vn -0.9818 -0.1898 0.0001
vn -0.2006 -0.9797 0.0001
vn -0.7149 -0.6992 0.0002
vn -0.1982 -0.9802 -0.0001
vn -0.9817 -0.1907 -0.0001
vn -0.7120 -0.7022 -0.0002
vn -0.9807 -0.1798 -0.0771
vn -0.2495 -0.9600 -0.1274
vn -0.7728 -0.1422 -0.6186
vn -0.7192 -0.6883 -0.0944
vn -0.7874 -0.5222 -0.3277
vn -0.6130 -0.6373 -0.4670
vn -0.9270 -0.1353 -0.3497
vn -0.1286 -0.9902 -0.0537
vn -0.9022 -0.2171 -0.3727
vn -0.5872 -0.7723 -0.2424
vn -0.0415 0.2104 0.9767
vn -0.1897 0.9625 0.1938
vn -0.1401 0.7111 0.6890
vn -0.2033 0.0748 0.9763
vn -0.9207 0.3386 0.1942
vn -0.6817 0.2507 0.6873
vn -0.1414 0.1705 0.9752
vn -0.6259 0.7548 0.1960
vn -0.4657 0.5616 0.6838
vn -0.1340 0.6752 -0.7254
vn -0.1908 0.9722 -0.1355
vn -0.1717 0.8728 -0.4569
vn -0.6292 0.7660 -0.1317
vn -0.4598 0.5295 -0.7129
vn -0.5701 0.6907 -0.4449
vn -0.9297 0.3502 -0.1143
vn -0.7142 0.2416 -0.6570
vn -0.8583 0.3211 -0.4002
vn -0.0244 0.7756 -0.6307
vn -0.0164 0.8304 -0.5569
vn -0.0241 0.6057 -0.7953
vn -0.0001 0.9908 -0.1354
vn -0.0002 0.6839 -0.7296
vn -0.0003 0.8868 -0.4622
vn -0.1183 0.6089 -0.7843
vn -0.0218 0.9892 -0.1452
vn -0.0758 0.8612 -0.5026
vn -0.0755 0.6334 -0.7701
vn -0.0150 0.9900 -0.1400
vn -0.0531 0.8708 -0.4888
vn -0.0050 0.9909 -0.1342
vn -0.0204 0.6698 -0.7422
vn -0.0175 0.8838 -0.4675
vn -0.0170 0.9684 -0.2490
vn -0.0546 0.7426 -0.6675
vn -0.0362 0.8399 -0.5415
vn -0.0211 0.9892 -0.1452
vn -0.1171 0.6184 -0.7771
vn -0.0723 0.8639 -0.4984
vn -0.0153 0.9894 -0.1442
vn -0.0898 0.6911 -0.7171
vn -0.0489 0.8841 -0.4648
vn -0.1071 0.6454 -0.7563
vn -0.0177 0.9901 -0.1395
vn -0.0615 0.8748 -0.4805
vn -0.2019 0.0133 0.9793
vn -0.9789 0.0643 0.1939
vn -0.7127 0.0468 0.6999
vn -0.9927 0.0660 -0.1006
vn -0.7834 0.0538 -0.6192
vn -0.9297 0.0620 -0.3629
vn -0.0223 -0.1075 -0.9940
vn -0.0773 -0.0252 -0.9967
vn -0.0466 -0.0544 -0.9974
vn -0.1280 -0.9122 -0.3893
vn -0.5918 -0.1472 -0.7926
vn -0.4250 -0.5678 -0.7050
vn -0.0874 -0.5075 -0.8572
vn -0.3318 -0.0815 -0.9398
vn -0.2186 -0.2648 -0.9392
vn -0.1164 -0.0176 -0.9931
vn -0.0112 -0.1475 -0.9890
vn -0.0709 -0.0917 -0.9933
vn -0.6135 -0.1513 -0.7750
vn -0.1411 -0.9041 -0.4033
vn -0.4581 -0.6013 -0.6547
vn -0.0586 -0.5891 -0.8059
vn -0.3717 -0.0834 -0.9246
vn -0.2542 -0.3577 -0.8986
vn -0.0210 0.9890 -0.1462
vn -0.1111 0.6094 -0.7851
vn -0.0723 0.8606 -0.5041
vn -0.2403 -0.9702 0.0316
vn -0.0305 -0.9647 0.2616
vn -0.1667 -0.9718 0.1667
vn -0.9461 -0.2511 0.2046
vn -0.2045 -0.2574 0.9444
vn -0.6784 -0.2818 0.6785
vn -0.1261 -0.7147 0.6880
vn -0.6899 -0.7125 0.1279
vn -0.4679 -0.7498 0.4679
vn -0.9262 -0.2025 -0.3180
vn -0.1990 -0.9146 -0.3521
vn -0.6606 -0.6611 -0.3558
vn -0.1397 -0.7652 0.6284
vn -0.7957 -0.1279 0.5921
vn -0.5255 -0.5048 0.6849
vn -0.7950 -0.1279 -0.5930
vn -0.1424 -0.7626 -0.6310
vn -0.5246 -0.5008 -0.6885
vn -0.1901 -0.9173 0.3499
vn -0.9243 -0.2116 0.3178
vn -0.6490 -0.6736 0.3538
vn -0.1675 -0.9124 -0.3735
vn -0.9350 -0.1512 -0.3208
vn -0.6580 -0.6238 -0.4218
vn -0.8166 -0.1697 0.5517
vn -0.1747 -0.8069 0.5642
vn -0.5992 -0.5869 0.5445
vn -0.1753 -0.8072 -0.5636
vn -0.8169 -0.1700 -0.5512
vn -0.5997 -0.5872 -0.5436
vn -0.9349 -0.1517 0.3210
vn -0.1667 -0.9126 0.3734
vn -0.6568 -0.6248 0.4222
vn -0.0001 -0.1938 -0.9811
vn -0.0001 -0.7051 -0.7091
vn -0.9081 -0.2024 -0.3665
vn -0.2016 -0.9743 -0.1002
vn -0.6696 -0.6858 -0.2851
vn -0.0398 -0.9715 -0.2337
vn -0.1034 -0.1793 -0.9783
vn -0.0879 -0.6710 -0.7362
vn -0.6246 -0.1724 -0.7617
vn -0.1423 -0.9698 -0.1982
vn -0.4686 -0.6613 -0.5857
vn -0.3843 -0.1593 -0.9094
vn -0.0988 -0.9667 -0.2360
vn -0.3006 -0.6343 -0.7122
vn -0.0394 -0.1329 0.9903
vn -0.1155 -0.0282 0.9929
vn -0.0828 -0.0771 0.9936
vn -0.8968 -0.2931 0.3315
vn -0.0712 -0.4076 0.9104
vn -0.5148 -0.1493 0.8442
vn -0.2185 -0.4600 0.8606
vn -0.9052 -0.2833 -0.3168
vn -0.2780 -0.8999 -0.3360
vn -0.6628 -0.6651 -0.3439
vn -0.1357 -0.7748 0.6175
vn -0.7889 -0.1372 0.5991
vn -0.5152 -0.5164 0.6840
vn -0.7900 -0.1360 -0.5979
vn -0.1364 -0.7745 -0.6177
vn -0.5176 -0.5153 -0.6830
vn -0.1858 -0.9232 0.3364
vn -0.9221 -0.2181 0.3197
vn -0.6423 -0.6826 0.3486
vn -0.0004 -0.9819 0.1892
vn -0.0002 -0.2008 0.9796
vn -0.0007 -0.7152 0.6989
vn -0.0002 -0.1944 0.9809
vn -0.0004 -0.9806 0.1961
vn -0.0006 -0.7060 0.7082
vn -0.9725 -0.0443 0.2288
vn -0.9716 -0.2332 0.0395
vn -0.9705 -0.1763 0.1647
vn -0.2156 -0.2305 0.9489
vn -0.2411 -0.9516 0.1908
vn -0.2546 -0.7045 0.6625
vn -0.7335 -0.6662 0.1348
vn -0.6957 -0.1776 0.6960
vn -0.7031 -0.5423 0.4600
vn -0.9808 -0.0000 0.1951
vn -0.7071 -0.0000 0.7071
vn -0.1951 -0.0000 0.9808
vn -0.9835 -0.0411 0.1763
vn -0.1885 -0.0149 0.9820
vn -0.6931 -0.0544 0.7188
vn -0.0622 -0.9624 0.2643
vn 0.2180 -0.9094 -0.3542
vn -0.1928 -0.9809 0.0251
vn 0.3932 -0.9193 -0.0128
vn 0.1873 -0.9699 -0.1556
vn 0.4711 -0.4439 -0.7622
vn 0.4911 -0.3492 -0.7980
vn 0.1623 -0.9556 -0.2460
vn 0.7328 -0.6762 -0.0756
vn 0.5997 -0.7714 -0.2127
vn 0.2459 -0.7502 -0.6138
vn 0.5649 -0.6905 -0.4518
vn 0.6448 -0.7374 0.2014
vn -0.6415 -0.7243 0.2526
vn 0.8683 -0.4958 0.0128
vn 0.7790 -0.5034 0.3739
vn 0.6239 -0.5016 0.5993
vn 0.6221 -0.5113 -0.5930
vn 0.6907 -0.6234 -0.3665
vn 0.3964 -0.6543 -0.6440
vn -0.1984 -0.6203 -0.7589
vn -0.6447 -0.6339 -0.4272
vn -0.5531 -0.7924 -0.2572
vn 0.1478 -0.8428 0.5175
vn -0.0016 -0.7582 0.6520
vn -0.0001 -0.7475 0.6643
vn -0.0001 -0.7387 0.6740
vn -0.0001 -0.7269 0.6868
vn -0.0001 -0.7232 0.6906
vn 0.9138 -0.3859 -0.1270
vn 0.5795 -0.3727 -0.7248
vn 0.7903 -0.4067 -0.4583
vn 0.3528 -0.9339 -0.0581
vn 0.2406 -0.9296 -0.2793
vn 0.2881 -0.9437 -0.1625
vn 0.4057 -0.9119 -0.0627
vn 0.2323 -0.9192 -0.3180
vn 0.3716 -0.8952 -0.2459
vn 0.9176 -0.3735 -0.1365
vn 0.6040 -0.3644 -0.7087
vn 0.8149 -0.3576 -0.4561
vn -0.0022 -0.9277 0.3734
vn -0.3207 -0.9434 0.0841
vn -0.1573 -0.9485 0.2750
vn -0.0873 -0.7506 0.6550
vn 0.4639 -0.6785 -0.5696
vn 0.7120 -0.6946 -0.1027
vn 0.6088 -0.7115 -0.3508
vn -0.4680 -0.6365 0.6130
vn 0.9511 -0.3088 -0.0000
vn 0.0011 -0.7071 -0.7071
vn 0.0006 -0.9239 -0.3827
vn -0.0003 -0.9772 0.2122
vn -0.0003 -0.9772 0.2121
vn -0.0003 -0.9773 0.2121
vn -0.0003 -0.9773 0.2120
vn -0.0003 -0.9773 0.2119
vn -0.0003 -0.9773 0.2118
vn -0.2472 -0.9632 -0.1058
vn 0.8455 -0.0000 0.5340
vn 0.9649 -0.0000 0.2626
vn -0.8551 -0.4532 0.2519
vn -0.6739 -0.6739 -0.3029
vn -0.6077 -0.7593 -0.2325
vn 0.3029 -0.6739 0.6739
vn -0.3029 -0.6739 -0.6739
vn 0.2824 -0.7044 -0.6512
vn 0.6172 -0.7345 -0.2821
vn 0.5672 -0.8126 -0.1339
vn 0.6739 -0.6739 0.3029
vn 0.7071 -0.7071 -0.0000
vn 0.5459 -0.7636 -0.3447
vn 0.5459 -0.7636 0.3448
vn 0.6699 -0.7197 -0.1826
vn 0.3969 -0.8458 -0.3565
vn 0.3188 -0.8031 -0.5033
vn 0.6945 -0.7118 -0.1052
vn 0.6210 -0.6897 -0.3726
vn 0.4430 -0.7120 -0.5448
vn 0.6699 -0.7197 0.1826
vn -0.1853 -0.7505 -0.6344
vn -0.0977 -0.9559 -0.2770
vn -0.0001 -0.7189 0.6951
vn -0.0001 -0.7194 0.6946
vn -0.0001 -0.2034 0.9791
vn -0.0001 -0.2038 0.9790
vn -0.1682 -0.0002 0.9857
vn -0.0055 -0.2093 0.9778
vn -0.1935 -0.0008 0.9811
vn 0.0019 -0.1993 0.9799
vn 0.0001 0.3954 0.9185
vn 0.0001 0.3949 -0.9187
vn -0.7628 -0.0000 0.6466
vn -0.5413 -0.0000 0.8408
vn -0.7634 -0.0000 -0.6459
vn -0.5415 -0.0000 -0.8407
vn -0.0862 0.4017 0.9117
vn -0.1352 0.6729 0.7272
vn -0.1351 0.6723 -0.7278
vn -0.0860 0.4008 -0.9121
vn -0.2512 0.3147 -0.9154
vn -0.4276 0.5238 -0.7367
vn -0.4278 0.5241 0.7364
vn -0.2517 0.3153 0.9150
vn -0.6663 0.2370 -0.7070
vn -0.4166 0.1468 -0.8972
vn -0.4170 0.1470 0.8969
vn -0.6666 0.2372 0.7067
vn -0.7611 0.0511 -0.6466
vn -0.5225 0.0413 -0.8516
vn -0.5228 0.0414 0.8515
vn -0.7613 0.0511 0.6464
vn 0.4760 -0.1325 -0.8694
vn 0.6687 -0.2205 -0.7100
vn 0.1653 -0.4117 -0.8962
vn 0.2551 -0.6079 -0.7519
vn 0.2853 -0.5870 0.7577
vn 0.1799 -0.4018 0.8979
vn 0.4832 -0.1194 0.8673
vn 0.6865 -0.1892 0.7020
vn 0.1956 -0.9393 -0.2818
vn 0.2697 -0.9379 -0.2181
vn 0.5172 -0.4031 -0.7550
vn 0.7197 -0.4005 -0.5671
vn 0.2689 -0.9382 0.2178
vn 0.1956 -0.9396 0.2808
vn 0.5149 -0.4037 0.7562
vn 0.7186 -0.4015 0.5678
vn -0.1205 -0.6374 -0.7610
vn -0.0744 -0.4235 -0.9029
vn -0.4954 -0.0745 -0.8655
vn -0.7054 -0.1227 -0.6981
vn -0.4518 -0.4296 -0.7819
vn -0.3006 -0.2770 -0.9126
vn -0.7041 -0.1269 0.6987
vn -0.4950 -0.0763 0.8655
vn -0.0733 -0.4247 0.9023
vn -0.1178 -0.6402 0.7592
vn -0.2980 -0.2813 0.9122
vn -0.4464 -0.4378 0.7804
vn -0.6863 -0.1221 -0.7170
vn -0.4527 -0.0837 -0.8877
vn -0.0790 -0.3903 -0.9173
vn -0.1211 -0.6173 -0.7773
vn -0.4199 -0.3996 -0.8149
vn -0.2561 -0.2436 -0.9354
vn -0.1208 -0.6174 0.7773
vn -0.0789 -0.3904 0.9173
vn -0.4526 -0.0838 0.8878
vn -0.6860 -0.1223 0.7173
vn -0.2559 -0.2437 0.9355
vn -0.4192 -0.3997 0.8151
vn -0.1405 -0.6587 -0.7392
vn -0.0787 -0.4480 -0.8906
vn -0.4885 -0.0821 -0.8687
vn -0.6952 -0.1471 -0.7037
vn -0.4574 -0.4552 -0.7639
vn -0.3027 -0.2955 -0.9061
vn -0.6969 -0.1329 0.7048
vn -0.4876 -0.0807 0.8693
vn -0.0730 -0.4493 0.8904
vn -0.1168 -0.6657 0.7370
vn -0.2941 -0.2964 0.9087
vn -0.4416 -0.4552 0.7732
vn 0.5245 -0.3608 0.7712
vn 0.3345 -0.2408 0.9111
vn 0.4744 -0.4161 -0.7757
vn 0.3112 -0.2649 -0.9127
vn 0.0001 -0.7114 -0.7028
vn 0.0001 -0.4841 -0.8750
vn 0.0001 -0.7110 0.7032
vn 0.7836 -0.0000 0.6213
vn 0.5661 -0.0000 0.8243
vn 0.5459 -0.7168 0.4338
vn 0.3922 -0.7176 0.5755
vn 0.5471 -0.7156 -0.4343
vn 0.3933 -0.7164 -0.5762
vn -0.0009 -0.0624 -0.9980
vn -0.0030 -0.0557 -0.9984
vn 0.0052 -0.0516 -0.9987
vn 0.0044 -0.0566 -0.9984
vn 0.0022 -0.0477 -0.9989
vn 0.0038 -0.0491 -0.9988
vn -0.0036 -0.0055 -1.0000
vn 0.0004 -0.4552 -0.8904
vn 0.0003 -0.9515 -0.3075
vn 0.0003 -0.4251 -0.9051
vn 0.0003 -0.9406 -0.3395
vn 0.0002 -0.4108 -0.9117
vn 0.0002 -0.9352 -0.3542
vn 0.9319 -0.1841 -0.3125
vn 0.1930 -0.9222 -0.3351
vn 0.2281 -0.2439 -0.9426
vn 0.5182 0.0004 -0.8552
vn 0.9714 0.0003 -0.2375
vn 0.0002 -0.9453 -0.3263
vn 0.0002 -0.4376 -0.8992
vn 0.0001 -0.9340 -0.3574
vn 0.0001 -0.4077 -0.9131
vn 0.0003 -0.9373 -0.3484
vn 0.0003 -0.4163 -0.9092
vn -0.0002 0.3491 -0.9371
vn -0.0001 0.9095 -0.4158
vn -0.0001 0.3615 -0.9324
vn -0.0001 0.9149 -0.4036
vn -0.0001 0.3681 -0.9298
vn -0.0001 0.9177 -0.3972
vn 0.9428 0.1920 -0.2725
vn 0.2140 0.2050 -0.9551
vn 0.2208 0.8592 -0.4615
vn -0.0001 0.9126 -0.4089
vn -0.0001 0.3561 -0.9344
vn -0.0001 0.9166 -0.3998
vn -0.0001 0.3655 -0.9308
vn 0.8722 -0.2387 -0.4270
vn 0.2462 -0.8721 -0.4229
vn 0.8884 0.2399 -0.3915
vn 0.2403 0.8885 -0.3910
vn 0.4003 -0.0943 -0.9115
vn 0.0834 -0.4007 -0.9124
vn 0.6601 -0.6428 -0.3886
vn 0.6224 -0.6196 -0.4782
vn 0.6778 0.6097 -0.4110
vn 0.6454 0.6457 -0.4081
vn 0.4070 0.1140 -0.9063
vn 0.0768 0.2659 -0.9609
vn -0.9785 -0.2065 -0.0028
vn -0.9605 -0.0045 0.2784
vn -0.3251 -0.0001 0.9457
vn -0.9801 0.0015 0.1985
vn -0.8244 0.0007 0.5659
vn -0.0015 0.3270 0.9450
vn 0.0010 0.9790 0.2037
vn 0.0005 0.8176 0.5758
vn 0.3252 -0.0001 0.9456
vn 0.9801 0.0015 0.1984
vn 0.8246 0.0007 0.5658
vn -0.0000 -0.2938 0.9559
vn -0.0000 -0.9718 0.2358
vn -0.0000 -0.7727 0.6348
vn 0.1342 -0.2693 0.9537
vn 0.4678 -0.8551 0.2234
vn 0.3783 -0.6933 0.6134
vn 0.8371 -0.5073 0.2047
vn 0.2674 -0.1721 0.9481
vn 0.6977 -0.4230 0.5782
vn 0.2837 0.1700 0.9437
vn 0.8329 0.5182 0.1940
vn 0.7052 0.4389 0.5568
vn 0.4676 0.8620 0.1955
vn 0.1524 0.2955 0.9431
vn 0.3957 0.7282 0.5597
vn -0.2674 -0.1721 0.9481
vn -0.8371 -0.5073 0.2047
vn -0.6976 -0.4230 0.5783
vn -0.4678 -0.8551 0.2234
vn -0.1342 -0.2693 0.9537
vn -0.3783 -0.6932 0.6134
vn -0.1531 0.2930 0.9438
vn -0.4668 0.8620 0.1974
vn -0.3945 0.7259 0.5634
vn -0.8329 0.5180 0.1949
vn -0.2833 0.1693 0.9440
vn -0.7044 0.4378 0.5587
vn -0.5006 0.0017 0.8657
vn -0.0000 -0.5007 0.8656
vn 0.5006 0.0017 0.8657
vn -0.0000 0.5006 0.8657
vn -0.3440 -0.3637 0.8657
vn 0.3440 -0.3637 0.8657
vn 0.3608 0.3471 0.8656
vn 0.1823 -0.4663 0.8656
vn -0.4601 -0.1970 0.8657
vn -0.4638 0.1887 0.8656
vn -0.1981 0.4597 0.8657
vn 0.1981 0.4597 0.8657
vn 0.4638 0.1887 0.8656
vn 0.4601 -0.1970 0.8657
vn -0.1823 -0.4663 0.8656
vn -0.3608 0.3471 0.8656
vn -0.1284 0.2979 0.9459
vn -0.0000 0.3244 0.9459
vn 0.1284 0.2979 0.9459
vn 0.2340 0.2251 0.9458
vn -0.3010 0.1224 0.9457
vn -0.3246 0.0011 0.9459
vn -0.2980 -0.1276 0.9460
vn -0.2230 -0.2358 0.9459
vn -0.1183 -0.3026 0.9457
vn -0.0000 -0.3249 0.9457
vn 0.1183 -0.3026 0.9457
vn 0.2230 -0.2358 0.9459
vn 0.2980 -0.1276 0.9460
vn 0.3246 0.0011 0.9459
vn 0.3010 0.1224 0.9457
vn -0.2340 0.2251 0.9458
vn 0.5982 -0.3637 0.7141
vn 0.7126 -0.0000 0.7016
vn 0.3419 0.6299 0.6973
vn -0.0000 0.7006 0.7136
vn -0.3174 -0.5821 0.7486
vn -0.0000 -0.6403 0.7681
vn -0.6111 0.3786 0.6951
vn -0.7124 -0.0000 0.7017
vn 0.3174 -0.5821 0.7486
vn 0.6122 0.3802 0.6933
vn -0.5981 -0.3636 0.7142
vn -0.3410 0.6265 0.7009
vn -0.9809 0.0016 0.1946
vn -0.2209 0.0005 0.9753
vn -0.7297 0.0013 0.6837
vn -0.0000 -0.9806 0.1959
vn -0.0000 -0.2159 0.9764
vn -0.0000 -0.7250 0.6887
vn -0.0000 0.9808 0.1950
vn -0.0000 0.2170 0.9762
vn -0.0000 0.7264 0.6873
vn 0.9809 0.0016 0.1946
vn 0.2209 0.0005 0.9753
vn 0.7298 0.0013 0.6837
vn 0.1878 -0.1151 0.9754
vn 0.8355 -0.5138 0.1949
vn 0.6212 -0.3818 0.6844
vn 0.1038 0.1925 0.9758
vn 0.4627 0.8649 0.1947
vn 0.3438 0.6416 0.6857
vn -0.1033 -0.1918 0.9760
vn -0.4618 -0.8652 0.1955
vn -0.3428 -0.6409 0.6868
vn -0.1878 0.1158 0.9754
vn -0.8349 0.5149 0.1945
vn -0.6210 0.3830 0.6839
vn 0.4618 -0.8652 0.1955
vn 0.1033 -0.1918 0.9760
vn 0.3428 -0.6409 0.6868
vn 0.8349 0.5149 0.1945
vn 0.1878 0.1158 0.9754
vn 0.6210 0.3830 0.6839
vn -0.8355 -0.5138 0.1949
vn -0.1878 -0.1151 0.9754
vn -0.6212 -0.3818 0.6844
vn -0.4627 0.8649 0.1947
vn -0.1038 0.1925 0.9758
vn -0.3438 0.6416 0.6857
vn -0.3770 0.3649 0.8513
vn -0.0648 0.0606 0.9961
vn -0.2290 0.2212 0.9480
vn -0.1895 -0.4823 0.8553
vn -0.0294 -0.0767 0.9966
vn -0.1111 -0.2829 0.9527
vn -0.0349 0.0816 0.9961
vn -0.2080 0.4812 0.8516
vn -0.1265 0.2923 0.9479
vn -0.0000 0.5236 0.8520
vn -0.0000 0.0881 0.9961
vn 0.0001 0.3170 0.9484
vn 0.0352 0.0821 0.9960
vn 0.2083 0.4817 0.8512
vn 0.1272 0.2934 0.9475
vn 0.3780 0.3657 0.8505
vn 0.0659 0.0614 0.9959
vn 0.2310 0.2229 0.9471
vn -0.4765 0.2014 0.8558
vn -0.0741 0.0260 0.9969
vn -0.2788 0.1160 0.9533
vn -0.0738 0.0005 0.9973
vn -0.5082 0.0009 0.8613
vn -0.2854 0.0006 0.9584
vn -0.4681 -0.2026 0.8601
vn -0.0699 -0.0288 0.9971
vn -0.2666 -0.1151 0.9569
vn -0.0559 -0.0576 0.9968
vn -0.3531 -0.3760 0.8567
vn -0.2058 -0.2188 0.9538
vn -0.0000 -0.0812 0.9967
vn -0.0000 -0.5171 0.8559
vn -0.0000 -0.3017 0.9534
vn 0.1887 -0.4819 0.8557
vn 0.0295 -0.0760 0.9967
vn 0.1103 -0.2817 0.9531
vn 0.0554 -0.0581 0.9968
vn 0.3539 -0.3751 0.8568
vn 0.2060 -0.2183 0.9539
vn 0.4662 -0.2042 0.8608
vn 0.0689 -0.0273 0.9973
vn 0.2643 -0.1150 0.9575
vn 0.0718 -0.0001 0.9974
vn 0.5056 0.0021 0.8628
vn 0.2806 0.0009 0.9598
vn 0.4766 0.2028 0.8554
vn 0.0738 0.0252 0.9970
vn 0.2796 0.1167 0.9530
vn -0.0470 0.1090 0.9929
vn 0.3127 -0.7256 0.6130
vn 0.1441 -0.3345 0.9313
vn -0.0000 -0.7900 0.6131
vn -0.0000 0.1187 0.9929
vn -0.0000 -0.3643 0.9313
vn 0.0470 0.1090 0.9929
vn -0.3127 -0.7256 0.6130
vn -0.1441 -0.3345 0.9313
vn -0.5694 -0.5476 0.6131
vn 0.0850 0.0818 0.9930
vn -0.2640 -0.2534 0.9307
vn 0.7317 -0.2977 0.6131
vn -0.1085 0.0441 0.9931
vn 0.3403 -0.1386 0.9300
vn -0.1182 0.0004 0.9930
vn 0.7909 -0.0027 0.6119
vn 0.3658 -0.0018 0.9307
vn 0.7280 0.3116 0.6107
vn -0.1096 -0.0469 0.9929
vn 0.3349 0.1432 0.9313
vn -0.0812 -0.0859 0.9930
vn 0.5440 0.5753 0.6108
vn 0.2512 0.2664 0.9305
vn 0.2882 0.7371 0.6112
vn -0.0426 -0.1091 0.9931
vn 0.1341 0.3429 0.9297
vn -0.0000 -0.1172 0.9931
vn -0.0000 0.7915 0.6111
vn -0.0000 0.3682 0.9297
vn -0.2882 0.7371 0.6112
vn 0.0426 -0.1091 0.9931
vn -0.1341 0.3429 0.9297
vn 0.0812 -0.0859 0.9930
vn -0.5440 0.5753 0.6108
vn -0.2512 0.2664 0.9305
vn -0.7280 0.3116 0.6107
vn 0.1096 -0.0469 0.9929
vn -0.3349 0.1432 0.9313
vn 0.1182 0.0004 0.9930
vn -0.7909 -0.0027 0.6119
vn -0.3658 -0.0018 0.9307
vn -0.7317 -0.2977 0.6131
vn 0.1085 0.0441 0.9931
vn -0.3403 -0.1386 0.9300
vn 0.5694 -0.5476 0.6131
vn -0.0850 0.0818 0.9930
vn 0.2640 -0.2534 0.9307
vn 0.0593 0.1506 0.9868
vn 0.2984 0.7639 0.5722
vn 0.1957 0.5000 0.8437
vn 0.5647 0.5976 0.5691
vn 0.1147 0.1184 0.9863
vn 0.3732 0.3923 0.8407
vn 0.1550 0.0651 0.9858
vn 0.7576 0.3251 0.5660
vn 0.5026 0.2148 0.8374
vn 0.8230 -0.0019 0.5680
vn 0.1678 -0.0009 0.9858
vn 0.5458 -0.0013 0.8379
vn 0.1547 -0.0641 0.9859
vn 0.7612 -0.3090 0.5701
vn 0.5045 -0.2057 0.8386
vn 0.1216 -0.1195 0.9854
vn 0.5937 -0.5704 0.5676
vn 0.3950 -0.3817 0.8356
vn 0.3268 -0.7576 0.5650
vn 0.0680 -0.1592 0.9849
vn 0.2188 -0.5082 0.8330
vn -0.0000 -0.1734 0.9848
vn -0.0000 -0.8251 0.5650
vn -0.0000 -0.5537 0.8327
vn -0.0000 0.8201 0.5722
vn -0.0000 0.1617 0.9868
vn -0.0000 0.5366 0.8438
vn -0.0593 0.1506 0.9868
vn -0.2984 0.7639 0.5722
vn -0.1957 0.5000 0.8437
vn -0.5647 0.5976 0.5691
vn -0.1147 0.1184 0.9863
vn -0.3732 0.3923 0.8407
vn -0.1550 0.0651 0.9858
vn -0.7576 0.3251 0.5660
vn -0.5026 0.2148 0.8374
vn -0.8230 -0.0019 0.5680
vn -0.1678 -0.0009 0.9858
vn -0.5458 -0.0013 0.8379
vn -0.1547 -0.0641 0.9859
vn -0.7612 -0.3090 0.5701
vn -0.5045 -0.2057 0.8386
vn -0.1216 -0.1195 0.9854
vn -0.5937 -0.5704 0.5676
vn -0.3950 -0.3817 0.8356
vn -0.3268 -0.7576 0.5650
vn -0.0680 -0.1592 0.9849
vn -0.2188 -0.5082 0.8330
vn 0.9057 -0.2018 0.3729
vn 0.4877 -0.8500 0.1990
vn 0.0009 -0.8217 0.5699
vn -0.0010 -0.7993 -0.6009
vn 0.8081 -0.0353 0.5881
vn -0.0000 -0.8216 0.5700
vn -0.0000 -0.5086 -0.8610
vn -0.0000 -0.3825 -0.9239
vn -0.0014 -0.5085 -0.8611
vn -0.0015 -0.3827 -0.9239
vn 0.0009 -0.8217 0.5700
vn 0.0009 -0.8217 0.5698
vn 0.0009 -0.8218 0.5698
vn 0.0009 -0.8218 0.5697
vn 0.0009 -0.8219 0.5697
vn -0.9057 -0.2018 0.3729
vn -0.4876 -0.8501 0.1989
vn -0.0009 -0.8216 0.5700
vn -0.8080 -0.0353 0.5881
vn -0.0000 -0.7990 -0.6013
vn -0.0009 -0.8217 0.5700
vn -0.0009 -0.8217 0.5699
vn -0.0009 -0.8217 0.5698
vn -0.0009 -0.8218 0.5698
vn -0.0009 -0.8218 0.5697
vn -0.0009 -0.8219 0.5697
vn -0.9141 -0.4054 -0.0000
vn -0.6303 -0.7763 -0.0000
vn -0.9511 -0.3088 -0.0000
vn 0.0015 -0.3827 -0.9239
vn 0.0010 -0.7993 -0.6009
vn 0.0014 -0.5085 -0.8611
vn 0.2045 -0.9509 0.2323
vn 0.9788 -0.1202 0.1656
vn 0.4672 -0.4422 -0.7656
vn 0.7573 -0.6183 0.2103
vn 0.2031 -0.9792 0.0015
vn 0.9819 -0.1892 0.0017
vn 0.7172 -0.6968 0.0033
vn -0.9773 -0.1284 0.1685
vn -0.1589 -0.9605 0.2285
vn -0.7240 -0.6500 0.2307
vn 0.1808 -0.8130 0.5535
vn 0.8274 -0.1721 0.5346
vn 0.6082 -0.5878 0.5335
vn -0.0000 -0.9808 -0.1949
vn -0.0000 -0.1951 -0.9808
vn -0.0000 -0.7073 -0.7069
vn 0.1679 -0.4262 -0.8889
vn 0.9247 -0.3535 -0.1413
vn 0.6520 -0.4693 -0.5956
vn 0.9719 -0.1682 -0.1648
vn 0.1909 -0.9646 -0.1820
vn 0.1914 -0.1788 -0.9651
vn 0.7150 -0.6795 -0.1647
vn 0.6039 -0.5628 -0.5644
vn 0.1899 -0.6919 -0.6965
vn 0.7174 -0.1618 -0.6776
vn 0.5493 -0.8275 -0.1164
vn 0.1189 -0.8480 -0.5164
vn 0.3338 -0.8849 -0.3249
vn 0.8677 -0.4683 -0.1668
vn 0.1766 -0.5347 -0.8264
vn 0.6103 -0.5432 -0.5766
vn -0.8274 -0.1721 0.5346
vn -0.1764 -0.8130 0.5549
vn -0.6034 -0.5907 0.5357
vn -0.0003 -0.9808 -0.1951
vn -0.0016 -0.1951 -0.9808
vn -0.9819 -0.1892 0.0017
vn -0.2031 -0.9792 0.0015
vn -0.7172 -0.6968 0.0033
vn -0.1766 -0.5347 -0.8264
vn -0.8677 -0.4683 -0.1668
vn -0.6103 -0.5432 -0.5766
vn -0.1189 -0.8480 -0.5164
vn -0.5493 -0.8275 -0.1164
vn -0.3338 -0.8849 -0.3249
vn 0.0016 -0.1951 -0.9808
vn 0.0003 -0.9808 -0.1951
vn -0.9719 -0.1682 -0.1649
vn -0.1914 -0.1788 -0.9651
vn -0.1909 -0.9646 -0.1820
vn -0.7174 -0.1618 -0.6776
vn -0.6038 -0.5628 -0.5645
vn -0.1900 -0.6919 -0.6965
vn -0.7150 -0.6795 -0.1647
vn -0.9247 -0.3535 -0.1413
vn -0.1679 -0.4262 -0.8889
vn -0.6520 -0.4693 -0.5956
vn -0.6434 -0.4218 -0.6388
vn -0.2491 -0.9394 -0.2356
vn -0.4642 -0.7648 -0.4467
vn -0.6327 -0.1721 -0.7550
vn -0.4543 -0.4327 -0.7787
vn 0.6434 -0.4218 -0.6388
vn 0.2492 -0.9394 -0.2356
vn 0.4642 -0.7648 -0.4467
vn 0.6407 -0.1592 -0.7511
vn -0.0000 -0.9808 0.1951
vn -0.0000 -0.3780 0.9258
vn -0.0000 -0.8287 0.5598
vn -0.0000 0.3780 0.9258
vn -0.0000 0.8287 0.5597
vn 0.1683 -0.9601 0.2233
vn 0.1016 -0.1015 0.9896
vn 0.9603 -0.1692 0.2218
vn 0.0685 -0.7926 0.6058
vn 0.4945 -0.4920 0.7166
vn 0.7948 -0.0656 0.6033
vn 0.6816 -0.6791 0.2726
vn -0.0000 -0.8287 0.5597
vn -0.1645 -0.9595 0.2286
vn -0.9599 -0.1672 0.2249
vn -0.1020 -0.1012 0.9896
vn -0.6818 -0.6740 0.2844
vn -0.4959 -0.4870 0.7189
vn -0.7904 -0.0714 0.6084
vn -0.0794 -0.7834 0.6165
vn -0.1701 0.9605 0.2202
vn -0.1015 0.1015 0.9896
vn -0.9603 0.1690 0.2221
vn -0.0630 0.7967 0.6011
vn -0.4925 0.4952 0.7157
vn -0.7941 0.0664 0.6041
vn -0.6795 0.6825 0.2692
vn 0.9596 0.1620 0.2302
vn 0.0970 0.0981 0.9904
vn 0.1701 0.9589 0.2270
vn 0.7856 0.0847 0.6128
vn 0.5084 0.4384 0.7412
vn 0.1154 0.7684 0.6295
vn 0.6798 0.6740 0.2891
vn -0.0000 -0.1951 0.9808
vn 0.5774 -0.5773 0.5774
vn -0.5774 -0.5773 0.5773
vn -0.1794 0.9673 0.1794
vn -0.9673 0.1794 0.1794
vn -0.1794 0.1794 0.9673
vn -0.6965 0.6965 0.1726
vn -0.5774 0.5773 0.5774
vn -0.6965 0.1726 0.6965
vn -0.1726 0.6965 0.6965
vn 0.9673 0.1794 0.1794
vn 0.1794 0.9673 0.1794
vn 0.1794 0.1794 0.9673
vn 0.6965 0.6965 0.1726
vn 0.5774 0.5773 0.5774
vn 0.1726 0.6965 0.6965
vn 0.6965 0.1726 0.6965
vn 0.3517 0.0161 0.9360
vn 0.0216 0.3446 0.9385
vn 0.3629 -0.0086 0.9318
vn 0.0086 -0.3631 0.9317
vn -0.0110 -0.3604 0.9327
vn -0.3614 -0.0098 0.9324
vn -0.0080 0.3637 0.9315
vn -0.3643 0.0078 0.9312
vn 0.3420 0.9397 -0.0000
vn 0.6428 0.7660 -0.0000
vn 0.8660 0.5000 -0.0000
vn 0.9848 0.1737 -0.0000
vn 0.9848 -0.1736 -0.0000
vn 0.8660 -0.5000 -0.0000
vn 0.6428 -0.7660 -0.0000
vn 0.3420 -0.9397 -0.0000
vn -0.3420 -0.9397 -0.0000
vn -0.6428 -0.7660 -0.0000
vn -0.8660 -0.5000 -0.0000
vn -0.9848 -0.1736 -0.0000
vn -0.9848 0.1737 -0.0000
vn -0.8660 0.5000 -0.0000
vn -0.6428 0.7660 -0.0000
vn -0.3420 0.9397 -0.0000
vn 0.0920 0.0520 0.9944
vn -0.0932 0.0540 0.9942
vn -0.0015 -0.1079 0.9942
vn -0.0239 0.0189 0.9995
vn 0.0260 0.0183 0.9995
vn -0.0023 -0.0312 0.9995
vn -0.0304 0.0146 0.9994
vn 0.0251 0.0109 0.9996
vn 0.0052 -0.0268 0.9996
vn -0.4058 -0.0075 0.9139
vn -0.3765 -0.0737 0.9235
vn 0.4029 -0.0045 0.9152
vn 0.3727 -0.0749 0.9249
vn -0.2100 -0.3498 0.9130
vn -0.2539 -0.2781 0.9264
vn -0.2359 -0.1266 0.9635
vn 0.2413 -0.1340 0.9612
vn 0.2069 -0.3506 0.9134
vn 0.2471 -0.2790 0.9280
vn -0.2015 0.3489 0.9152
vn -0.1099 0.3460 0.9318
vn 0.0119 0.2769 0.9608
vn 0.2001 0.3480 0.9159
vn 0.1265 0.3588 0.9248
vn -0.3036 0.0105 0.9527
vn -0.9659 -0.0171 0.2583
vn -0.7925 -0.0167 0.6096
vn -0.5043 -0.8240 0.2583
vn -0.1473 -0.2698 0.9516
vn -0.4160 -0.6747 0.6097
vn -0.9634 -0.1176 0.2409
vn -0.5892 -0.7713 0.2410
vn -0.3533 -0.2017 0.9135
vn -0.8467 -0.4848 0.2193
vn -0.7203 -0.4124 0.5578
vn -0.5136 -0.6180 0.5953
vn -0.7930 -0.1301 0.5952
vn 0.1423 -0.2669 0.9531
vn 0.4988 -0.8273 0.2583
vn 0.4115 -0.6776 0.6096
vn 0.9661 -0.0119 0.2579
vn 0.3062 0.0110 0.9519
vn 0.7928 -0.0126 0.6093
vn 0.5843 -0.7750 0.2407
vn 0.9632 -0.1213 0.2397
vn 0.3535 -0.2041 0.9129
vn 0.8442 -0.4895 0.2183
vn 0.7191 -0.4163 0.5564
vn 0.7936 -0.1334 0.5937
vn 0.5100 -0.6213 0.5948
vn 0.1634 0.2547 0.9531
vn 0.4797 0.8387 0.2579
vn 0.3913 0.6898 0.6092
vn -0.4743 0.8417 0.2579
vn -0.1637 0.2611 0.9513
vn -0.3869 0.6922 0.6092
vn 0.3826 0.8924 0.2393
vn -0.3765 0.8950 0.2393
vn 0.0017 0.4100 0.9121
vn 0.0033 0.9761 0.2171
vn 0.0028 0.8320 0.5547
vn -0.2812 0.7545 0.5931
vn 0.2862 0.7526 0.5931
vn 0.1790 -0.9432 0.2798
vn 0.1478 -0.1484 0.9778
vn 0.9431 -0.1817 0.2787
vn 0.1297 -0.7777 0.6151
vn 0.5222 -0.5297 0.6684
vn 0.7743 -0.1246 0.6204
vn 0.6690 -0.6684 0.3250
vn 0.0054 -0.9672 0.2539
vn 0.0019 -0.3490 0.9371
vn 0.0044 -0.7943 0.6076
vn -0.9403 -0.1905 0.2820
vn -0.1528 -0.1991 0.9680
vn -0.1693 -0.9454 0.2785
vn -0.7708 -0.1619 0.6162
vn -0.5266 -0.5452 0.6523
vn -0.1162 -0.7780 0.6174
vn -0.6564 -0.6795 0.3277
vn -0.3176 0.9058 0.2805
vn 0.7288 0.6210 0.2885
vn 0.0441 0.2252 0.9733
vn 0.2317 0.9120 0.3384
vn 0.1723 0.7221 0.6700
vn 0.5738 0.5179 0.6344
vn -0.2763 0.7331 0.6214
vn 0.8339 0.4900 0.2539
vn 0.3018 0.1647 0.9390
vn 0.6848 0.4024 0.6076
vn 0.2975 0.1851 0.9366
vn 0.6397 -0.7167 0.2778
vn 0.1898 -0.0550 0.9803
vn 0.8995 0.3316 0.2844
vn 0.5035 -0.6036 0.6181
vn 0.7073 -0.1964 0.6791
vn 0.7242 0.2738 0.6329
vn 0.9136 -0.2377 0.3299
vn -0.6330 -0.7173 0.2913
vn -0.8939 0.3413 0.2905
vn -0.2272 -0.0632 0.9718
vn -0.9073 -0.2205 0.3581
vn -0.7093 -0.1779 0.6821
vn -0.7249 0.2469 0.6431
vn -0.5307 -0.5542 0.6413
vn -0.8312 0.4946 0.2539
vn -0.3023 0.1799 0.9361
vn -0.6826 0.4062 0.6076
vn -0.3008 0.1702 0.9384
vn 0.3229 0.9041 0.2799
vn -0.0411 0.2140 0.9760
vn -0.7265 0.6223 0.2913
vn 0.2879 0.7235 0.6274
vn -0.1679 0.7171 0.6764
vn -0.5591 0.5306 0.6370
vn -0.2202 0.9133 0.3427
vn -0.9839 -0.0146 0.1784
vn -0.7385 -0.0126 0.6741
vn -0.8506 -0.0126 0.5256
vn -0.6053 -0.7684 0.2076
vn -0.9691 -0.1329 0.2076
vn -0.5926 -0.3366 0.7318
vn -0.8360 -0.4786 0.2683
vn -0.6613 -0.3786 0.6476
vn -0.7352 -0.1869 0.6516
vn -0.5334 -0.5393 0.6516
vn -0.3800 -0.6298 0.6774
vn -0.5112 -0.8407 0.1784
vn -0.4421 -0.7269 0.5256
vn 0.5056 -0.8441 0.1784
vn 0.3751 -0.6317 0.6784
vn 0.4372 -0.7298 0.5256
vn 0.9687 -0.1363 0.2076
vn 0.6003 -0.7723 0.2078
vn 0.5901 -0.3397 0.7324
vn 0.8334 -0.4828 0.2689
vn 0.6590 -0.3820 0.6479
vn 0.5297 -0.5425 0.6520
vn 0.7342 -0.1898 0.6519
vn 0.7370 -0.0083 0.6759
vn 0.9839 -0.0100 0.1786
vn 0.8504 -0.0086 0.5260
vn 0.4903 0.8531 0.1786
vn 0.3663 0.6379 0.6774
vn 0.4238 0.7373 0.5261
vn -0.3663 0.9070 0.2078
vn 0.3725 0.9045 0.2078
vn 0.0046 0.6775 0.7355
vn 0.0033 0.9629 0.2697
vn 0.0026 0.7613 0.6484
vn 0.2075 0.7289 0.6525
vn -0.2025 0.7303 0.6525
vn -0.3641 0.6362 0.6803
vn -0.4847 0.8562 0.1786
vn -0.4190 0.7401 0.5261
vn 0.9708 -0.1800 0.1586
vn 0.5999 -0.4450 0.6649
vn 0.1783 -0.9711 0.1585
vn 0.8210 -0.2096 0.5311
vn 0.6191 -0.6203 0.4817
vn 0.2642 -0.8565 0.4434
vn 0.6988 -0.7000 0.1474
vn 0.3203 -0.5235 0.7895
vn 0.0055 -0.9839 0.1785
vn 0.0600 -0.9398 0.3365
vn -0.3147 -0.5275 0.7891
vn 0.0054 -0.9839 0.1785
vn -0.0495 -0.9404 0.3364
vn -0.9685 -0.1924 0.1583
vn -0.1674 -0.9731 0.1585
vn -0.5954 -0.4524 0.6639
vn -0.6903 -0.7084 0.1471
vn -0.6119 -0.6278 0.4810
vn -0.2546 -0.8596 0.4429
vn -0.8187 -0.2201 0.5303
vn -0.3320 0.9298 0.1587
vn 0.0837 0.7420 0.6651
vn 0.7505 0.6416 0.1586
vn -0.2311 0.8151 0.5312
vn 0.2255 0.8468 0.4818
vn 0.6082 0.6583 0.4435
vn 0.2545 0.9558 0.1475
vn 0.2920 0.5396 0.7897
vn 0.8483 0.4985 0.1785
vn 0.7828 0.5235 0.3365
vn 0.6143 -0.0076 0.7890
vn 0.8383 0.4291 0.3364
vn 0.6524 -0.7412 0.1582
vn 0.9257 0.3435 0.1585
vn 0.6902 -0.2880 0.6638
vn 0.9592 -0.2416 0.1471
vn 0.8502 -0.2143 0.4810
vn 0.8713 0.2112 0.4429
vn 0.6012 -0.5978 0.5303
vn -0.6571 -0.7370 0.1582
vn -0.6923 -0.2841 0.6634
vn -0.9237 0.3487 0.1585
vn -0.6050 -0.5940 0.5302
vn -0.8515 -0.2092 0.4808
vn -0.8702 0.2161 0.4428
vn -0.9606 -0.2358 0.1470
vn -0.6147 -0.0042 0.7887
vn -0.8456 0.5032 0.1785
vn -0.8359 0.4337 0.3364
vn -0.2889 0.5409 0.7899
vn -0.8455 0.5032 0.1785
vn -0.7798 0.5279 0.3365
vn 0.3377 0.9278 0.1587
vn -0.7469 0.6457 0.1586
vn -0.0794 0.7421 0.6655
vn -0.2489 0.9572 0.1475
vn -0.2205 0.8480 0.4819
vn -0.6044 0.6617 0.4436
vn 0.2361 0.8136 0.5313
vn -0.0227 0.9530 0.3021
vn 0.0384 0.6300 0.7756
vn 0.0215 0.8809 0.4728
vn 0.1868 0.5806 0.7925
vn 0.3410 0.8976 0.2794
vn 0.2906 0.8446 0.4497
vn 0.3328 0.5090 0.7939
vn 0.6327 0.6989 0.3334
vn 0.5299 0.6855 0.4993
vn 0.5036 0.2918 0.8132
vn 0.8120 0.4682 0.3484
vn 0.7134 0.4122 0.5667
vn 0.6108 0.0323 0.7911
vn 0.9214 0.1994 0.3335
vn 0.8626 0.1161 0.4924
vn 0.6002 -0.1296 0.7893
vn 0.9496 -0.1541 0.2731
vn 0.8815 -0.1717 0.4398
vn 0.5641 -0.2908 0.7728
vn 0.8190 -0.4948 0.2906
vn 0.7787 -0.4282 0.4586
vn 0.4200 -0.4380 0.7948
vn 0.5927 -0.7415 0.3145
vn 0.5735 -0.6516 0.4965
vn 0.2081 -0.5679 0.7964
vn 0.3272 -0.8923 0.3110
vn 0.2977 -0.8141 0.4986
vn 0.0004 -0.6098 0.7925
vn -0.0003 -0.9543 0.2988
vn 0.0002 -0.8782 0.4783
vn -0.2063 -0.5694 0.7957
vn -0.3280 -0.8927 0.3090
vn -0.2971 -0.8165 0.4951
vn -0.4111 -0.4423 0.7971
vn -0.5972 -0.7377 0.3148
vn -0.5675 -0.6516 0.5033
vn -0.5638 -0.2828 0.7760
vn -0.8152 -0.4960 0.2989
vn -0.7753 -0.4241 0.4680
vn -0.6000 -0.1228 0.7906
vn -0.9471 -0.1564 0.2804
vn -0.8778 -0.1663 0.4492
vn -0.6059 0.0475 0.7941
vn -0.9247 0.1952 0.3268
vn -0.8594 0.1225 0.4965
vn -0.5196 0.2912 0.8033
vn -0.8193 0.4728 0.3245
vn -0.7404 0.4219 0.5233
vn -0.3838 0.4593 0.8011
vn -0.6073 0.7273 0.3196
vn -0.5506 0.6581 0.5137
vn -0.1673 0.5753 0.8007
vn -0.3434 0.8812 0.3248
vn -0.2742 0.8111 0.5167
vn -0.1845 -0.2031 0.9616
vn -0.2780 0.1049 0.9548
vn 0.0890 0.2429 0.9660
vn -0.2255 0.1919 0.9552
vn 0.2195 0.1842 0.9581
vn -0.0903 0.2544 0.9629
vn 0.2749 0.1195 0.9540
vn 0.1755 -0.2054 0.9628
vn 0.2617 -0.0517 0.9638
vn 0.0314 -0.3059 0.9516
vn -0.0319 -0.3105 0.9500
vn -0.2471 -0.0730 0.9662
vn 0.0098 -0.0958 -0.9954
vn -0.0000 -0.0938 -0.9956
vn -0.0056 -0.0951 -0.9955
vn -0.0106 -0.0975 -0.9952
vn -0.0141 -0.1022 -0.9947
vn -0.0080 -0.1162 -0.9932
vn 0.0034 -0.1241 -0.9923
vn -0.0100 -0.0976 -0.9952
vn 0.0056 -0.0951 -0.9955
vn 0.0106 -0.0975 -0.9952
vn 0.0141 -0.1022 -0.9947
vn 0.0080 -0.1162 -0.9932
vn -0.0034 -0.1241 -0.9923
vn 0.1288 -0.0037 -0.9917
vn 0.1539 0.0749 -0.9852
vn 0.0056 0.0215 -0.9998
vn -0.0000 0.0027 -1.0000
vn 0.0330 0.0775 -0.9965
vn 0.0779 0.1419 -0.9868
vn 0.1280 0.1484 -0.9806
vn -0.1288 -0.0037 -0.9917
vn -0.1539 0.0749 -0.9852
vn -0.0056 0.0215 -0.9998
vn -0.0330 0.0775 -0.9965
vn -0.0779 0.1419 -0.9868
vn -0.1280 0.1484 -0.9806
vn 0.0957 -0.0302 -0.9949
vn -0.0970 -0.0294 -0.9948
vn 0.0036 -0.0244 -0.9997
vn 0.0150 -0.0480 -0.9987
vn -0.0010 -0.2073 -0.9783
vn -0.0054 -0.0235 -0.9997
vn -0.0172 -0.0560 -0.9983
vn 0.0026 -0.2167 -0.9762
vn -0.9239 -0.0000 0.3827
vn -0.3827 -0.0000 0.9239
vn -0.9677 -0.0000 -0.2520
vn -0.7218 -0.0000 -0.6921
vn 0.3827 -0.0000 -0.9239
vn -0.3827 -0.0000 -0.9239
vn 0.9237 -0.0000 -0.3830
vn -0.9649 -0.0000 -0.2625
vn -0.8455 -0.0000 -0.5340
vn -0.5241 -0.0000 -0.8517
vn -0.9892 -0.0000 -0.1467
vn -0.8670 -0.0000 -0.4984
vn -0.6340 -0.0000 -0.7733
vn -0.9650 -0.0000 0.2624
vn -0.5679 -0.0000 -0.8231
vn -0.7847 -0.0000 -0.6199
vn -0.7845 -0.0000 0.6202
vn -0.5676 -0.0000 0.8233
vn 0.9239 -0.0000 0.3827
vn 0.3827 -0.0000 0.9239
vn 0.9677 -0.0000 -0.2520
vn 0.7218 -0.0000 -0.6921
vn -0.9237 -0.0000 -0.3831
vn 0.9649 -0.0000 -0.2625
vn 0.8455 -0.0000 -0.5340
vn 0.5241 -0.0000 -0.8517
vn 0.9892 -0.0000 -0.1467
vn 0.8670 -0.0000 -0.4984
vn 0.6340 -0.0000 -0.7733
vn 0.9650 -0.0000 0.2624
vn 0.5679 -0.0000 -0.8231
vn 0.7847 -0.0000 -0.6199
vn 0.7845 -0.0000 0.6202
vn 0.5676 -0.0000 0.8233
vn 0.2056 -0.0000 -0.9786
vn 0.7230 -0.0000 -0.6908
vn 0.9829 -0.0000 -0.1841
vn -0.9829 -0.0000 -0.1843
vn -0.7228 -0.0000 -0.6911
vn -0.2054 -0.0000 -0.9787
vn 0.9888 -0.0000 0.1491
vn 0.8563 -0.0000 0.5165
vn -0.9888 -0.0000 0.1491
vn -0.8563 -0.0000 0.5165
vn -0.0016 -0.0000 -1.0000
vn 0.0016 -0.0000 -1.0000
vn -0.7065 -0.0000 -0.7077
vn 0.7065 -0.0000 -0.7077
vn -0.2057 -0.0000 -0.9786
vn -0.9829 -0.0000 -0.1841
vn -0.7230 -0.0000 -0.6909
vn -0.0000 -0.3827 -0.9239
vn -0.0564 -0.3887 -0.9197
vn -0.3868 -0.0424 -0.9212
vn -0.2621 -0.2412 -0.9344
vn -0.0000 0.3827 -0.9239
vn -0.0660 0.3956 -0.9161
vn -0.2845 0.2763 -0.9180
vn -0.3953 0.0606 -0.9166
vn 0.0564 -0.3887 -0.9197
vn 0.3868 -0.0424 -0.9212
vn 0.2621 -0.2412 -0.9344
vn 0.0660 0.3956 -0.9161
vn 0.2845 0.2763 -0.9180
vn 0.3953 0.0606 -0.9166
vn 0.9237 -0.0000 -0.3831
vn -0.9650 -0.0000 -0.2623
vn -0.9892 -0.0000 -0.1465
vn -0.5687 -0.0000 -0.8225
vn -0.7848 0.0001 0.6198
vn 0.9650 -0.0000 -0.2623
vn 0.9892 -0.0000 -0.1465
vn 0.5687 -0.0000 -0.8225
vn 0.7848 0.0001 0.6198
vn 0.7227 -0.0000 -0.6911
vn 0.9829 -0.0000 -0.1843
vn -0.7066 -0.0000 -0.7077
vn -0.8671 -0.0000 -0.4981
vn -0.6341 -0.0000 -0.7732
vn -0.7850 -0.0000 -0.6195
vn -0.5684 -0.0000 0.8228
vn 0.8671 -0.0000 -0.4981
vn 0.6341 -0.0000 -0.7732
vn 0.7850 -0.0000 -0.6194
vn 0.5684 -0.0000 0.8228
vn 0.2054 -0.0000 -0.9787
vn -0.9829 -0.0000 -0.1842
vn 0.7066 -0.0000 -0.7077
vt 0.074908 0.094722
vt 0.073763 0.095251
vt 0.071101 0.093136
vt 0.073679 0.092864
vt 0.551845 0.990437
vt 0.555317 0.992156
vt 0.551430 0.992155
vt 0.384567 0.591500
vt 0.384554 0.741108
vt 0.365546 0.741026
vt 0.365564 0.591497
vt 0.665343 0.750754
vt 0.666979 0.738329
vt 0.667883 0.737974
vt 0.666293 0.750514
vt 0.669236 0.736280
vt 0.667125 0.750406
vt 0.670489 0.707431
vt 0.671435 0.680497
vt 0.672299 0.680468
vt 0.671356 0.707259
vt 0.673198 0.680456
vt 0.672262 0.706600
vt 0.669156 0.720760
vt 0.670042 0.720520
vt 0.671017 0.719577
vt 0.671597 0.670089
vt 0.672461 0.670089
vt 0.673356 0.670089
vt 0.057717 0.084826
vt 0.056166 0.093657
vt 0.055642 0.093627
vt 0.054955 0.091626
vt 0.658865 0.791864
vt 0.658396 0.803443
vt 0.659135 0.805063
vt 0.063745 0.053362
vt 0.047906 0.053244
vt 0.063458 0.084873
vt 0.054183 0.107643
vt 0.053810 0.107074
vt 0.056300 0.093659
vt 0.060237 0.094474
vt 0.028940 0.245867
vt 0.027535 0.245867
vt 0.027978 0.233954
vt 0.029374 0.233955
vt 0.031959 0.203900
vt 0.030691 0.203166
vt 0.033885 0.188249
vt 0.035034 0.189078
vt 0.039598 0.169532
vt 0.038634 0.168404
vt 0.041987 0.154217
vt 0.042827 0.154553
vt 0.029098 0.052793
vt 0.029904 0.037571
vt 0.030370 0.037725
vt 0.029703 0.052977
vt 0.030823 0.037905
vt 0.030289 0.053394
vt 0.027693 0.083925
vt 0.028474 0.083995
vt 0.029246 0.084058
vt 0.032325 0.034619
vt 0.031997 0.034241
vt 0.031637 0.033883
vt 0.020972 0.162190
vt 0.025871 0.121112
vt 0.026501 0.121120
vt 0.021617 0.162173
vt 0.027129 0.121030
vt 0.022265 0.162010
vt 0.016318 0.190298
vt 0.018942 0.174285
vt 0.019563 0.174133
vt 0.016966 0.190056
vt 0.020191 0.173679
vt 0.017617 0.189405
vt 0.012166 0.233622
vt 0.014034 0.205909
vt 0.014671 0.205745
vt 0.012837 0.233621
vt 0.015308 0.205300
vt 0.013505 0.233619
vt 0.026953 0.102537
vt 0.027593 0.102572
vt 0.028223 0.102552
vt 0.011719 0.245866
vt 0.012378 0.245866
vt 0.013035 0.245866
vt 0.038145 0.032340
vt 0.037995 0.031811
vt 0.037775 0.031302
vt 0.041894 0.031589
vt 0.041571 0.031075
vt 0.041341 0.030558
vt 0.047294 0.044702
vt 0.045826 0.037814
vt 0.403571 0.591502
vt 0.403562 0.741190
vt 0.052825 0.092497
vt 0.679219 0.718803
vt 0.676841 0.734348
vt 0.676283 0.735512
vt 0.678733 0.719692
vt 0.675831 0.736015
vt 0.678296 0.720046
vt 0.673284 0.748813
vt 0.672833 0.749091
vt 0.672392 0.749273
vt 0.681580 0.680440
vt 0.680642 0.705058
vt 0.680183 0.705557
vt 0.681156 0.680454
vt 0.679753 0.705873
vt 0.680746 0.680460
vt 0.681738 0.670089
vt 0.681314 0.670089
vt 0.680905 0.670089
vt 0.050141 0.096717
vt 0.031011 0.156740
vt 0.016049 0.233625
vt 0.015611 0.245866
vt 0.018557 0.205052
vt 0.021630 0.189289
vt 0.026126 0.172224
vt 0.203359 0.711000
vt 0.202507 0.710919
vt 0.202689 0.710165
vt 0.203386 0.710205
vt 0.201853 0.709500
vt 0.202645 0.709467
vt 0.201940 0.710351
vt 0.203425 0.709422
vt 0.201679 0.694285
vt 0.201570 0.693478
vt 0.202624 0.693364
vt 0.202537 0.694214
vt 0.421136 0.592176
vt 0.421283 0.741266
vt 0.203394 0.694279
vt 0.203447 0.693505
vt 0.189266 0.709655
vt 0.189310 0.710487
vt 0.188596 0.710632
vt 0.188428 0.709796
vt 0.203344 0.723549
vt 0.203230 0.724344
vt 0.202229 0.724205
vt 0.202514 0.723527
vt 0.275624 0.711075
vt 0.275626 0.710101
vt 0.276251 0.710036
vt 0.276302 0.710187
vt 0.275579 0.709298
vt 0.276287 0.709807
vt 0.556859 0.961935
vt 0.556860 0.962670
vt 0.555438 0.961831
vt 0.555682 0.961430
vt 0.275261 0.711060
vt 0.275233 0.710187
vt 0.275252 0.709323
vt 0.559442 0.944887
vt 0.562049 0.946130
vt 0.562051 0.964477
vt 0.559455 0.963206
vt 0.556835 0.943645
vt 0.555678 0.943346
vt 0.556834 0.942788
vt 0.434707 0.592698
vt 0.436016 0.741328
vt 0.961384 0.408887
vt 0.961112 0.406050
vt 0.961630 0.406013
vt 0.961520 0.408863
vt 0.963950 0.576602
vt 0.963928 0.559644
vt 0.964212 0.559645
vt 0.964234 0.576603
vt 0.963888 0.544470
vt 0.963675 0.498907
vt 0.963949 0.498904
vt 0.964176 0.544474
vt 0.963956 0.594166
vt 0.964240 0.594167
vt 0.963934 0.638374
vt 0.963944 0.624760
vt 0.964231 0.624761
vt 0.964221 0.638374
vt 0.963421 0.478655
vt 0.963029 0.458692
vt 0.963308 0.458680
vt 0.963700 0.478651
vt 0.962019 0.425462
vt 0.962247 0.425431
vt 0.962492 0.440184
vt 0.962746 0.440173
vt 0.961191 0.398856
vt 0.960819 0.387999
vt 0.961031 0.388012
vt 0.961429 0.398859
vt 0.960519 0.377833
vt 0.960083 0.377819
vt 0.956501 0.407542
vt 0.956797 0.409666
vt 0.947376 0.410006
vt 0.947322 0.407833
vt 0.957355 0.425692
vt 0.947595 0.425944
vt 0.958832 0.624755
vt 0.958821 0.638369
vt 0.948032 0.638360
vt 0.948046 0.624743
vt 0.957777 0.440631
vt 0.947788 0.440779
vt 0.958696 0.498951
vt 0.958823 0.544472
vt 0.948174 0.544479
vt 0.948172 0.498998
vt 0.958484 0.478726
vt 0.948095 0.478819
vt 0.958858 0.559643
vt 0.958865 0.576599
vt 0.948129 0.576588
vt 0.948160 0.559639
vt 0.958861 0.594163
vt 0.948097 0.594149
vt 0.958173 0.458811
vt 0.947966 0.458952
vt 0.947287 0.398221
vt 0.956050 0.398295
vt 0.947602 0.388096
vt 0.956469 0.388565
vt 0.948225 0.376161
vt 0.957379 0.376699
vt 0.562189 0.946206
vt 0.562324 0.945781
vt 0.562461 0.945897
vt 0.272095 0.893234
vt 0.272144 0.893475
vt 0.271637 0.893471
vt 0.271728 0.893237
vt 0.553877 0.985263
vt 0.554147 0.985532
vt 0.553944 0.985696
vt 0.553809 0.985561
vt 0.570998 0.945896
vt 0.571107 0.945780
vt 0.571428 0.945972
vt 0.571294 0.946112
vt 0.899168 0.510756
vt 0.899052 0.510876
vt 0.898872 0.510755
vt 0.242382 0.893437
vt 0.241994 0.893440
vt 0.242055 0.893244
vt 0.242328 0.893239
vt 0.918456 0.502237
vt 0.918274 0.502292
vt 0.918301 0.502087
vt 0.561730 0.965519
vt 0.561610 0.965445
vt 0.562075 0.965158
vt 0.562099 0.965292
vt 0.300813 0.893501
vt 0.300867 0.893303
vt 0.301139 0.893307
vt 0.301201 0.893502
vt 0.251316 0.893242
vt 0.251284 0.893447
vt 0.753433 0.985672
vt 0.766641 0.985672
vt 0.766641 0.985811
vt 0.753433 0.985811
vt 0.515233 0.893250
vt 0.529420 0.893248
vt 0.529419 0.893452
vt 0.515233 0.893455
vt 0.723733 0.942675
vt 0.723947 0.944319
vt 0.706608 0.944308
vt 0.706640 0.942675
vt 0.553792 0.976591
vt 0.553741 0.985859
vt 0.553708 0.976607
vt 0.555317 0.985689
vt 0.555317 0.985532
vt 0.571428 0.964880
vt 0.571294 0.964881
vt 0.899390 0.502102
vt 0.899245 0.502305
vt 0.772957 0.544795
vt 0.773027 0.544483
vt 0.783083 0.544338
vt 0.783039 0.544679
vt 0.291190 0.893300
vt 0.291483 0.893500
vt 0.878599 0.494880
vt 0.878613 0.493661
vt 0.878798 0.493694
vt 0.878795 0.494881
vt 0.918313 0.510785
vt 0.899435 0.510795
vt 0.899351 0.510618
vt 0.918281 0.510601
vt 0.300800 0.987160
vt 0.301212 0.987188
vt 0.271557 0.987155
vt 0.272063 0.987132
vt 0.241864 0.987126
vt 0.242273 0.987126
vt 0.251586 0.987274
vt 0.251586 0.987410
vt 0.251176 0.987409
vt 0.251176 0.987273
vt 0.589899 0.985684
vt 0.630305 0.985680
vt 0.630305 0.985827
vt 0.589899 0.985835
vt 0.339596 0.893280
vt 0.382990 0.893272
vt 0.382991 0.893477
vt 0.339596 0.893485
vt 0.675228 0.985677
vt 0.713810 0.985675
vt 0.713810 0.985817
vt 0.675228 0.985822
vt 0.431238 0.893264
vt 0.472676 0.893257
vt 0.472676 0.893462
vt 0.431238 0.893469
vt 0.727018 0.985673
vt 0.740226 0.985672
vt 0.740226 0.985812
vt 0.727018 0.985814
vt 0.486862 0.893255
vt 0.501048 0.893252
vt 0.501048 0.893457
vt 0.486862 0.893459
vt 0.555317 0.985846
vt 0.302453 0.893282
vt 0.302456 0.893492
vt 0.551631 0.974496
vt 0.551626 0.974035
vt 0.551751 0.974035
vt 0.551751 0.974496
vt 0.287579 0.893303
vt 0.288013 0.893300
vt 0.288020 0.893509
vt 0.287564 0.893512
vt 0.553779 0.976094
vt 0.553682 0.976094
vt 0.290960 0.893488
vt 0.290966 0.893286
vt 0.251176 0.987137
vt 0.556832 0.941852
vt 0.558259 0.942787
vt 0.251586 0.987138
vt 0.251667 0.893456
vt 0.339610 0.987183
vt 0.302470 0.987188
vt 0.529433 0.987156
vt 0.515247 0.987158
vt 0.291486 0.929345
vt 0.291473 0.987262
vt 0.290954 0.987252
vt 0.290971 0.927599
vt 0.766641 0.964567
vt 0.753872 0.964588
vt 0.753500 0.945997
vt 0.766641 0.946013
vt 0.221892 0.987097
vt 0.222023 0.893411
vt 0.893858 0.493789
vt 0.894027 0.495364
vt 0.893174 0.494415
vt 0.893488 0.493670
vt 0.383005 0.987177
vt 0.431252 0.987170
vt 0.472690 0.987164
vt 0.486876 0.987162
vt 0.501061 0.987160
vt 0.538356 0.979399
vt 0.550906 0.991939
vt 0.288040 0.921101
vt 0.753859 0.797623
vt 0.753954 0.798177
vt 0.753501 0.798281
vt 0.753248 0.797877
vt 0.754096 0.798719
vt 0.753524 0.798573
vt 0.932191 0.351807
vt 0.931614 0.351723
vt 0.931726 0.351231
vt 0.932200 0.351172
vt 0.471489 0.742611
vt 0.471482 0.741984
vt 0.472010 0.742095
vt 0.472116 0.742627
vt 0.753533 0.816824
vt 0.753489 0.817497
vt 0.752985 0.817391
vt 0.752911 0.816856
vt 0.965821 0.353072
vt 0.966218 0.352416
vt 0.966575 0.352529
vt 0.966514 0.353048
vt 0.787426 0.818639
vt 0.787595 0.819100
vt 0.787137 0.819245
vt 0.786853 0.819064
vt 0.061029 0.013638
vt 0.060959 0.012963
vt 0.061489 0.013042
vt 0.061659 0.013553
vt 0.063132 0.048760
vt 0.063385 0.049645
vt 0.062381 0.049733
vt 0.927808 0.624707
vt 0.927785 0.638343
vt 0.927097 0.638342
vt 0.927120 0.624705
vt 0.249788 0.794090
vt 0.237379 0.794088
vt 0.237379 0.793462
vt 0.249788 0.793464
vt 0.773107 0.799301
vt 0.773210 0.798591
vt 0.773315 0.797866
vt 0.949323 0.352599
vt 0.949353 0.351960
vt 0.772013 0.818080
vt 0.772036 0.817409
vt 0.452880 0.742598
vt 0.453051 0.741980
vt 0.929562 0.409903
vt 0.929315 0.425923
vt 0.928693 0.425914
vt 0.928947 0.409868
vt 0.452460 0.794096
vt 0.436086 0.794088
vt 0.436086 0.793461
vt 0.452460 0.793468
vt 0.928650 0.478770
vt 0.928444 0.498947
vt 0.927774 0.498942
vt 0.927989 0.478763
vt 0.384556 0.794079
vt 0.365553 0.794081
vt 0.365553 0.793454
vt 0.384556 0.793452
vt 0.928232 0.544413
vt 0.928110 0.559557
vt 0.927429 0.559552
vt 0.927555 0.544408
vt 0.323296 0.794091
vt 0.309319 0.794092
vt 0.309319 0.793465
vt 0.323296 0.793465
vt 0.927993 0.576511
vt 0.927897 0.594090
vt 0.927211 0.594087
vt 0.927309 0.576506
vt 0.293761 0.794092
vt 0.277696 0.794091
vt 0.277696 0.793464
vt 0.293761 0.793465
vt 0.929084 0.440696
vt 0.928448 0.440692
vt 0.421343 0.794083
vt 0.421329 0.793456
vt 0.454652 0.793467
vt 0.463936 0.789668
vt 0.464352 0.790171
vt 0.454775 0.794093
vt 0.929172 0.407577
vt 0.929528 0.397744
vt 0.930117 0.397766
vt 0.929779 0.407615
vt 0.469771 0.780681
vt 0.470372 0.780903
vt 0.929962 0.387370
vt 0.930545 0.387395
vt 0.968212 0.407131
vt 0.968823 0.398016
vt 0.969487 0.397959
vt 0.968871 0.407127
vt 0.011601 0.033489
vt 0.015907 0.024388
vt 0.016537 0.024792
vt 0.012369 0.033671
vt 0.967581 0.388000
vt 0.968229 0.387814
vt 0.024663 0.018159
vt 0.025137 0.018705
vt 0.010902 0.051647
vt 0.010499 0.082792
vt 0.009794 0.082729
vt 0.010175 0.051595
vt 0.970024 0.425042
vt 0.973954 0.458340
vt 0.973188 0.458371
vt 0.969272 0.425083
vt 0.006711 0.205865
vt 0.006595 0.233479
vt 0.005839 0.233456
vt 0.005957 0.205844
vt 0.994176 0.594111
vt 0.995965 0.624749
vt 0.995753 0.624760
vt 0.993618 0.594132
vt 0.012068 0.036056
vt 0.011295 0.035975
vt 0.968949 0.409114
vt 0.968257 0.409146
vt 0.010349 0.101083
vt 0.009814 0.119448
vt 0.009113 0.119350
vt 0.009648 0.100998
vt 0.977451 0.478360
vt 0.980772 0.498696
vt 0.979982 0.498712
vt 0.976669 0.478384
vt 0.006501 0.245866
vt 0.005735 0.245866
vt 0.996079 0.638401
vt 0.995878 0.638401
vt 0.008357 0.160789
vt 0.007713 0.174432
vt 0.006990 0.174402
vt 0.007648 0.160685
vt 0.988422 0.544331
vt 0.990524 0.559498
vt 0.989721 0.559539
vt 0.987624 0.544342
vt 0.007200 0.189908
vt 0.006462 0.189851
vt 0.992720 0.576511
vt 0.991900 0.576530
vt 0.931104 0.375350
vt 0.930522 0.375323
vt 0.472057 0.768053
vt 0.471430 0.768012
vt 0.036952 0.015853
vt 0.036776 0.015204
vt 0.965884 0.376500
vt 0.965213 0.376586
vt 0.928865 0.458920
vt 0.928216 0.458913
vt 0.403558 0.794080
vt 0.403558 0.793453
vt 0.062217 0.029708
vt 0.062372 0.028928
vt 0.063095 0.029119
vt 0.062995 0.029952
vt 0.802502 0.813567
vt 0.801913 0.813809
vt 0.802160 0.813147
vt 0.802715 0.812886
vt 0.061798 0.030492
vt 0.062515 0.030742
vt 0.063368 0.030822
vt 0.062863 0.031534
vt 0.063616 0.048152
vt 0.063869 0.049037
vt 0.064476 0.049414
vt 0.064005 0.050031
vt 0.811825 0.800073
vt 0.811258 0.799990
vt 0.812076 0.799677
vt 0.812520 0.800054
vt 0.812515 0.799375
vt 0.813071 0.799630
vt 0.794654 0.800032
vt 0.794779 0.801280
vt 0.794854 0.802561
vt 0.451563 0.590905
vt 0.451232 0.590098
vt 0.451949 0.590001
vt 0.452248 0.590858
vt 0.752939 0.637103
vt 0.753260 0.636190
vt 0.754025 0.636294
vt 0.753670 0.637154
vt 0.189102 0.693597
vt 0.189911 0.694453
vt 0.189339 0.694698
vt 0.188494 0.693867
vt 0.189103 0.695272
vt 0.188232 0.694477
vt 0.753654 0.639079
vt 0.752911 0.639077
vt 0.452273 0.592707
vt 0.452246 0.741127
vt 0.451569 0.741389
vt 0.451577 0.592716
vt 0.787535 0.800452
vt 0.787257 0.800413
vt 0.787302 0.800287
vt 0.787591 0.800335
vt 0.787317 0.800132
vt 0.787649 0.800132
vt 0.961171 0.355580
vt 0.960740 0.355579
vt 0.960851 0.354980
vt 0.961074 0.354973
vt 0.783840 0.816114
vt 0.783807 0.816170
vt 0.783728 0.815772
vt 0.783944 0.815716
vt 0.790963 0.801471
vt 0.790908 0.800550
vt 0.791066 0.799678
vt 0.783330 0.800136
vt 0.783675 0.799165
vt 0.783831 0.798136
vt 0.781502 0.817874
vt 0.781618 0.818421
vt 0.958542 0.352396
vt 0.958461 0.353023
vt 0.785081 0.817685
vt 0.784848 0.818074
vt 0.963575 0.352406
vt 0.963638 0.353062
vt 0.439478 0.741340
vt 0.437453 0.592713
vt 0.774105 0.639040
vt 0.436098 0.762211
vt 0.421304 0.762206
vt 0.783964 0.635801
vt 0.963042 0.376783
vt 0.784643 0.798514
vt 0.784557 0.635744
vt 0.785216 0.635704
vt 0.785572 0.798982
vt 0.790199 0.635614
vt 0.793664 0.635578
vt 0.805100 0.807845
vt 0.384555 0.762203
vt 0.365548 0.762205
vt 0.323285 0.762221
vt 0.309309 0.762232
vt 0.293753 0.762241
vt 0.277691 0.762248
vt 0.403561 0.762204
vt 0.966115 0.407088
vt 0.966781 0.398086
vt 0.966040 0.409173
vt 0.965502 0.388339
vt 0.969343 0.624766
vt 0.969337 0.594169
vt 0.969335 0.638378
vt 0.966911 0.425204
vt 0.968934 0.498852
vt 0.968644 0.478563
vt 0.969239 0.544468
vt 0.968167 0.458540
vt 0.969321 0.576601
vt 0.969286 0.559639
vt 0.811923 0.635471
vt 0.063530 0.037381
vt 0.063033 0.037386
vt 0.062188 0.037400
vt 0.805401 0.808042
vt 0.210930 0.050163
vt 0.210930 0.049543
vt 0.061940 0.031696
vt 0.772803 0.637148
vt 0.437436 0.590903
vt 0.437317 0.590110
vt 0.812639 0.635468
vt 0.753433 0.992159
vt 0.766641 0.992160
vt 0.766641 0.992432
vt 0.753433 0.992432
vt 0.291185 0.233850
vt 0.291185 0.245890
vt 0.290916 0.245890
vt 0.290916 0.233850
vt 0.589899 0.992157
vt 0.630305 0.992158
vt 0.630305 0.992431
vt 0.589899 0.992431
vt 0.291035 0.084885
vt 0.291072 0.121676
vt 0.290802 0.121676
vt 0.290764 0.084885
vt 0.675228 0.992159
vt 0.713810 0.992159
vt 0.713810 0.992432
vt 0.675228 0.992431
vt 0.291121 0.162589
vt 0.291161 0.197734
vt 0.290891 0.197735
vt 0.290851 0.162590
vt 0.727018 0.992159
vt 0.740226 0.992159
vt 0.740226 0.992432
vt 0.727018 0.992432
vt 0.291173 0.209771
vt 0.291181 0.221810
vt 0.290912 0.221810
vt 0.290904 0.209772
vt 0.555317 0.992431
vt 0.291008 0.053396
vt 0.290735 0.053396
vt 0.290729 0.050094
vt 0.290731 0.049475
vt 0.291004 0.049493
vt 0.291000 0.050014
vt 0.551614 0.992431
vt 0.551066 0.992302
vt 0.551156 0.992092
vt 0.814194 0.551178
vt 0.813449 0.551232
vt 0.813523 0.550902
vt 0.814160 0.550801
vt 0.550579 0.991993
vt 0.538039 0.979457
vt 0.793048 0.544115
vt 0.793025 0.544441
vt 0.275725 0.723216
vt 0.276191 0.723828
vt 0.276266 0.724188
vt 0.275463 0.723482
vt 0.275971 0.724376
vt 0.275200 0.723592
vt 0.276437 0.724443
vt 0.786537 0.547357
vt 0.786052 0.547376
vt 0.786105 0.547059
vt 0.786469 0.547044
vt 0.540332 0.974496
vt 0.540331 0.974035
vt 0.540642 0.974035
vt 0.540643 0.974496
vt 0.538352 0.976094
vt 0.538038 0.976094
vt 0.789463 0.544158
vt 0.789506 0.544490
vt 0.753433 0.988985
vt 0.766641 0.988985
vt 0.210930 0.053464
vt 0.210936 0.093002
vt 0.210934 0.094746
vt 0.552793 0.988148
vt 0.555317 0.989001
vt 0.589899 0.988996
vt 0.546017 0.976094
vt 0.546032 0.978003
vt 0.630305 0.988993
vt 0.675228 0.988990
vt 0.713810 0.988988
vt 0.727018 0.988987
vt 0.740226 0.988986
vt 0.538100 0.962857
vt 0.538348 0.963161
vt 0.538347 0.972437
vt 0.538083 0.972437
vt 0.773330 0.634672
vt 0.772276 0.545175
vt 0.774005 0.635339
vt 0.559455 0.963847
vt 0.558795 0.964021
vt 0.556100 0.962672
vt 0.546077 0.974496
vt 0.546071 0.974035
vt 0.786853 0.635687
vt 0.787311 0.635675
vt 0.675228 0.942675
vt 0.630305 0.942675
vt 0.630305 0.941819
vt 0.675228 0.941819
vt 0.323328 0.507136
vt 0.365576 0.507144
vt 0.365576 0.508030
vt 0.323328 0.508019
vt 0.690090 0.942675
vt 0.690090 0.941819
vt 0.706640 0.941819
vt 0.293789 0.507131
vt 0.309352 0.507134
vt 0.309352 0.508014
vt 0.293789 0.508010
vt 0.753433 0.942675
vt 0.723733 0.941819
vt 0.753433 0.941819
vt 0.249791 0.507126
vt 0.277717 0.507129
vt 0.277716 0.508007
vt 0.249791 0.508002
vt 0.610102 0.942675
vt 0.589899 0.942783
vt 0.589899 0.941851
vt 0.610102 0.941819
vt 0.384576 0.507149
vt 0.403575 0.507142
vt 0.403575 0.508051
vt 0.384575 0.508040
vt 0.766641 0.942675
vt 0.766641 0.941819
vt 0.237372 0.507125
vt 0.237372 0.508001
vt 0.555903 0.942321
vt 0.434710 0.507155
vt 0.435761 0.507401
vt 0.435746 0.508404
vt 0.434670 0.508068
vt 0.276205 0.694669
vt 0.275530 0.695318
vt 0.275211 0.694527
vt 0.276056 0.693751
vt 0.274452 0.694199
vt 0.275245 0.693363
vt 0.574379 0.942785
vt 0.575221 0.941852
vt 0.417378 0.507145
vt 0.417174 0.508057
vt 0.249783 0.589628
vt 0.237369 0.589626
vt 0.753466 0.944327
vt 0.766641 0.944211
vt 0.365564 0.589668
vt 0.323311 0.589658
vt 0.384567 0.589670
vt 0.309333 0.589650
vt 0.293772 0.589642
vt 0.277703 0.589634
vt 0.403571 0.589671
vt 0.274927 0.709341
vt 0.435931 0.589682
vt 0.434698 0.590870
vt 0.274840 0.710193
vt 0.274903 0.711046
vt 0.555214 0.962134
vt 0.562190 0.964679
vt 0.562329 0.964881
vt 0.562051 0.965024
vt 0.561490 0.965370
vt 0.272963 0.893211
vt 0.273043 0.893488
vt 0.272529 0.987270
vt 0.272528 0.987406
vt 0.272062 0.987405
vt 0.272062 0.987268
vt 0.894147 0.494071
vt 0.898808 0.504767
vt 0.896543 0.504949
vt 0.898899 0.502113
vt 0.562329 0.946283
vt 0.553877 0.976094
vt 0.553877 0.976576
vt 0.551511 0.974496
vt 0.551501 0.974035
vt 0.690126 0.944298
vt 0.562599 0.946013
vt 0.589754 0.964851
vt 0.589755 0.964986
vt 0.571523 0.965015
vt 0.752581 0.944335
vt 0.571159 0.964881
vt 0.571159 0.946283
vt 0.571383 0.965004
vt 0.571502 0.965150
vt 0.571428 0.965150
vt 0.571294 0.965016
vt 0.713810 0.985532
vt 0.727018 0.985532
vt 0.740226 0.985532
vt 0.753433 0.985532
vt 0.630305 0.985532
vt 0.675228 0.985532
vt 0.589899 0.985532
vt 0.766641 0.985532
vt 0.553742 0.970716
vt 0.553608 0.970654
vt 0.553720 0.970280
vt 0.553855 0.970344
vt 0.553993 0.969986
vt 0.554127 0.970051
vt 0.282845 0.893291
vt 0.282852 0.893498
vt 0.282444 0.893502
vt 0.282388 0.893299
vt 0.282023 0.893495
vt 0.281919 0.893305
vt 0.282788 0.987279
vt 0.282788 0.987415
vt 0.282372 0.987414
vt 0.282372 0.987279
vt 0.281945 0.987413
vt 0.281945 0.987277
vt 0.545978 0.966907
vt 0.538602 0.962855
vt 0.546161 0.966568
vt 0.539214 0.962727
vt 0.546604 0.966356
vt 0.553877 0.970779
vt 0.553989 0.970408
vt 0.554260 0.970116
vt 0.281945 0.987141
vt 0.272529 0.987134
vt 0.553877 0.972437
vt 0.553744 0.972437
vt 0.284569 0.987141
vt 0.282788 0.987143
vt 0.284633 0.893491
vt 0.553610 0.972437
vt 0.545978 0.972437
vt 0.284634 0.893288
vt 0.894223 0.493883
vt 0.898533 0.501186
vt 0.898346 0.501392
vt 0.538913 0.962147
vt 0.538657 0.962403
vt 0.538504 0.962246
vt 0.772520 0.544630
vt 0.538246 0.962432
vt 0.589889 0.944292
vt 0.573109 0.944157
vt 0.589879 0.945802
vt 0.611476 0.964816
vt 0.611482 0.964951
vt 0.589756 0.965121
vt 0.611487 0.965086
vt 0.630516 0.964920
vt 0.630515 0.965055
vt 0.610200 0.944251
vt 0.610298 0.945826
vt 0.630517 0.964786
vt 0.675531 0.964713
vt 0.675531 0.964848
vt 0.675530 0.964983
vt 0.630335 0.945850
vt 0.630320 0.944263
vt 0.675250 0.944289
vt 0.675272 0.945904
vt 0.690578 0.964689
vt 0.690566 0.964824
vt 0.690554 0.964959
vt 0.611300 0.965210
vt 0.589543 0.965245
vt 0.690162 0.945921
vt 0.706203 0.964664
vt 0.706207 0.964799
vt 0.706211 0.964934
vt 0.706575 0.945941
vt 0.899148 0.510989
vt 0.898905 0.511193
vt 0.726603 0.964766
vt 0.726618 0.964901
vt 0.726588 0.964631
vt 0.742100 0.964741
vt 0.742032 0.964876
vt 0.724160 0.945962
vt 0.742168 0.964606
vt 0.753875 0.964722
vt 0.751728 0.945995
vt 0.753879 0.964857
vt 0.766641 0.964702
vt 0.766641 0.964837
vt 0.896253 0.501718
vt 0.891760 0.493667
vt 0.888190 0.493674
vt 0.221755 0.893248
vt 0.221822 0.893450
vt 0.221641 0.893483
vt 0.221525 0.893315
vt 0.899274 0.510892
vt 0.827072 0.964934
vt 0.842729 0.964959
vt 0.842821 0.965083
vt 0.827145 0.965058
vt 0.742003 0.965000
vt 0.726570 0.965025
vt 0.690462 0.965083
vt 0.675420 0.965107
vt 0.779403 0.964857
vt 0.791250 0.964876
vt 0.791280 0.965000
vt 0.779419 0.964981
vt 0.902768 0.965055
vt 0.921796 0.965086
vt 0.921983 0.965210
vt 0.902932 0.965180
vt 0.221962 0.893192
vt 0.766641 0.964961
vt 0.878797 0.656209
vt 0.878797 0.669666
vt 0.878602 0.669666
vt 0.878603 0.656209
vt 0.878796 0.683125
vt 0.878796 0.696586
vt 0.878602 0.696586
vt 0.878602 0.683125
vt 0.878795 0.571165
vt 0.878796 0.616908
vt 0.878602 0.616908
vt 0.878601 0.571165
vt 0.878795 0.530046
vt 0.878601 0.530046
vt 0.878796 0.710047
vt 0.878601 0.710047
vt 0.891811 0.493477
vt 0.893516 0.493476
vt 0.893907 0.493596
vt 0.899025 0.501901
vt 0.887904 0.493487
vt 0.888137 0.493486
vt 0.890032 0.491529
vt 0.889923 0.491527
vt 0.889815 0.491350
vt 0.890136 0.491352
vt 0.878766 0.493509
vt 0.251598 0.893244
vt 0.918465 0.510633
vt 0.570889 0.946013
vt 0.559976 0.944051
vt 0.571272 0.944142
vt 0.571408 0.942786
vt 0.571504 0.941852
vt 0.421046 0.508059
vt 0.420873 0.507145
vt 0.435731 0.588515
vt 0.434676 0.588399
vt 0.421132 0.590351
vt 0.421129 0.588956
vt 0.452519 0.741699
vt 0.451592 0.742571
vt 0.443126 0.758148
vt 0.293737 0.740786
vt 0.309287 0.740836
vt 0.323267 0.740866
vt 0.277681 0.740728
vt 0.774043 0.637075
vt 0.309332 0.591475
vt 0.293771 0.591466
vt 0.277701 0.591457
vt 0.249783 0.591448
vt 0.323309 0.591485
vt 0.964917 0.409041
vt 0.965028 0.407000
vt 0.965646 0.407067
vt 0.965555 0.409113
vt 0.957681 0.407261
vt 0.957970 0.409372
vt 0.957306 0.409533
vt 0.957010 0.407427
vt 0.968021 0.576601
vt 0.967987 0.559639
vt 0.968740 0.559639
vt 0.968775 0.576601
vt 0.960153 0.559647
vt 0.960163 0.576602
vt 0.959410 0.576601
vt 0.959402 0.559645
vt 0.967938 0.544463
vt 0.967665 0.498867
vt 0.968402 0.498859
vt 0.968691 0.544465
vt 0.959960 0.498938
vt 0.960126 0.544478
vt 0.959372 0.544475
vt 0.959227 0.498945
vt 0.968036 0.594167
vt 0.968791 0.594168
vt 0.960160 0.594165
vt 0.959406 0.594164
vt 0.968026 0.638377
vt 0.968035 0.624763
vt 0.968794 0.624765
vt 0.968785 0.638378
vt 0.960139 0.624757
vt 0.960128 0.638371
vt 0.959370 0.638370
vt 0.959381 0.624756
vt 0.967376 0.478587
vt 0.966920 0.458576
vt 0.967641 0.458555
vt 0.968110 0.478573
vt 0.959419 0.458778
vt 0.959747 0.478710
vt 0.959017 0.478719
vt 0.958700 0.458797
vt 0.965729 0.425270
vt 0.966413 0.425233
vt 0.958540 0.425607
vt 0.957857 0.425652
vt 0.958968 0.440517
vt 0.958280 0.440583
vt 0.965864 0.398251
vt 0.964481 0.388275
vt 0.965064 0.388324
vt 0.966402 0.398150
vt 0.957452 0.388527
vt 0.956811 0.398439
vt 0.956349 0.398351
vt 0.956889 0.388571
vt 0.958640 0.377155
vt 0.957977 0.376891
vt 0.961897 0.377179
vt 0.962502 0.376945
vt 0.290352 0.893492
vt 0.290362 0.925723
vt 0.289638 0.923870
vt 0.289605 0.893492
vt 0.891131 0.493301
vt 0.888815 0.493307
vt 0.889311 0.492783
vt 0.890637 0.492783
vt 0.553008 0.975147
vt 0.553113 0.975144
vt 0.553586 0.975598
vt 0.553478 0.975593
vt 0.889158 0.492656
vt 0.888680 0.493166
vt 0.552991 0.973383
vt 0.552863 0.973382
vt 0.553319 0.972939
vt 0.553451 0.972938
vt 0.285961 0.893286
vt 0.285970 0.893495
vt 0.285245 0.893496
vt 0.285261 0.893299
vt 0.285889 0.986241
vt 0.285888 0.986376
vt 0.285188 0.987015
vt 0.285188 0.986880
vt 0.290334 0.986936
vt 0.290334 0.987025
vt 0.289628 0.986378
vt 0.289628 0.986287
vt 0.785601 0.799848
vt 0.785242 0.800560
vt 0.784239 0.800343
vt 0.784635 0.799485
vt 0.789149 0.801296
vt 0.789066 0.800530
vt 0.790000 0.800517
vt 0.790095 0.801401
vt 0.789343 0.799728
vt 0.790284 0.799679
vt 0.959660 0.353324
vt 0.959435 0.353921
vt 0.958925 0.353369
vt 0.959103 0.352757
vt 0.782230 0.816912
vt 0.782573 0.817384
vt 0.782149 0.817975
vt 0.781814 0.817476
vt 0.962586 0.353960
vt 0.962372 0.353321
vt 0.962977 0.352752
vt 0.963143 0.353410
vt 0.784515 0.817256
vt 0.784855 0.817015
vt 0.784975 0.817430
vt 0.784648 0.817673
vt 0.789608 0.635633
vt 0.788950 0.635652
vt 0.784457 0.545281
vt 0.784346 0.545610
vt 0.783659 0.545035
vt 0.783743 0.544687
vt 0.539157 0.973380
vt 0.538846 0.973380
vt 0.538369 0.972934
vt 0.538666 0.972941
vt 0.788211 0.545518
vt 0.788086 0.545198
vt 0.788786 0.544563
vt 0.788888 0.544896
vt 0.538846 0.975151
vt 0.539160 0.975151
vt 0.538672 0.975589
vt 0.538359 0.975588
vt 0.546012 0.973381
vt 0.545992 0.972940
vt 0.546021 0.975589
vt 0.546032 0.975150
vt 0.552900 0.975149
vt 0.553371 0.975590
vt 0.553115 0.973386
vt 0.553585 0.972934
vt 0.289619 0.893282
vt 0.290335 0.893292
vt 0.890791 0.492660
vt 0.891264 0.493160
vt 0.285188 0.986745
vt 0.287514 0.984260
vt 0.285889 0.986105
vt 0.289628 0.986197
vt 0.288009 0.984340
vt 0.290334 0.986847
vt 0.866170 0.933932
vt 0.864778 0.932725
vt 0.866204 0.930666
vt 0.867494 0.931393
vt 0.604438 0.930097
vt 0.606140 0.929327
vt 0.607578 0.931422
vt 0.605875 0.932506
vt 0.071451 0.121938
vt 0.071413 0.095587
vt 0.073287 0.096529
vt 0.073271 0.121929
vt 0.608945 0.928330
vt 0.609645 0.929344
vt 0.863374 0.929574
vt 0.862699 0.930388
vt 0.869431 0.837673
vt 0.869290 0.894582
vt 0.868056 0.894551
vt 0.868189 0.837670
vt 0.869713 0.772213
vt 0.869637 0.788931
vt 0.868367 0.788927
vt 0.868422 0.772209
vt 0.869822 0.738769
vt 0.869774 0.755492
vt 0.868469 0.755489
vt 0.868508 0.738767
vt 0.868517 0.722038
vt 0.869833 0.722038
vt 0.603613 0.738671
vt 0.603617 0.722003
vt 0.605032 0.722003
vt 0.605029 0.738671
vt 0.604904 0.894153
vt 0.603391 0.894173
vt 0.605024 0.788675
vt 0.605005 0.837359
vt 0.603543 0.837358
vt 0.603582 0.788674
vt 0.605028 0.755340
vt 0.605026 0.772008
vt 0.603596 0.772008
vt 0.603606 0.755340
vt 0.609912 0.932976
vt 0.674114 0.934316
vt 0.674104 0.935433
vt 0.608886 0.934000
vt 0.864820 0.837660
vt 0.864626 0.894456
vt 0.863187 0.894402
vt 0.863438 0.837657
vt 0.865051 0.772199
vt 0.864999 0.788916
vt 0.863620 0.788912
vt 0.863670 0.772194
vt 0.865137 0.738762
vt 0.865097 0.755480
vt 0.863716 0.755477
vt 0.863756 0.738760
vt 0.862522 0.928044
vt 0.861855 0.931100
vt 0.674146 0.930918
vt 0.674164 0.929500
vt 0.860061 0.930199
vt 0.863762 0.722037
vt 0.865144 0.722037
vt 0.608391 0.738672
vt 0.608393 0.722003
vt 0.609770 0.722003
vt 0.609767 0.738672
vt 0.609740 0.894059
vt 0.609843 0.927324
vt 0.608313 0.894096
vt 0.609761 0.788676
vt 0.609749 0.837366
vt 0.608369 0.837363
vt 0.608385 0.788676
vt 0.609765 0.755341
vt 0.609763 0.772008
vt 0.608387 0.772008
vt 0.608389 0.755340
vt 0.261450 0.093540
vt 0.260960 0.095538
vt 0.259428 0.096681
vt 0.258641 0.095430
vt 0.210934 0.084956
vt 0.071659 0.084909
vt 0.073392 0.162914
vt 0.071694 0.162954
vt 0.073525 0.198011
vt 0.071923 0.198022
vt 0.073567 0.209983
vt 0.071982 0.209988
vt 0.073588 0.221951
vt 0.073599 0.233911
vt 0.072050 0.233914
vt 0.072023 0.221958
vt 0.862826 0.933924
vt 0.610872 0.930163
vt 0.073602 0.245868
vt 0.072066 0.245869
vt 0.259423 0.121708
vt 0.261010 0.121707
vt 0.259444 0.162625
vt 0.261092 0.162622
vt 0.259465 0.197760
vt 0.261160 0.197761
vt 0.259458 0.209792
vt 0.261177 0.209791
vt 0.259452 0.233855
vt 0.259454 0.221824
vt 0.261193 0.221823
vt 0.261206 0.233855
vt 0.261218 0.245887
vt 0.561016 0.091780
vt 0.561016 0.343779
vt 0.485302 0.343778
vt 0.485302 0.091780
vt 0.440774 0.343778
vt 0.439761 0.091780
vt 0.648304 0.091780
vt 0.648303 0.343778
vt 0.626043 0.343779
vt 0.626043 0.091780
vt 0.670564 0.091780
vt 0.670564 0.343778
vt 0.692824 0.091780
vt 0.692824 0.343779
vt 0.485303 0.005266
vt 0.440838 0.005267
vt 0.715085 0.091780
vt 0.715085 0.343778
vt 0.692825 0.005261
vt 0.670564 0.005262
vt 0.715085 0.005261
vt 0.561016 0.005264
vt 0.626043 0.005263
vt 0.648304 0.005262
vt 0.861741 0.929504
vt 0.863779 0.935189
vt 0.257042 0.094814
vt 0.259455 0.093018
vt 0.610374 0.928642
vt 0.611968 0.929224
vt 0.064120 0.233924
vt 0.064101 0.221982
vt 0.259451 0.245887
vt 0.064030 0.198064
vt 0.063762 0.163034
vt 0.064076 0.210015
vt 0.064126 0.245868
vt 0.063478 0.121966
vt 0.063463 0.094087
vt 0.773021 0.635830
vt 0.772145 0.636221
vt 0.438586 0.342742
vt 0.438406 0.091780
vt 0.438698 0.006205
vt 0.437677 0.091780
vt 0.437677 0.008710
vt 0.437677 0.340248
vt 0.074895 0.397046
vt 0.073670 0.398907
vt 0.071093 0.398636
vt 0.073752 0.396525
vt 0.981438 0.990437
vt 0.981853 0.992155
vt 0.977966 0.992156
vt 0.090174 0.591493
vt 0.109177 0.591490
vt 0.109197 0.741016
vt 0.090188 0.741098
vt 0.665343 0.589425
vt 0.666293 0.589665
vt 0.667883 0.602204
vt 0.666979 0.601849
vt 0.667125 0.589773
vt 0.669236 0.603899
vt 0.670489 0.632747
vt 0.671356 0.632920
vt 0.672299 0.659710
vt 0.671435 0.659682
vt 0.672262 0.633579
vt 0.673198 0.659723
vt 0.669156 0.619419
vt 0.670042 0.619659
vt 0.671017 0.620601
vt 0.057707 0.406949
vt 0.055631 0.398145
vt 0.056143 0.398042
vt 0.054944 0.400146
vt 0.658865 0.548315
vt 0.658396 0.536736
vt 0.659135 0.535115
vt 0.063742 0.438424
vt 0.047895 0.438544
vt 0.063449 0.406902
vt 0.057928 0.406945
vt 0.054172 0.384123
vt 0.057285 0.398039
vt 0.053798 0.384692
vt 0.029373 0.257779
vt 0.027978 0.257780
vt 0.031956 0.287837
vt 0.035029 0.302661
vt 0.033880 0.303490
vt 0.030688 0.288571
vt 0.039592 0.322212
vt 0.042819 0.337195
vt 0.041978 0.337531
vt 0.038627 0.323339
vt 0.029079 0.438997
vt 0.029684 0.438812
vt 0.030352 0.454072
vt 0.029886 0.454226
vt 0.030270 0.438394
vt 0.030805 0.453891
vt 0.027672 0.407850
vt 0.028452 0.407780
vt 0.029225 0.407717
vt 0.032308 0.457178
vt 0.031980 0.457557
vt 0.031619 0.457915
vt 0.020959 0.329553
vt 0.021604 0.329569
vt 0.026482 0.370639
vt 0.025852 0.370647
vt 0.022252 0.329732
vt 0.027110 0.370729
vt 0.016311 0.301437
vt 0.016958 0.301680
vt 0.019552 0.317606
vt 0.018931 0.317454
vt 0.017609 0.302331
vt 0.020180 0.318060
vt 0.012165 0.258111
vt 0.012836 0.258111
vt 0.014667 0.285989
vt 0.014029 0.285824
vt 0.013504 0.258114
vt 0.015304 0.286434
vt 0.026933 0.389230
vt 0.027572 0.389194
vt 0.028203 0.389215
vt 0.038131 0.459458
vt 0.037981 0.459988
vt 0.037761 0.460497
vt 0.041882 0.460209
vt 0.041558 0.460724
vt 0.041329 0.461241
vt 0.047284 0.447090
vt 0.045815 0.453982
vt 0.071170 0.591495
vt 0.071180 0.741180
vt 0.051640 0.398796
vt 0.679219 0.621376
vt 0.678733 0.620487
vt 0.676283 0.604667
vt 0.676841 0.605830
vt 0.678296 0.620133
vt 0.675831 0.604164
vt 0.672833 0.591088
vt 0.673284 0.591366
vt 0.672392 0.590905
vt 0.681580 0.659738
vt 0.681156 0.659725
vt 0.680183 0.634622
vt 0.680642 0.635121
vt 0.680746 0.659719
vt 0.679753 0.634306
vt 0.050128 0.395053
vt 0.030999 0.335006
vt 0.016049 0.258108
vt 0.018553 0.286682
vt 0.021624 0.302448
vt 0.026117 0.319516
vt 0.203945 0.668988
vt 0.203971 0.669782
vt 0.203274 0.669822
vt 0.203093 0.669067
vt 0.202436 0.670486
vt 0.202525 0.669635
vt 0.203229 0.670520
vt 0.204009 0.670566
vt 0.202243 0.685700
vt 0.203100 0.685772
vt 0.203187 0.686623
vt 0.202133 0.686507
vt 0.053606 0.592168
vt 0.053458 0.741255
vt 0.203957 0.685709
vt 0.204009 0.686483
vt 0.189850 0.670313
vt 0.189012 0.670171
vt 0.189182 0.669336
vt 0.189895 0.669482
vt 0.203947 0.656439
vt 0.203117 0.656460
vt 0.202833 0.655781
vt 0.203834 0.655644
vt 0.276210 0.669010
vt 0.276887 0.669899
vt 0.276836 0.670051
vt 0.276211 0.669984
vt 0.276163 0.670787
vt 0.276871 0.670280
vt 0.976424 0.961935
vt 0.977600 0.961430
vt 0.977845 0.961831
vt 0.976423 0.962669
vt 0.275818 0.669898
vt 0.275847 0.669025
vt 0.275836 0.670762
vt 0.973841 0.944887
vt 0.973828 0.963206
vt 0.971232 0.964477
vt 0.971234 0.946130
vt 0.976448 0.943645
vt 0.976449 0.942788
vt 0.977605 0.943346
vt 0.040035 0.592690
vt 0.038726 0.741317
vt 0.960991 0.867856
vt 0.961127 0.867880
vt 0.961232 0.870730
vt 0.960714 0.870692
vt 0.963845 0.700145
vt 0.964128 0.700145
vt 0.964077 0.717102
vt 0.963794 0.717104
vt 0.963727 0.732277
vt 0.964016 0.732274
vt 0.963710 0.777844
vt 0.963436 0.777839
vt 0.963881 0.682581
vt 0.964164 0.682581
vt 0.964207 0.651987
vt 0.963921 0.651987
vt 0.963148 0.798091
vt 0.963426 0.798096
vt 0.963001 0.818066
vt 0.962721 0.818053
vt 0.961654 0.851282
vt 0.961882 0.851313
vt 0.962407 0.836573
vt 0.962152 0.836560
vt 0.960781 0.877886
vt 0.961019 0.877884
vt 0.960603 0.888730
vt 0.960390 0.888743
vt 0.960073 0.898908
vt 0.959637 0.898921
vt 0.956105 0.869193
vt 0.946928 0.868886
vt 0.946985 0.866713
vt 0.956405 0.867069
vt 0.947232 0.850775
vt 0.956991 0.851044
vt 0.958809 0.651983
vt 0.948022 0.651977
vt 0.947450 0.835940
vt 0.957439 0.836106
vt 0.958458 0.777788
vt 0.947933 0.777722
vt 0.948013 0.732242
vt 0.958663 0.732266
vt 0.958211 0.798012
vt 0.947822 0.797901
vt 0.958723 0.717096
vt 0.948026 0.717081
vt 0.948024 0.700132
vt 0.958759 0.700140
vt 0.948021 0.682571
vt 0.958785 0.682576
vt 0.957866 0.817926
vt 0.947659 0.817768
vt 0.955639 0.878439
vt 0.946876 0.878498
vt 0.956041 0.888169
vt 0.947174 0.888623
vt 0.956931 0.900037
vt 0.947776 0.900560
vt 0.971094 0.946206
vt 0.970821 0.945897
vt 0.970958 0.945781
vt 0.272161 0.892269
vt 0.271793 0.892267
vt 0.271703 0.892033
vt 0.272210 0.892028
vt 0.979406 0.985263
vt 0.979473 0.985561
vt 0.979339 0.985696
vt 0.979136 0.985532
vt 0.962284 0.945896
vt 0.961989 0.946112
vt 0.961854 0.945972
vt 0.962175 0.945779
vt 0.898806 0.915311
vt 0.896543 0.915125
vt 0.899167 0.909307
vt 0.899351 0.909469
vt 0.242443 0.892061
vt 0.242390 0.892260
vt 0.242116 0.892256
vt 0.242055 0.892060
vt 0.918428 0.917844
vt 0.918273 0.917994
vt 0.918246 0.917790
vt 0.971553 0.965519
vt 0.971183 0.965292
vt 0.971208 0.965158
vt 0.971673 0.965445
vt 0.300876 0.891994
vt 0.301264 0.891991
vt 0.301202 0.892187
vt 0.300929 0.892192
vt 0.251347 0.892053
vt 0.251379 0.892258
vt 0.779849 0.985672
vt 0.779849 0.985811
vt 0.515213 0.892297
vt 0.515213 0.892092
vt 0.529392 0.892098
vt 0.529392 0.892303
vt 0.809549 0.942675
vt 0.826642 0.942675
vt 0.826675 0.944308
vt 0.809336 0.944319
vt 0.857753 0.964983
vt 0.857862 0.965107
vt 0.979490 0.976591
vt 0.979575 0.976607
vt 0.979541 0.985859
vt 0.977966 0.985689
vt 0.977966 0.985532
vt 0.961989 0.964881
vt 0.961854 0.964880
vt 0.899389 0.917975
vt 0.899243 0.917771
vt 0.729556 0.544876
vt 0.719474 0.544760
vt 0.719430 0.544419
vt 0.729486 0.544564
vt 0.291255 0.892193
vt 0.291548 0.891993
vt 0.878599 0.925200
vt 0.878795 0.925198
vt 0.878798 0.926385
vt 0.878613 0.926418
vt 0.918288 0.909307
vt 0.918255 0.909491
vt 0.899441 0.909287
vt 0.300889 0.798360
vt 0.301301 0.798335
vt 0.271648 0.798339
vt 0.272155 0.798364
vt 0.241950 0.798356
vt 0.242360 0.798357
vt 0.251675 0.798214
vt 0.251265 0.798213
vt 0.251265 0.798078
vt 0.251675 0.798078
vt 0.943383 0.985684
vt 0.943383 0.985835
vt 0.902978 0.985827
vt 0.902978 0.985680
vt 0.339645 0.892222
vt 0.339645 0.892017
vt 0.383023 0.892036
vt 0.383023 0.892240
vt 0.858055 0.985677
vt 0.858055 0.985822
vt 0.819472 0.985817
vt 0.819472 0.985675
vt 0.431252 0.892261
vt 0.431252 0.892056
vt 0.472674 0.892074
vt 0.472674 0.892279
vt 0.806265 0.985673
vt 0.806265 0.985814
vt 0.793057 0.985812
vt 0.793057 0.985672
vt 0.486853 0.892285
vt 0.486853 0.892080
vt 0.501033 0.892086
vt 0.501033 0.892291
vt 0.977966 0.985845
vt 0.302515 0.892210
vt 0.302518 0.892001
vt 0.981651 0.974496
vt 0.981531 0.974496
vt 0.981531 0.974035
vt 0.981656 0.974035
vt 0.287645 0.892194
vt 0.287629 0.891985
vt 0.288086 0.891987
vt 0.288079 0.892197
vt 0.979503 0.976094
vt 0.979601 0.976094
vt 0.291031 0.892208
vt 0.291026 0.892006
vt 0.251265 0.798349
vt 0.976450 0.941852
vt 0.975023 0.942787
vt 0.251730 0.892043
vt 0.251675 0.798350
vt 0.339685 0.798353
vt 0.302558 0.798337
vt 0.529432 0.798433
vt 0.515253 0.798428
vt 0.291560 0.856157
vt 0.291565 0.798256
vt 0.291045 0.857903
vt 0.291046 0.798264
vt 0.779783 0.945997
vt 0.779411 0.964588
vt 0.221698 0.892014
vt 0.221583 0.892182
vt 0.221251 0.891857
vt 0.221404 0.891679
vt 0.221975 0.798771
vt 0.221975 0.798379
vt 0.893856 0.926291
vt 0.893487 0.926409
vt 0.893173 0.925664
vt 0.894025 0.924715
vt 0.383063 0.798371
vt 0.431292 0.798391
vt 0.472714 0.798409
vt 0.486893 0.798415
vt 0.501073 0.798421
vt 0.994926 0.979399
vt 0.982376 0.991939
vt 0.288114 0.864399
vt 0.748654 0.797704
vt 0.749265 0.797958
vt 0.749012 0.798362
vt 0.748559 0.798258
vt 0.748417 0.798800
vt 0.748989 0.798654
vt 0.931700 0.924886
vt 0.931708 0.925521
vt 0.931234 0.925461
vt 0.931124 0.924969
vt 0.003252 0.742597
vt 0.002625 0.742613
vt 0.002732 0.742081
vt 0.003259 0.741971
vt 0.748980 0.816905
vt 0.749603 0.816937
vt 0.749528 0.817472
vt 0.749024 0.817579
vt 0.965333 0.923678
vt 0.966026 0.923704
vt 0.966086 0.924223
vt 0.965728 0.924335
vt 0.715088 0.818720
vt 0.715661 0.819145
vt 0.715376 0.819326
vt 0.714918 0.819182
vt 0.061028 0.478169
vt 0.061658 0.478254
vt 0.061489 0.478765
vt 0.060958 0.478845
vt 0.063130 0.443028
vt 0.062378 0.442055
vt 0.063383 0.442143
vt 0.927785 0.651979
vt 0.927097 0.651980
vt 0.224968 0.794092
vt 0.224968 0.793466
vt 0.729406 0.799382
vt 0.729304 0.798672
vt 0.729198 0.797947
vt 0.948834 0.924123
vt 0.948862 0.924762
vt 0.730500 0.818161
vt 0.730478 0.817490
vt 0.021691 0.741968
vt 0.021861 0.742586
vt 0.929171 0.866785
vt 0.928556 0.866820
vt 0.928330 0.850773
vt 0.928951 0.850765
vt 0.022277 0.794083
vt 0.022278 0.793455
vt 0.038652 0.793449
vt 0.038652 0.794076
vt 0.928377 0.797917
vt 0.927716 0.797923
vt 0.927535 0.777743
vt 0.928205 0.777740
vt 0.090183 0.794073
vt 0.090183 0.793446
vt 0.109186 0.793451
vt 0.109186 0.794078
vt 0.928071 0.732274
vt 0.927394 0.732277
vt 0.927294 0.717133
vt 0.927975 0.717129
vt 0.151450 0.794093
vt 0.151450 0.793466
vt 0.165429 0.793468
vt 0.165429 0.794095
vt 0.927887 0.700175
vt 0.927203 0.700178
vt 0.927135 0.682598
vt 0.927821 0.682596
vt 0.180991 0.794096
vt 0.180991 0.793469
vt 0.197058 0.793469
vt 0.197058 0.794095
vt 0.928110 0.835995
vt 0.928745 0.835991
vt 0.053409 0.793446
vt 0.053394 0.794073
vt 0.020086 0.793454
vt 0.019963 0.794080
vt 0.010386 0.790157
vt 0.010802 0.789654
vt 0.928777 0.869111
vt 0.929384 0.869074
vt 0.929705 0.878923
vt 0.929116 0.878944
vt 0.004366 0.780888
vt 0.004968 0.780667
vt 0.930116 0.889295
vt 0.929532 0.889319
vt 0.967816 0.869624
vt 0.968475 0.869628
vt 0.969075 0.878797
vt 0.968412 0.878740
vt 0.011573 0.458310
vt 0.012342 0.458128
vt 0.016512 0.467012
vt 0.015882 0.467417
vt 0.967800 0.888940
vt 0.967153 0.888754
vt 0.025117 0.473101
vt 0.024643 0.473648
vt 0.010874 0.440144
vt 0.010146 0.440195
vt 0.009764 0.409046
vt 0.010470 0.408983
vt 0.969659 0.851716
vt 0.968907 0.851673
vt 0.972880 0.818392
vt 0.973646 0.818424
vt 0.006707 0.285867
vt 0.005952 0.285888
vt 0.005838 0.258275
vt 0.006594 0.258253
vt 0.994100 0.682688
vt 0.993542 0.682667
vt 0.995730 0.652042
vt 0.995942 0.652053
vt 0.012040 0.455742
vt 0.011268 0.455823
vt 0.968557 0.867642
vt 0.967864 0.867609
vt 0.010320 0.390682
vt 0.009619 0.390767
vt 0.009087 0.372407
vt 0.009789 0.372309
vt 0.977177 0.798411
vt 0.976395 0.798385
vt 0.979743 0.778062
vt 0.980533 0.778080
vt 0.008339 0.330951
vt 0.007630 0.331054
vt 0.006977 0.317334
vt 0.007700 0.317303
vt 0.988261 0.732459
vt 0.987463 0.732446
vt 0.989586 0.717253
vt 0.990389 0.717295
vt 0.007191 0.301825
vt 0.006453 0.301882
vt 0.992614 0.700285
vt 0.991794 0.700266
vt 0.930072 0.901367
vt 0.930654 0.901341
vt 0.003310 0.767998
vt 0.002683 0.768039
vt 0.036938 0.475954
vt 0.036763 0.476603
vt 0.965436 0.900250
vt 0.964765 0.900163
vt 0.928558 0.817767
vt 0.927909 0.817773
vt 0.071180 0.794072
vt 0.071180 0.793445
vt 0.062215 0.462090
vt 0.062994 0.461847
vt 0.063094 0.462680
vt 0.062370 0.462872
vt 0.700012 0.813648
vt 0.699799 0.812967
vt 0.700354 0.813228
vt 0.700601 0.813890
vt 0.061797 0.461306
vt 0.062513 0.461056
vt 0.062861 0.460263
vt 0.063367 0.460976
vt 0.063867 0.442751
vt 0.063614 0.443636
vt 0.064003 0.441756
vt 0.064474 0.442373
vt 0.690689 0.800154
vt 0.689993 0.800136
vt 0.690437 0.799758
vt 0.691255 0.800072
vt 0.689443 0.799712
vt 0.689998 0.799456
vt 0.707859 0.800113
vt 0.707734 0.801361
vt 0.707660 0.802642
vt 0.023179 0.590897
vt 0.022494 0.590850
vt 0.022794 0.589993
vt 0.023511 0.590090
vt 0.749574 0.637184
vt 0.748844 0.637235
vt 0.748489 0.636376
vt 0.749253 0.636271
vt 0.189664 0.686371
vt 0.189057 0.686101
vt 0.189903 0.685271
vt 0.190474 0.685517
vt 0.188795 0.685490
vt 0.189668 0.684697
vt 0.748859 0.639160
vt 0.749603 0.639158
vt 0.022469 0.592699
vt 0.023165 0.592708
vt 0.023173 0.741377
vt 0.022496 0.741115
vt 0.714978 0.800533
vt 0.714953 0.800383
vt 0.715202 0.800328
vt 0.715257 0.800494
vt 0.714904 0.800182
vt 0.715165 0.800133
vt 0.960687 0.921163
vt 0.960589 0.921769
vt 0.960366 0.921762
vt 0.960256 0.921162
vt 0.718673 0.816195
vt 0.718569 0.815797
vt 0.718786 0.815853
vt 0.718706 0.816252
vt 0.711605 0.800631
vt 0.711551 0.801552
vt 0.711447 0.799759
vt 0.719183 0.800217
vt 0.718838 0.799246
vt 0.718682 0.798217
vt 0.720895 0.818502
vt 0.721011 0.817955
vt 0.957972 0.923715
vt 0.958053 0.924341
vt 0.717432 0.817766
vt 0.717666 0.818155
vt 0.963086 0.924340
vt 0.963150 0.923685
vt 0.037289 0.592705
vt 0.035264 0.741328
vt 0.728408 0.639121
vt 0.038642 0.762199
vt 0.053436 0.762196
vt 0.718549 0.635883
vt 0.962594 0.899962
vt 0.717870 0.798595
vt 0.716941 0.799063
vt 0.717297 0.635785
vt 0.717957 0.635825
vt 0.712314 0.635696
vt 0.708849 0.635659
vt 0.697413 0.807926
vt 0.090186 0.762195
vt 0.109194 0.762197
vt 0.151464 0.762217
vt 0.165443 0.762231
vt 0.181001 0.762243
vt 0.197063 0.762250
vt 0.071179 0.762194
vt 0.966370 0.878666
vt 0.965719 0.869663
vt 0.965648 0.867578
vt 0.965074 0.888411
vt 0.969261 0.682588
vt 0.969320 0.651991
vt 0.966546 0.851549
vt 0.968370 0.798193
vt 0.968696 0.777904
vt 0.969078 0.732288
vt 0.967859 0.818214
vt 0.969215 0.700155
vt 0.969151 0.717117
vt 0.690590 0.635552
vt 0.063528 0.454414
vt 0.063031 0.454408
vt 0.062186 0.454394
vt 0.697112 0.808123
vt 0.210978 0.441583
vt 0.210978 0.442203
vt 0.061938 0.460102
vt 0.729710 0.637229
vt 0.037425 0.590103
vt 0.037306 0.590895
vt 0.689875 0.635549
vt 0.779849 0.992159
vt 0.779849 0.992432
vt 0.291181 0.257929
vt 0.290912 0.257929
vt 0.943383 0.992157
vt 0.943383 0.992431
vt 0.902978 0.992431
vt 0.902978 0.992158
vt 0.291038 0.406838
vt 0.290767 0.406837
vt 0.290799 0.370057
vt 0.291070 0.370057
vt 0.858055 0.992159
vt 0.858055 0.992431
vt 0.819472 0.992432
vt 0.819472 0.992159
vt 0.291113 0.329164
vt 0.290843 0.329164
vt 0.290880 0.294034
vt 0.291149 0.294034
vt 0.806265 0.992159
vt 0.806265 0.992432
vt 0.793057 0.992432
vt 0.793057 0.992159
vt 0.291163 0.282002
vt 0.290894 0.282002
vt 0.290905 0.269966
vt 0.291174 0.269966
vt 0.977966 0.992431
vt 0.291026 0.438315
vt 0.290753 0.438315
vt 0.290749 0.441615
vt 0.291019 0.441695
vt 0.291023 0.442216
vt 0.290750 0.442234
vt 0.981669 0.992431
vt 0.982126 0.992092
vt 0.982217 0.992302
vt 0.690303 0.544314
vt 0.690337 0.543938
vt 0.690974 0.544038
vt 0.691049 0.544368
vt 0.982703 0.991993
vt 0.995243 0.979457
vt 0.709465 0.544197
vt 0.709489 0.544522
vt 0.276327 0.656870
vt 0.276066 0.656603
vt 0.276870 0.655898
vt 0.276794 0.656258
vt 0.275803 0.656492
vt 0.276575 0.655710
vt 0.277041 0.655644
vt 0.715976 0.547438
vt 0.716044 0.547125
vt 0.716408 0.547140
vt 0.716462 0.547457
vt 0.992951 0.974496
vt 0.992640 0.974496
vt 0.992641 0.974035
vt 0.992951 0.974035
vt 0.994930 0.976094
vt 0.995244 0.976094
vt 0.713050 0.544239
vt 0.713007 0.544571
vt 0.779849 0.988985
vt 0.210977 0.438282
vt 0.210978 0.398746
vt 0.210981 0.397003
vt 0.980489 0.988148
vt 0.977966 0.989001
vt 0.943383 0.988996
vt 0.987265 0.976094
vt 0.987251 0.978003
vt 0.902978 0.988993
vt 0.858055 0.988990
vt 0.819472 0.988988
vt 0.806265 0.988987
vt 0.793057 0.988986
vt 0.995182 0.962857
vt 0.995200 0.972437
vt 0.994936 0.972437
vt 0.994935 0.963161
vt 0.729183 0.634754
vt 0.728509 0.635421
vt 0.730237 0.545256
vt 0.973827 0.963847
vt 0.977183 0.962672
vt 0.974488 0.964021
vt 0.987206 0.974496
vt 0.987211 0.974035
vt 0.715660 0.635768
vt 0.715202 0.635756
vt 0.858055 0.942675
vt 0.858055 0.941819
vt 0.902978 0.941819
vt 0.902978 0.942675
vt 0.151415 0.507131
vt 0.151415 0.508014
vt 0.109167 0.508025
vt 0.109167 0.507139
vt 0.826642 0.941819
vt 0.843192 0.941819
vt 0.843192 0.942675
vt 0.180954 0.507128
vt 0.180954 0.508006
vt 0.165392 0.508010
vt 0.165392 0.507130
vt 0.779849 0.942675
vt 0.779849 0.941819
vt 0.809549 0.941819
vt 0.224952 0.507125
vt 0.224952 0.508002
vt 0.197027 0.508004
vt 0.197027 0.507127
vt 0.923181 0.942675
vt 0.923181 0.941819
vt 0.943383 0.941851
vt 0.943383 0.942783
vt 0.090168 0.507143
vt 0.090168 0.508033
vt 0.071169 0.508044
vt 0.071169 0.507136
vt 0.977380 0.942321
vt 0.040033 0.507147
vt 0.040074 0.508061
vt 0.038998 0.508397
vt 0.038983 0.507394
vt 0.276769 0.685417
vt 0.276619 0.686335
vt 0.275775 0.685558
vt 0.276095 0.684767
vt 0.275807 0.686721
vt 0.275015 0.685885
vt 0.958062 0.941851
vt 0.958904 0.942785
vt 0.057570 0.508050
vt 0.057365 0.507138
vt 0.224956 0.589626
vt 0.779816 0.944327
vt 0.151429 0.589652
vt 0.109177 0.589661
vt 0.090174 0.589663
vt 0.180967 0.589637
vt 0.165406 0.589645
vt 0.197036 0.589631
vt 0.071171 0.589663
vt 0.275511 0.670743
vt 0.038811 0.589674
vt 0.040044 0.590862
vt 0.275425 0.669891
vt 0.275489 0.669038
vt 0.978069 0.962134
vt 0.970954 0.964881
vt 0.971093 0.964679
vt 0.971232 0.965024
vt 0.971793 0.965370
vt 0.273028 0.892291
vt 0.273109 0.892014
vt 0.272621 0.798227
vt 0.272154 0.798227
vt 0.272154 0.798091
vt 0.272620 0.798091
vt 0.894145 0.926009
vt 0.898898 0.917965
vt 0.018704 0.893304
vt 0.018716 0.893509
vt 0.005040 0.893488
vt 0.005040 0.893284
vt 0.970954 0.946283
vt 0.979406 0.976094
vt 0.979406 0.976576
vt 0.981771 0.974496
vt 0.981782 0.974035
vt 0.843156 0.944298
vt 0.970684 0.946013
vt 0.961750 0.965015
vt 0.943528 0.964986
vt 0.943529 0.964851
vt 0.780702 0.944335
vt 0.962124 0.946283
vt 0.962124 0.964881
vt 0.819472 0.985532
vt 0.806265 0.985532
vt 0.793057 0.985532
vt 0.779849 0.985532
vt 0.902978 0.985532
vt 0.858055 0.985532
vt 0.943383 0.985532
vt 0.979540 0.970716
vt 0.979428 0.970344
vt 0.979562 0.970280
vt 0.979675 0.970654
vt 0.979156 0.970051
vt 0.979290 0.969986
vt 0.282911 0.892210
vt 0.282454 0.892203
vt 0.282510 0.892000
vt 0.282917 0.892003
vt 0.281985 0.892198
vt 0.282088 0.892008
vt 0.282882 0.798224
vt 0.282466 0.798224
vt 0.282466 0.798088
vt 0.282882 0.798089
vt 0.282038 0.798223
vt 0.282038 0.798087
vt 0.987305 0.966907
vt 0.987121 0.966568
vt 0.994681 0.962855
vt 0.986679 0.966356
vt 0.994068 0.962727
vt 0.979406 0.970778
vt 0.979293 0.970408
vt 0.979022 0.970116
vt 0.282038 0.798359
vt 0.272622 0.798364
vt 0.979539 0.972437
vt 0.979406 0.972437
vt 0.284663 0.798364
vt 0.284699 0.892009
vt 0.282882 0.798360
vt 0.979672 0.972437
vt 0.987304 0.972437
vt 0.284700 0.892212
vt 0.894222 0.926196
vt 0.898345 0.918688
vt 0.898532 0.918894
vt 0.994369 0.962147
vt 0.994778 0.962246
vt 0.994625 0.962403
vt 0.729993 0.544711
vt 0.995037 0.962432
vt 0.706138 0.965058
vt 0.726570 0.965149
vt 0.706138 0.965181
vt 0.899145 0.909075
vt 0.899049 0.909190
vt 0.898869 0.909318
vt 0.898896 0.908877
vt 0.779419 0.965105
vt 0.766641 0.965084
vt 0.921983 0.965333
vt 0.902932 0.965303
vt 0.960174 0.944157
vt 0.943393 0.944292
vt 0.943403 0.945801
vt 0.806664 0.964901
vt 0.806713 0.965025
vt 0.921801 0.964951
vt 0.921806 0.964816
vt 0.943526 0.965121
vt 0.902767 0.964920
vt 0.923083 0.944251
vt 0.922985 0.945826
vt 0.902765 0.964786
vt 0.857752 0.964848
vt 0.857751 0.964713
vt 0.753864 0.964981
vt 0.902947 0.945850
vt 0.902963 0.944263
vt 0.858032 0.944289
vt 0.858010 0.945904
vt 0.842717 0.964824
vt 0.842704 0.964689
vt 0.630351 0.965180
vt 0.843120 0.945921
vt 0.827076 0.964799
vt 0.827080 0.964664
vt 0.826707 0.945941
vt 0.806679 0.964766
vt 0.806695 0.964631
vt 0.791182 0.964741
vt 0.809122 0.945962
vt 0.791114 0.964606
vt 0.779407 0.964722
vt 0.781554 0.945995
vt 0.221348 0.893818
vt 0.221194 0.893641
vt 0.943740 0.965245
vt 0.896251 0.918362
vt 0.891759 0.926412
vt 0.888189 0.926405
vt 0.221812 0.892247
vt 0.221879 0.892046
vt 0.899279 0.909173
vt 0.222020 0.892303
vt 0.222080 0.892084
vt 0.878797 0.763883
vt 0.878603 0.763883
vt 0.878602 0.750427
vt 0.878797 0.750427
vt 0.878796 0.736968
vt 0.878602 0.736968
vt 0.878602 0.723508
vt 0.878796 0.723508
vt 0.878795 0.848922
vt 0.878601 0.848922
vt 0.878602 0.803182
vt 0.878796 0.803182
vt 0.878601 0.890037
vt 0.878795 0.890037
vt 0.893515 0.926603
vt 0.891810 0.926602
vt 0.893906 0.926483
vt 0.899025 0.918177
vt 0.888136 0.926594
vt 0.887904 0.926593
vt 0.890031 0.928550
vt 0.890135 0.928728
vt 0.889814 0.928729
vt 0.889922 0.928553
vt 0.878766 0.926571
vt 0.251661 0.892255
vt 0.918439 0.909459
vt 0.962393 0.946013
vt 0.973307 0.944051
vt 0.962011 0.944142
vt 0.961875 0.942786
vt 0.961779 0.941852
vt 0.053697 0.508052
vt 0.053870 0.507138
vt 0.039011 0.588507
vt 0.040066 0.588391
vt 0.053613 0.588948
vt 0.053610 0.590343
vt 0.023149 0.742559
vt 0.022222 0.741687
vt 0.031614 0.758136
vt 0.181020 0.740790
vt 0.165471 0.740836
vt 0.151484 0.740856
vt 0.197073 0.740732
vt 0.728471 0.637156
vt 0.180968 0.591461
vt 0.165408 0.591470
vt 0.224955 0.591447
vt 0.197037 0.591454
vt 0.151432 0.591479
vt 0.964525 0.867707
vt 0.965163 0.867637
vt 0.965250 0.869683
vt 0.964632 0.869749
vt 0.957285 0.869476
vt 0.956614 0.869308
vt 0.956914 0.867203
vt 0.957578 0.867365
vt 0.967915 0.700154
vt 0.968669 0.700155
vt 0.968605 0.717116
vt 0.967853 0.717115
vt 0.960018 0.717094
vt 0.959267 0.717095
vt 0.959305 0.700139
vt 0.960057 0.700139
vt 0.967777 0.732291
vt 0.968531 0.732290
vt 0.968163 0.777896
vt 0.967427 0.777886
vt 0.959721 0.777802
vt 0.958988 0.777794
vt 0.959212 0.732264
vt 0.959965 0.732263
vt 0.967960 0.682587
vt 0.968715 0.682588
vt 0.959331 0.682576
vt 0.960084 0.682576
vt 0.968771 0.651991
vt 0.968012 0.651991
vt 0.960116 0.651984
vt 0.959358 0.651984
vt 0.967103 0.798166
vt 0.967836 0.798181
vt 0.967333 0.818198
vt 0.966612 0.818177
vt 0.959111 0.817961
vt 0.958392 0.817942
vt 0.958744 0.798020
vt 0.959474 0.798031
vt 0.965365 0.851480
vt 0.966049 0.851519
vt 0.957493 0.851084
vt 0.958176 0.851132
vt 0.958630 0.836222
vt 0.957941 0.836154
vt 0.965453 0.878500
vt 0.965990 0.878602
vt 0.964636 0.888425
vt 0.964053 0.888473
vt 0.957025 0.888210
vt 0.956462 0.888165
vt 0.955938 0.878383
vt 0.956401 0.878296
vt 0.958193 0.899583
vt 0.957529 0.899846
vt 0.962054 0.899799
vt 0.961450 0.899564
vt 0.290417 0.892003
vt 0.289670 0.892003
vt 0.289712 0.861631
vt 0.290436 0.859779
vt 0.891129 0.926778
vt 0.890636 0.927296
vt 0.889310 0.927296
vt 0.888814 0.926773
vt 0.980275 0.975147
vt 0.979805 0.975593
vt 0.979697 0.975598
vt 0.980170 0.975144
vt 0.889157 0.927423
vt 0.888679 0.926913
vt 0.980292 0.973383
vt 0.979831 0.972938
vt 0.979964 0.972939
vt 0.980420 0.973382
vt 0.286027 0.892212
vt 0.285327 0.892200
vt 0.285311 0.892003
vt 0.286036 0.892003
vt 0.285983 0.799267
vt 0.285282 0.798626
vt 0.285282 0.798491
vt 0.285982 0.799131
vt 0.290427 0.798578
vt 0.289722 0.799226
vt 0.289722 0.799135
vt 0.290427 0.798490
vt 0.716912 0.799929
vt 0.717879 0.799566
vt 0.718275 0.800424
vt 0.717271 0.800641
vt 0.713364 0.801377
vt 0.712418 0.801481
vt 0.712514 0.800598
vt 0.713448 0.800611
vt 0.712229 0.799760
vt 0.713171 0.799809
vt 0.959172 0.923416
vt 0.958614 0.923982
vt 0.958437 0.923370
vt 0.958949 0.922819
vt 0.720283 0.816993
vt 0.720699 0.817557
vt 0.720364 0.818056
vt 0.719940 0.817465
vt 0.962100 0.922784
vt 0.962655 0.923336
vt 0.962488 0.923994
vt 0.961884 0.923424
vt 0.717998 0.817338
vt 0.717865 0.817754
vt 0.717538 0.817511
vt 0.717659 0.817096
vt 0.712905 0.635714
vt 0.713564 0.635733
vt 0.718056 0.545362
vt 0.718770 0.544768
vt 0.718854 0.545116
vt 0.718167 0.545691
vt 0.994126 0.973380
vt 0.994617 0.972941
vt 0.994913 0.972934
vt 0.994437 0.973380
vt 0.714302 0.545599
vt 0.713625 0.544977
vt 0.713728 0.544644
vt 0.714427 0.545279
vt 0.994436 0.975151
vt 0.994924 0.975588
vt 0.994611 0.975589
vt 0.994122 0.975151
vt 0.987271 0.973381
vt 0.987291 0.972940
vt 0.987262 0.975589
vt 0.987251 0.975150
vt 0.980383 0.975149
vt 0.979912 0.975590
vt 0.980167 0.973386
vt 0.979698 0.972934
vt 0.290400 0.892202
vt 0.289684 0.892214
vt 0.891263 0.926920
vt 0.890790 0.927419
vt 0.285282 0.798761
vt 0.287608 0.801250
vt 0.285983 0.799403
vt 0.289722 0.799316
vt 0.288102 0.801171
vt 0.290427 0.798667
vt 0.866548 0.510105
vt 0.867874 0.512648
vt 0.866581 0.513376
vt 0.865154 0.511314
vt 0.604453 0.513952
vt 0.605896 0.511542
vt 0.607600 0.512631
vt 0.606155 0.514726
vt 0.071446 0.369824
vt 0.073265 0.369834
vt 0.073281 0.395249
vt 0.071406 0.396186
vt 0.609666 0.514718
vt 0.608955 0.515727
vt 0.863747 0.514468
vt 0.863072 0.513653
vt 0.869646 0.606411
vt 0.868404 0.606411
vt 0.868426 0.549541
vt 0.869661 0.549513
vt 0.869781 0.671859
vt 0.868489 0.671861
vt 0.868461 0.655142
vt 0.869731 0.655140
vt 0.869828 0.705311
vt 0.868515 0.705312
vt 0.868506 0.688586
vt 0.869812 0.688585
vt 0.603617 0.705334
vt 0.605034 0.705334
vt 0.604903 0.549887
vt 0.603391 0.549866
vt 0.605043 0.655334
vt 0.603601 0.655334
vt 0.603555 0.606662
vt 0.605017 0.606660
vt 0.605037 0.688665
vt 0.603615 0.688665
vt 0.603610 0.671998
vt 0.605040 0.671998
vt 0.609943 0.511079
vt 0.608915 0.510051
vt 0.674233 0.508576
vt 0.674243 0.509695
vt 0.865036 0.606413
vt 0.863654 0.606412
vt 0.863555 0.549684
vt 0.864994 0.549632
vt 0.865118 0.671865
vt 0.863737 0.671867
vt 0.863714 0.655147
vt 0.865094 0.655146
vt 0.865143 0.705313
vt 0.863761 0.705313
vt 0.863753 0.688590
vt 0.865134 0.688589
vt 0.862893 0.516001
vt 0.862226 0.512940
vt 0.860430 0.513842
vt 0.674294 0.514517
vt 0.674276 0.513097
vt 0.608395 0.705334
vt 0.609772 0.705334
vt 0.609738 0.549981
vt 0.608311 0.549944
vt 0.609841 0.516738
vt 0.609779 0.655333
vt 0.608403 0.655333
vt 0.608380 0.606655
vt 0.609759 0.606653
vt 0.609774 0.688666
vt 0.608398 0.688666
vt 0.608400 0.671999
vt 0.609777 0.671999
vt 0.261461 0.398192
vt 0.258644 0.396303
vt 0.259434 0.395044
vt 0.260970 0.396191
vt 0.210974 0.406791
vt 0.071652 0.406865
vt 0.071695 0.328793
vt 0.073393 0.328831
vt 0.071930 0.293718
vt 0.073534 0.293728
vt 0.071986 0.281750
vt 0.073571 0.281756
vt 0.073589 0.269786
vt 0.072024 0.269779
vt 0.072049 0.257823
vt 0.073596 0.257825
vt 0.863199 0.510112
vt 0.610906 0.513901
vt 0.259433 0.370026
vt 0.261019 0.370028
vt 0.259450 0.329134
vt 0.261097 0.329135
vt 0.259461 0.294012
vt 0.261157 0.294011
vt 0.259455 0.281980
vt 0.261174 0.281981
vt 0.259451 0.257918
vt 0.261205 0.257919
vt 0.261190 0.269950
vt 0.259452 0.269949
vt 0.869154 0.091780
vt 0.944868 0.091780
vt 0.944868 0.343779
vt 0.869154 0.343779
vt 0.990409 0.091780
vt 0.989396 0.343779
vt 0.781866 0.091780
vt 0.804127 0.091780
vt 0.804127 0.343779
vt 0.781866 0.343779
vt 0.759606 0.091780
vt 0.759606 0.343779
vt 0.737346 0.091780
vt 0.737346 0.343779
vt 0.944867 0.005266
vt 0.989332 0.005267
vt 0.737345 0.005261
vt 0.759606 0.005262
vt 0.869153 0.005264
vt 0.804127 0.005263
vt 0.781866 0.005262
vt 0.862112 0.514538
vt 0.864154 0.508846
vt 0.257044 0.396927
vt 0.259465 0.398718
vt 0.610393 0.515429
vt 0.612010 0.514850
vt 0.064102 0.269756
vt 0.064120 0.257813
vt 0.063761 0.328714
vt 0.064033 0.293677
vt 0.064078 0.281724
vt 0.063471 0.369796
vt 0.063454 0.398302
vt 0.729492 0.635911
vt 0.730368 0.636302
vt 0.991764 0.091780
vt 0.991584 0.342742
vt 0.991473 0.006205
vt 0.992493 0.008710
vt 0.992493 0.091780
vt 0.992493 0.340248
vt 0.649977 0.880405
vt 0.648393 0.898346
vt 0.647626 0.898125
vt 0.649170 0.880441
vt 0.646411 0.897894
vt 0.647914 0.880426
vt 0.651114 0.731181
vt 0.651990 0.746353
vt 0.651173 0.746377
vt 0.650320 0.731141
vt 0.649898 0.746426
vt 0.649060 0.731143
vt 0.652760 0.833390
vt 0.652158 0.848390
vt 0.651280 0.848340
vt 0.651907 0.833194
vt 0.649983 0.848270
vt 0.650614 0.833009
vt 0.653060 0.779415
vt 0.653241 0.797354
vt 0.652434 0.797354
vt 0.652259 0.779367
vt 0.651152 0.797354
vt 0.650981 0.779337
vt 0.651259 0.863193
vt 0.650407 0.863302
vt 0.649126 0.863360
vt 0.648494 0.696063
vt 0.649943 0.713762
vt 0.649162 0.713881
vt 0.647717 0.696283
vt 0.647912 0.714026
vt 0.646489 0.696513
vt 0.653128 0.815704
vt 0.652311 0.815591
vt 0.651029 0.815485
vt 0.652613 0.761649
vt 0.651809 0.761750
vt 0.650534 0.761855
vt 0.255817 0.773960
vt 0.259156 0.762239
vt 0.255912 0.750909
vt 0.237417 0.740485
vt 0.249782 0.736144
vt 0.247250 0.742889
vt 0.224970 0.735336
vt 0.227535 0.742884
vt 0.218842 0.750912
vt 0.215598 0.762242
vt 0.218938 0.773962
vt 0.237378 0.784295
vt 0.247120 0.781951
vt 0.227635 0.781953
vt 0.237369 0.591459
vt 0.798814 0.869592
vt 0.796242 0.872054
vt 0.788128 0.866502
vt 0.793548 0.861295
vt 0.794878 0.875343
vt 0.794902 0.879082
vt 0.785255 0.881073
vt 0.785238 0.873441
vt 0.808339 0.869567
vt 0.805419 0.868334
vt 0.807494 0.858675
vt 0.813887 0.861373
vt 0.812354 0.875941
vt 0.810987 0.872279
vt 0.819325 0.866999
vt 0.822082 0.874432
vt 0.810879 0.882071
vt 0.812226 0.879041
vt 0.821802 0.881267
vt 0.818981 0.887614
vt 0.805700 0.885665
vt 0.808544 0.884423
vt 0.814088 0.892543
vt 0.807817 0.895280
vt 0.798305 0.884232
vt 0.801792 0.885718
vt 0.799890 0.895402
vt 0.792676 0.892371
vt 0.796097 0.881956
vt 0.787846 0.887388
vt 0.802307 0.868261
vt 0.800669 0.858547
vt 0.255449 0.751146
vt 0.247046 0.743374
vt 0.237403 0.741021
vt 0.246953 0.781399
vt 0.255397 0.773624
vt 0.258631 0.762241
vt 0.227728 0.743372
vt 0.219305 0.751149
vt 0.216123 0.762243
vt 0.219358 0.773626
vt 0.227803 0.781400
vt 0.237378 0.783709
vt 0.641234 0.879909
vt 0.639756 0.897330
vt 0.638942 0.897172
vt 0.640413 0.879847
vt 0.545421 0.817519
vt 0.536244 0.802636
vt 0.537065 0.802403
vt 0.545995 0.816887
vt 0.642283 0.731548
vt 0.643071 0.746745
vt 0.642229 0.746783
vt 0.641448 0.731593
vt 0.545111 0.770896
vt 0.558146 0.763529
vt 0.558378 0.764348
vt 0.545695 0.771516
vt 0.643773 0.832797
vt 0.643207 0.847949
vt 0.642370 0.847910
vt 0.642930 0.832766
vt 0.588442 0.817284
vt 0.575460 0.824600
vt 0.575227 0.823777
vt 0.587859 0.816658
vt 0.644077 0.779455
vt 0.644247 0.797365
vt 0.643396 0.797366
vt 0.643226 0.779470
vt 0.588156 0.770583
vt 0.597314 0.785322
vt 0.596492 0.785555
vt 0.587581 0.771212
vt 0.642409 0.862940
vt 0.641581 0.862895
vt 0.560570 0.825185
vt 0.560738 0.824347
vt 0.639764 0.697052
vt 0.641166 0.714520
vt 0.640337 0.714581
vt 0.638942 0.697210
vt 0.536303 0.785284
vt 0.537123 0.785517
vt 0.644145 0.815386
vt 0.643296 0.815372
vt 0.597314 0.802807
vt 0.596493 0.802570
vt 0.643657 0.762077
vt 0.642809 0.762108
vt 0.573108 0.762958
vt 0.572936 0.763793
vt 0.566774 0.793961
vt 0.790351 0.856287
vt 0.783229 0.863150
vt 0.782721 0.862803
vt 0.790012 0.855773
vt 0.782240 0.862473
vt 0.789682 0.855296
vt 0.779411 0.872274
vt 0.779404 0.882252
vt 0.778805 0.882398
vt 0.778811 0.872145
vt 0.778251 0.882577
vt 0.778251 0.872011
vt 0.809451 0.851613
vt 0.818078 0.855133
vt 0.817677 0.855773
vt 0.808994 0.852190
vt 0.817283 0.856370
vt 0.808730 0.852799
vt 0.825475 0.863017
vt 0.829223 0.873227
vt 0.828600 0.873400
vt 0.824940 0.863443
vt 0.827972 0.873529
vt 0.824399 0.863817
vt 0.828821 0.882962
vt 0.824946 0.891696
vt 0.824416 0.891333
vt 0.828212 0.882779
vt 0.823889 0.890972
vt 0.827596 0.882619
vt 0.818183 0.898497
vt 0.809348 0.902358
vt 0.809236 0.901724
vt 0.817811 0.897977
vt 0.809110 0.901097
vt 0.817446 0.897454
vt 0.798277 0.902568
vt 0.788428 0.898605
vt 0.788844 0.897950
vt 0.798571 0.901922
vt 0.789242 0.897348
vt 0.798761 0.901285
vt 0.782025 0.891850
vt 0.782360 0.891158
vt 0.782817 0.890668
vt 0.799534 0.851462
vt 0.799567 0.852052
vt 0.799648 0.852667
vt 0.800361 0.872034
vt 0.798655 0.873706
vt 0.798254 0.873431
vt 0.800105 0.871633
vt 0.797845 0.873151
vt 0.799844 0.871222
vt 0.797715 0.875901
vt 0.797749 0.878450
vt 0.797279 0.878565
vt 0.797248 0.875808
vt 0.796798 0.878679
vt 0.796771 0.875714
vt 0.805009 0.870241
vt 0.807260 0.871181
vt 0.806994 0.871599
vt 0.804904 0.870730
vt 0.806738 0.872012
vt 0.804802 0.871211
vt 0.809361 0.873316
vt 0.810438 0.876231
vt 0.809950 0.876293
vt 0.808953 0.873581
vt 0.809470 0.876349
vt 0.808554 0.873840
vt 0.810333 0.878603
vt 0.809287 0.880981
vt 0.808886 0.880707
vt 0.809850 0.878493
vt 0.808492 0.880437
vt 0.809376 0.878386
vt 0.807449 0.882818
vt 0.805276 0.883775
vt 0.805157 0.883296
vt 0.807172 0.882407
vt 0.805036 0.882829
vt 0.806901 0.882003
vt 0.802170 0.883826
vt 0.799418 0.882641
vt 0.799711 0.882242
vt 0.802268 0.883350
vt 0.800003 0.881853
vt 0.802365 0.882884
vt 0.797727 0.880883
vt 0.798145 0.880608
vt 0.798556 0.880340
vt 0.802618 0.870174
vt 0.802686 0.870663
vt 0.802749 0.871143
vt 0.802046 0.874689
vt 0.801238 0.875473
vt 0.800948 0.875275
vt 0.801858 0.874382
vt 0.800649 0.875070
vt 0.801660 0.874068
vt 0.800799 0.876511
vt 0.800812 0.877725
vt 0.800467 0.877830
vt 0.800445 0.876447
vt 0.800112 0.877927
vt 0.800080 0.876375
vt 0.804298 0.873581
vt 0.805418 0.874037
vt 0.805223 0.874352
vt 0.804218 0.873937
vt 0.805023 0.874658
vt 0.804129 0.874287
vt 0.806530 0.875144
vt 0.807081 0.876686
vt 0.806711 0.876718
vt 0.806212 0.875344
vt 0.806338 0.876741
vt 0.805892 0.875535
vt 0.807019 0.877855
vt 0.806502 0.879075
vt 0.806191 0.878862
vt 0.806660 0.877773
vt 0.805878 0.878648
vt 0.806298 0.877685
vt 0.805552 0.879999
vt 0.804485 0.880480
vt 0.804381 0.880124
vt 0.805345 0.879695
vt 0.804267 0.879768
vt 0.805132 0.879389
vt 0.802847 0.880525
vt 0.801413 0.879889
vt 0.801636 0.879594
vt 0.802919 0.880157
vt 0.801849 0.879297
vt 0.802981 0.879789
vt 0.800583 0.879011
vt 0.800885 0.878807
vt 0.801179 0.878598
vt 0.803118 0.873535
vt 0.803155 0.873901
vt 0.803183 0.874261
vt 0.244578 0.605400
vt 0.244780 0.604859
vt 0.251304 0.609320
vt 0.250726 0.609712
vt 0.255150 0.615723
vt 0.254488 0.615580
vt 0.263348 0.637091
vt 0.245222 0.639164
vt 0.250504 0.635718
vt 0.237369 0.603914
vt 0.237369 0.603311
vt 0.229935 0.604798
vt 0.230161 0.605403
vt 0.224018 0.609715
vt 0.223411 0.609304
vt 0.219636 0.615823
vt 0.197053 0.622875
vt 0.277684 0.620596
vt 0.256475 0.621877
vt 0.255036 0.629074
vt 0.254307 0.629347
vt 0.254882 0.629840
vt 0.249857 0.635649
vt 0.211477 0.639452
vt 0.224053 0.635922
vt 0.229181 0.639308
vt 0.220383 0.629265
vt 0.224913 0.635681
vt 0.219934 0.629780
vt 0.218218 0.622002
vt 0.219724 0.629085
vt 0.803414 0.876962
vt 0.898730 0.909335
vt 0.898824 0.908876
vt 0.690462 0.965207
vt 0.791280 0.965124
vt 0.943740 0.965368
vt 0.675420 0.965231
vt 0.806713 0.965149
vt 0.221212 0.893820
vt 0.221065 0.893643
vt 0.630351 0.965303
vt 0.827145 0.965181
vt 0.753864 0.965105
vt 0.611300 0.965333
vt 0.842821 0.965207
vt 0.898830 0.511196
vt 0.898734 0.510739
vt 0.742003 0.965124
vt 0.589543 0.965368
vt 0.857862 0.965231
vt 0.221122 0.891855
vt 0.221269 0.891678
vt 0.961989 0.965015
vt 0.961854 0.965150
vt 0.961781 0.965150
vt 0.961885 0.965015
vt 0.033193 0.893326
vt 0.033238 0.893531
vt 0.047792 0.893349
vt 0.047774 0.893553
vt 0.060150 0.893367
vt 0.060182 0.893572
vt 0.103657 0.893433
vt 0.103648 0.893638
vt 0.151715 0.893506
vt 0.151715 0.893711
vt 0.194949 0.893572
vt 0.194954 0.893776
vt 0.892858 0.697083
vt 0.893353 0.697070
vt 0.893374 0.710047
vt 0.892879 0.710047
vt 0.892835 0.683356
vt 0.893330 0.683312
vt 0.892812 0.669433
vt 0.893306 0.669449
vt 0.892791 0.657749
vt 0.893285 0.657718
vt 0.892719 0.616416
vt 0.893214 0.616423
vt 0.892639 0.570830
vt 0.893133 0.570828
vt 0.892564 0.529839
vt 0.893056 0.529832
vt 0.194997 0.891923
vt 0.151747 0.891979
vt 0.151747 0.891774
vt 0.195002 0.891718
vt 0.103671 0.892041
vt 0.103662 0.891836
vt 0.060146 0.892096
vt 0.060178 0.891891
vt 0.047784 0.892112
vt 0.047765 0.891907
vt 0.033178 0.892131
vt 0.033223 0.891926
vt 0.018683 0.892149
vt 0.018695 0.891945
vt 0.005012 0.892167
vt 0.005012 0.891962
vt 0.892858 0.723011
vt 0.893353 0.723023
vt 0.892835 0.736737
vt 0.893330 0.736781
vt 0.892811 0.750660
vt 0.893306 0.750643
vt 0.892790 0.762343
vt 0.893285 0.762374
vt 0.892719 0.803674
vt 0.893213 0.803667
vt 0.892638 0.849257
vt 0.893132 0.849259
vt 0.892562 0.890244
vt 0.893055 0.890251
vt 0.571624 0.965150
vt 0.221769 0.798384
vt 0.221566 0.798523
vt 0.221565 0.798390
vt 0.221770 0.798248
vt 0.571193 0.971218
vt 0.571265 0.971235
vt 0.571298 0.971381
vt 0.571267 0.971409
vt 0.571440 0.971252
vt 0.571443 0.971418
vt 0.571445 0.971487
vt 0.962090 0.971218
vt 0.962015 0.971409
vt 0.961984 0.971381
vt 0.962017 0.971235
vt 0.961837 0.971487
vt 0.961840 0.971418
vt 0.961843 0.971252
vt 0.962090 0.965274
vt 0.962017 0.965274
vt 0.961841 0.965274
vt 0.961604 0.965150
vt 0.571193 0.965274
vt 0.571266 0.965274
vt 0.571441 0.965274
vt 0.214390 0.987188
vt 0.214531 0.893806
vt 0.214745 0.893799
vt 0.214599 0.987176
vt 0.214969 0.893809
vt 0.214819 0.987166
vt 0.589543 0.971458
vt 0.589543 0.971389
vt 0.589543 0.971223
vt 0.892949 0.511242
vt 0.892530 0.511081
vt 0.892645 0.510878
vt 0.892953 0.511162
vt 0.892859 0.510761
vt 0.893052 0.511162
vt 0.611350 0.971423
vt 0.611314 0.971354
vt 0.611300 0.971188
vt 0.630350 0.971393
vt 0.630350 0.971324
vt 0.630351 0.971157
vt 0.675418 0.971321
vt 0.675420 0.971252
vt 0.675420 0.971085
vt 0.690420 0.971297
vt 0.690450 0.971227
vt 0.690462 0.971061
vt 0.706162 0.971271
vt 0.706145 0.971202
vt 0.706138 0.971036
vt 0.726571 0.971239
vt 0.726570 0.971170
vt 0.726570 0.971003
vt 0.571440 0.965397
vt 0.571265 0.965398
vt 0.571193 0.965398
vt 0.961842 0.965397
vt 0.962017 0.965398
vt 0.962090 0.965398
vt 0.741998 0.971214
vt 0.742002 0.971145
vt 0.742003 0.970978
vt 0.753864 0.971195
vt 0.753864 0.971126
vt 0.753864 0.970959
vt 0.766641 0.971174
vt 0.766641 0.971105
vt 0.766641 0.970939
vt 0.214593 0.893611
vt 0.214726 0.893611
vt 0.214869 0.893633
vt 0.893050 0.908918
vt 0.892857 0.909319
vt 0.892644 0.909203
vt 0.892951 0.908919
vt 0.892528 0.909000
vt 0.892947 0.908839
vt 0.943740 0.971223
vt 0.943739 0.971389
vt 0.943739 0.971458
vt 0.214898 0.798304
vt 0.214899 0.798805
vt 0.214678 0.798853
vt 0.214678 0.798293
vt 0.214469 0.798987
vt 0.214468 0.798279
vt 0.921983 0.971188
vt 0.921968 0.971354
vt 0.921933 0.971423
vt 0.902932 0.971157
vt 0.902932 0.971324
vt 0.902933 0.971393
vt 0.857862 0.971085
vt 0.857863 0.971252
vt 0.857864 0.971321
vt 0.842821 0.971061
vt 0.842833 0.971227
vt 0.842863 0.971297
vt 0.827145 0.971036
vt 0.827137 0.971202
vt 0.827120 0.971271
vt 0.806713 0.971003
vt 0.806712 0.971170
vt 0.806712 0.971239
vt 0.791280 0.970978
vt 0.791281 0.971145
vt 0.791284 0.971214
vt 0.779419 0.970959
vt 0.779419 0.971126
vt 0.779419 0.971195
vt 0.215024 0.891688
vt 0.214924 0.891865
vt 0.214781 0.891887
vt 0.214800 0.891699
vt 0.214649 0.891888
vt 0.214585 0.891693
vt 0.221687 0.987092
vt 0.221688 0.987227
vt 0.221483 0.987085
vt 0.221485 0.986951
vt 0.221197 0.987444
vt 0.221197 0.987308
vt 0.221065 0.987447
vt 0.221065 0.987311
vt 0.214819 0.987438
vt 0.214819 0.987302
vt 0.221568 0.798657
vt 0.221568 0.799047
vt 0.221279 0.798800
vt 0.221278 0.798302
vt 0.018614 0.798543
vt 0.004895 0.798561
vt 0.004895 0.798270
vt 0.018614 0.798253
vt 0.018611 0.986872
vt 0.018611 0.987163
vt 0.004897 0.987142
vt 0.004898 0.986851
vt 0.194966 0.987159
vt 0.221146 0.798796
vt 0.221146 0.798296
vt 0.194966 0.987295
vt 0.194966 0.987430
vt 0.171563 0.987395
vt 0.171534 0.987259
vt 0.171505 0.987123
vt 0.151173 0.987018
vt 0.151172 0.987191
vt 0.102804 0.987029
vt 0.102807 0.986768
vt 0.086807 0.986685
vt 0.087675 0.949068
vt 0.065880 0.949035
vt 0.069776 0.986950
vt 0.069806 0.987240
vt 0.047903 0.987207
vt 0.047902 0.986917
vt 0.031345 0.987182
vt 0.031351 0.986892
vt 0.195038 0.798168
vt 0.171596 0.798197
vt 0.171625 0.798061
vt 0.195038 0.798032
vt 0.195037 0.798950
vt 0.195037 0.798303
vt 0.151231 0.798868
vt 0.171446 0.798906
vt 0.151228 0.798477
vt 0.102844 0.798778
vt 0.102841 0.798463
vt 0.086116 0.836382
vt 0.086837 0.798748
vt 0.065893 0.836408
vt 0.069800 0.798479
vt 0.047917 0.798506
vt 0.047918 0.798216
vt 0.069830 0.798188
vt 0.031359 0.798527
vt 0.031353 0.798237
vt 0.221974 0.798243
vt 0.221974 0.798106
vt 0.221892 0.987233
vt 0.221892 0.987370
vt 0.347134 0.501115
vt 0.347123 0.501911
vt 0.346113 0.501763
vt 0.346334 0.501084
vt 0.339889 0.493842
vt 0.339917 0.494640
vt 0.339238 0.494860
vt 0.339097 0.493813
vt 0.622751 0.501115
vt 0.623549 0.501079
vt 0.623769 0.501752
vt 0.622913 0.501917
vt 0.629994 0.493842
vt 0.630790 0.493895
vt 0.630641 0.494858
vt 0.629964 0.494641
vt 0.622746 0.350120
vt 0.622674 0.349327
vt 0.623764 0.349482
vt 0.623545 0.350154
vt 0.309276 0.639589
vt 0.322549 0.647545
vt 0.309264 0.647543
vt 0.629988 0.357392
vt 0.629960 0.356594
vt 0.630639 0.356375
vt 0.630780 0.357413
vt 0.339897 0.357390
vt 0.339098 0.357241
vt 0.339101 0.356425
vt 0.339931 0.356593
vt 0.347137 0.350120
vt 0.346339 0.350162
vt 0.346007 0.349386
vt 0.346868 0.349313
vt 0.347165 0.495273
vt 0.346350 0.495192
vt 0.346523 0.494470
vt 0.347194 0.494510
vt 0.345720 0.493828
vt 0.346482 0.493800
vt 0.345799 0.494643
vt 0.347234 0.493759
vt 0.622718 0.495273
vt 0.622690 0.494510
vt 0.623361 0.494470
vt 0.623534 0.495192
vt 0.622650 0.493759
vt 0.623401 0.493800
vt 0.624163 0.493828
vt 0.624084 0.494643
vt 0.622714 0.355962
vt 0.623530 0.356042
vt 0.623357 0.356764
vt 0.622686 0.356724
vt 0.624158 0.357406
vt 0.623397 0.357434
vt 0.624079 0.356591
vt 0.622646 0.357475
vt 0.345726 0.357406
vt 0.345806 0.356592
vt 0.346528 0.356764
vt 0.346487 0.357434
vt 0.347170 0.355962
vt 0.347198 0.356724
vt 0.346355 0.356042
vt 0.347238 0.357475
vt 0.181028 0.734739
vt 0.165491 0.734722
vt 0.165500 0.734098
vt 0.181030 0.734106
vt 0.393874 0.501965
vt 0.368736 0.501968
vt 0.368737 0.501176
vt 0.393874 0.501174
vt 0.152125 0.734681
vt 0.152163 0.734072
vt 0.237376 0.734753
vt 0.197077 0.734748
vt 0.197079 0.734114
vt 0.237376 0.734117
vt 0.484942 0.501962
vt 0.419818 0.501962
vt 0.419818 0.501171
vt 0.484942 0.501171
vt 0.576010 0.501174
vt 0.601147 0.501176
vt 0.601148 0.501968
vt 0.576010 0.501965
vt 0.293729 0.734100
vt 0.309267 0.734091
vt 0.309274 0.734720
vt 0.293731 0.734733
vt 0.550066 0.501171
vt 0.550066 0.501962
vt 0.277675 0.734109
vt 0.277677 0.734743
vt 0.322687 0.734091
vt 0.322825 0.734698
vt 0.323353 0.733358
vt 0.323354 0.648948
vt 0.323963 0.648959
vt 0.323958 0.733474
vt 0.293719 0.647529
vt 0.309257 0.648169
vt 0.293717 0.648160
vt 0.576008 0.349271
vt 0.601145 0.349267
vt 0.601143 0.350059
vt 0.576008 0.350062
vt 0.237367 0.647498
vt 0.264777 0.647508
vt 0.264839 0.648142
vt 0.237367 0.648132
vt 0.484942 0.349275
vt 0.529341 0.349275
vt 0.529383 0.350066
vt 0.484942 0.350066
vt 0.322535 0.648160
vt 0.277665 0.647516
vt 0.277665 0.648150
vt 0.550065 0.349275
vt 0.550065 0.350065
vt 0.393876 0.350062
vt 0.368740 0.350059
vt 0.368740 0.349267
vt 0.393876 0.349271
vt 0.181018 0.648153
vt 0.165481 0.648161
vt 0.165473 0.647535
vt 0.181016 0.647522
vt 0.151995 0.648152
vt 0.151910 0.647541
vt 0.441115 0.350066
vt 0.441158 0.349275
vt 0.210274 0.648137
vt 0.210338 0.647503
vt 0.419819 0.350065
vt 0.419819 0.349274
vt 0.197069 0.648144
vt 0.197069 0.647511
vt 0.393874 0.495351
vt 0.368748 0.495345
vt 0.368750 0.494554
vt 0.393874 0.494559
vt 0.368753 0.493763
vt 0.393873 0.493767
vt 0.484942 0.495350
vt 0.419818 0.495350
vt 0.419818 0.494559
vt 0.484942 0.494560
vt 0.419817 0.493768
vt 0.484942 0.493769
vt 0.576011 0.493767
vt 0.601131 0.493763
vt 0.601134 0.494554
vt 0.576010 0.494559
vt 0.601137 0.495345
vt 0.576010 0.495351
vt 0.550067 0.493768
vt 0.550066 0.494559
vt 0.550066 0.495350
vt 0.576008 0.355885
vt 0.601134 0.355890
vt 0.601131 0.356681
vt 0.576008 0.356677
vt 0.601128 0.357472
vt 0.576009 0.357469
vt 0.484942 0.355886
vt 0.529383 0.355887
vt 0.529425 0.356677
vt 0.484942 0.356677
vt 0.529525 0.357468
vt 0.484942 0.357468
vt 0.550065 0.355886
vt 0.550065 0.356678
vt 0.550066 0.357468
vt 0.393875 0.357469
vt 0.368756 0.357472
vt 0.368753 0.356681
vt 0.393876 0.356677
vt 0.368750 0.355890
vt 0.393876 0.355885
vt 0.440968 0.357468
vt 0.441072 0.356677
vt 0.441115 0.355886
vt 0.419818 0.357468
vt 0.419819 0.356677
vt 0.419819 0.355886
vt 0.231237 0.639964
vt 0.243485 0.639955
vt 0.244015 0.639302
vt 0.237367 0.641186
vt 0.237367 0.640556
vt 0.150841 0.647599
vt 0.147745 0.648243
vt 0.326535 0.647736
vt 0.323894 0.647612
vt 0.293738 0.630242
vt 0.181000 0.631647
vt 0.165460 0.640151
vt 0.151504 0.648342
vt 0.151383 0.648830
vt 0.150783 0.648596
vt 0.151590 0.733875
vt 0.150857 0.734616
vt 0.151383 0.733279
vt 0.150783 0.733343
vt 0.323164 0.733904
vt 0.323892 0.734633
vt 0.323155 0.648355
vt 0.327101 0.733486
vt 0.147553 0.733560
vt 0.555269 0.852625
vt 0.555279 0.854542
vt 0.553295 0.854855
vt 0.553294 0.852320
vt 0.551486 0.855295
vt 0.551446 0.851896
vt 0.549546 0.858866
vt 0.547042 0.857841
vt 0.548092 0.855380
vt 0.550563 0.856733
vt 0.548693 0.853593
vt 0.547037 0.849370
vt 0.549523 0.848340
vt 0.550607 0.850529
vt 0.547967 0.851717
vt 0.556252 0.847659
vt 0.555979 0.847229
vt 0.556244 0.847080
vt 0.556471 0.847376
vt 0.555755 0.846701
vt 0.556161 0.846662
vt 0.556843 0.846874
vt 0.555815 0.860486
vt 0.556033 0.859953
vt 0.556300 0.860099
vt 0.556223 0.860518
vt 0.556300 0.859517
vt 0.556524 0.859798
vt 0.556905 0.860294
vt 0.540334 0.852800
vt 0.540389 0.853591
vt 0.539945 0.853590
vt 0.539816 0.853014
vt 0.540331 0.854382
vt 0.539813 0.854165
vt 0.538999 0.853587
vt 0.565228 0.855080
vt 0.565571 0.855195
vt 0.565288 0.855800
vt 0.564966 0.855535
vt 0.584272 0.910422
vt 0.586648 0.911595
vt 0.570407 0.911525
vt 0.570784 0.910587
vt 0.564602 0.855906
vt 0.564753 0.856171
vt 0.564588 0.851226
vt 0.564779 0.850980
vt 0.565265 0.851333
vt 0.564949 0.851595
vt 0.565213 0.852045
vt 0.565556 0.851940
vt 0.537252 0.873422
vt 0.537570 0.874532
vt 0.536705 0.874870
vt 0.536570 0.873462
vt 0.538167 0.875534
vt 0.537380 0.875902
vt 0.546238 0.879534
vt 0.547698 0.878288
vt 0.548900 0.878984
vt 0.546944 0.881429
vt 0.547057 0.877670
vt 0.545846 0.878386
vt 0.554183 0.920978
vt 0.556288 0.919671
vt 0.556086 0.920660
vt 0.544514 0.878621
vt 0.544563 0.879620
vt 0.546924 0.829904
vt 0.545780 0.829250
vt 0.546186 0.828148
vt 0.547274 0.828946
vt 0.544483 0.829027
vt 0.544772 0.828007
vt 0.561757 0.888074
vt 0.561978 0.890976
vt 0.561238 0.890381
vt 0.537308 0.834143
vt 0.536634 0.834117
vt 0.536765 0.832706
vt 0.537625 0.833043
vt 0.536336 0.876817
vt 0.535399 0.875185
vt 0.538219 0.832053
vt 0.537365 0.831752
vt 0.553867 0.847956
vt 0.554397 0.848587
vt 0.553888 0.849130
vt 0.553590 0.848982
vt 0.555011 0.849074
vt 0.554060 0.849409
vt 0.553102 0.850068
vt 0.555039 0.858110
vt 0.554428 0.858605
vt 0.553910 0.858065
vt 0.554080 0.857783
vt 0.553902 0.859245
vt 0.553613 0.858217
vt 0.553111 0.857131
vt 0.543190 0.854645
vt 0.543278 0.853591
vt 0.544245 0.853589
vt 0.544365 0.853995
vt 0.543188 0.852538
vt 0.544363 0.853184
vt 0.545773 0.853586
vt 0.563965 0.854926
vt 0.563809 0.854793
vt 0.563921 0.854694
vt 0.564090 0.854789
vt 0.563643 0.854566
vt 0.563954 0.854550
vt 0.564181 0.854602
vt 0.563956 0.852208
vt 0.564081 0.852345
vt 0.563913 0.852441
vt 0.563802 0.852342
vt 0.564174 0.852531
vt 0.563947 0.852584
vt 0.563637 0.852569
vt 0.539700 0.873245
vt 0.540138 0.873081
vt 0.540222 0.873391
vt 0.539865 0.873623
vt 0.540750 0.872993
vt 0.540475 0.873596
vt 0.540149 0.873981
vt 0.545299 0.875779
vt 0.544877 0.875886
vt 0.544804 0.875407
vt 0.545114 0.875244
vt 0.544390 0.875901
vt 0.544458 0.875345
vt 0.544715 0.874652
vt 0.545226 0.831796
vt 0.545057 0.832323
vt 0.544753 0.832167
vt 0.544819 0.831699
vt 0.544674 0.832911
vt 0.544416 0.832232
vt 0.544346 0.831689
vt 0.539734 0.834317
vt 0.539896 0.833944
vt 0.540249 0.834172
vt 0.540166 0.834480
vt 0.540176 0.833589
vt 0.540498 0.833970
vt 0.540771 0.834566
vt 0.556687 0.848167
vt 0.556877 0.847887
vt 0.557093 0.847443
vt 0.555427 0.845766
vt 0.555923 0.845713
vt 0.556834 0.845731
vt 0.555505 0.861416
vt 0.556001 0.861467
vt 0.556911 0.861445
vt 0.556738 0.858994
vt 0.556930 0.859272
vt 0.557153 0.859711
vt 0.540156 0.851616
vt 0.539597 0.851837
vt 0.538698 0.852302
vt 0.540143 0.855596
vt 0.539584 0.855373
vt 0.538681 0.854902
vt 0.565470 0.854224
vt 0.565783 0.854239
vt 0.566362 0.854221
vt 0.566185 0.855244
vt 0.565462 0.852896
vt 0.565774 0.852882
vt 0.566354 0.852909
vt 0.566154 0.851814
vt 0.539609 0.876934
vt 0.539234 0.877550
vt 0.538623 0.878737
vt 0.542371 0.878301
vt 0.542042 0.878996
vt 0.541303 0.880215
vt 0.544354 0.881321
vt 0.542375 0.829337
vt 0.542051 0.828657
vt 0.541322 0.827458
vt 0.544541 0.826350
vt 0.539651 0.830676
vt 0.539281 0.830070
vt 0.538666 0.828906
vt 0.536452 0.830745
vt 0.564969 0.856629
vt 0.565044 0.850539
vt 0.535533 0.834232
vt 0.546934 0.826349
vt 0.555435 0.850903
vt 0.555636 0.850149
vt 0.555869 0.849557
vt 0.551714 0.847608
vt 0.552586 0.847288
vt 0.553237 0.846979
vt 0.551755 0.859596
vt 0.552631 0.859914
vt 0.553287 0.860221
vt 0.555462 0.856267
vt 0.555671 0.857020
vt 0.555909 0.857610
vt 0.544749 0.850465
vt 0.543746 0.850896
vt 0.542918 0.851169
vt 0.544751 0.856749
vt 0.543746 0.856318
vt 0.542917 0.856045
vt 0.563329 0.853925
vt 0.564044 0.854027
vt 0.564308 0.854060
vt 0.563329 0.853212
vt 0.564041 0.853106
vt 0.564304 0.853071
vt 0.542247 0.872962
vt 0.541422 0.874264
vt 0.541101 0.874753
vt 0.543641 0.873542
vt 0.543281 0.875080
vt 0.543123 0.875678
vt 0.543623 0.834014
vt 0.543262 0.832499
vt 0.543106 0.831912
vt 0.542250 0.834593
vt 0.541432 0.833309
vt 0.541116 0.832826
vt 0.585360 0.903880
vt 0.584386 0.903362
vt 0.586639 0.902146
vt 0.570325 0.902337
vt 0.570720 0.903254
vt 0.569809 0.903264
vt 0.569305 0.902478
vt 0.562165 0.925443
vt 0.562342 0.922990
vt 0.569386 0.911395
vt 0.569858 0.910601
vt 0.585310 0.910066
vt 0.562289 0.907005
vt 0.553885 0.892746
vt 0.556080 0.894607
vt 0.562972 0.906181
vt 0.563433 0.906981
vt 0.562977 0.907802
vt 0.590093 0.898439
vt 0.591994 0.906917
vt 0.591235 0.906532
vt 0.589556 0.898864
vt 0.588681 0.905699
vt 0.587441 0.900196
vt 0.585467 0.891336
vt 0.585509 0.892359
vt 0.584859 0.895337
vt 0.578915 0.886218
vt 0.578640 0.886752
vt 0.577564 0.888792
vt 0.571088 0.883629
vt 0.570189 0.884123
vt 0.568004 0.886222
vt 0.562856 0.883715
vt 0.562778 0.884331
vt 0.562802 0.886698
vt 0.555132 0.886583
vt 0.555689 0.886956
vt 0.557417 0.888650
vt 0.548762 0.891889
vt 0.549465 0.891999
vt 0.551780 0.892880
vt 0.544483 0.899095
vt 0.545066 0.899321
vt 0.547247 0.900205
vt 0.542758 0.907347
vt 0.543509 0.907336
vt 0.545980 0.907304
vt 0.544631 0.915565
vt 0.545206 0.915320
vt 0.547365 0.914382
vt 0.549039 0.922686
vt 0.549666 0.922484
vt 0.551790 0.921386
vt 0.555500 0.927849
vt 0.556105 0.927490
vt 0.557925 0.925825
vt 0.563259 0.930579
vt 0.563209 0.929966
vt 0.563270 0.927617
vt 0.571481 0.930556
vt 0.570772 0.930051
vt 0.569011 0.927952
vt 0.579263 0.927838
vt 0.578975 0.927303
vt 0.577877 0.925257
vt 0.585767 0.922622
vt 0.585270 0.922237
vt 0.583430 0.920755
vt 0.590216 0.915417
vt 0.589711 0.914853
vt 0.587697 0.913233
vt 0.596909 0.906877
vt 0.594434 0.896626
vt 0.594596 0.917153
vt 0.585674 0.908893
vt 0.585684 0.904817
vt 0.585693 0.907694
vt 0.585698 0.906108
vt 0.588837 0.888236
vt 0.581025 0.882254
vt 0.571771 0.879207
vt 0.562042 0.879330
vt 0.552888 0.882700
vt 0.545319 0.888954
vt 0.556631 0.921412
vt 0.556411 0.892835
vt 0.555824 0.893681
vt 0.558994 0.891301
vt 0.557663 0.892091
vt 0.560330 0.890501
vt 0.540201 0.897476
vt 0.538250 0.907388
vt 0.540383 0.917262
vt 0.545658 0.925679
vt 0.553330 0.931767
vt 0.562514 0.934973
vt 0.561494 0.923774
vt 0.560551 0.923604
vt 0.557933 0.922132
vt 0.559283 0.922886
vt 0.565770 0.851046
vt 0.572229 0.934961
vt 0.581440 0.931775
vt 0.589186 0.925661
vt 0.548524 0.828275
vt 0.535399 0.832485
vt 0.535470 0.873299
vt 0.565744 0.856205
vt 0.032841 0.336093
vt 0.027348 0.319823
vt 0.022465 0.302477
vt 0.019233 0.286735
vt 0.016581 0.258107
vt 0.016150 0.245866
vt 0.032852 0.155653
vt 0.027357 0.171918
vt 0.022472 0.189260
vt 0.019237 0.205000
vt 0.016582 0.233626
vt 0.057938 0.084830
vt 0.287513 0.984391
vt 0.288009 0.984432
vt 0.300801 0.987297
vt 0.291473 0.987346
vt 0.300891 0.798224
vt 0.291565 0.798172
vt 0.287606 0.801118
vt 0.288102 0.801079
vt 0.221686 0.986956
vt 0.221769 0.798883
vt 0.214468 0.798144
vt 0.221146 0.798161
vt 0.214898 0.798168
vt 0.221278 0.798165
vt 0.214390 0.987324
vt 0.221065 0.987176
vt 0.221197 0.987171
vt 0.221486 0.986818
vt 0.214677 0.798156
vt 0.214599 0.987313
vt 0.291046 0.798177
vt 0.284663 0.798227
vt 0.282466 0.798359
vt 0.515253 0.798291
vt 0.501073 0.798285
vt 0.486893 0.798279
vt 0.472714 0.798273
vt 0.431292 0.798255
vt 0.383064 0.798235
vt 0.339685 0.798216
vt 0.241950 0.798220
vt 0.529432 0.798297
vt 0.302558 0.798200
vt 0.301301 0.798199
vt 0.271648 0.798203
vt 0.242360 0.798221
vt 0.290954 0.987339
vt 0.284569 0.987278
vt 0.282373 0.987143
vt 0.515247 0.987294
vt 0.501061 0.987296
vt 0.486876 0.987298
vt 0.472690 0.987300
vt 0.431253 0.987306
vt 0.383005 0.987313
vt 0.339610 0.987319
vt 0.241864 0.987262
vt 0.529433 0.987292
vt 0.302470 0.987324
vt 0.301212 0.987323
vt 0.271557 0.987291
vt 0.242273 0.987262
vt 0.032116 0.836451
vt 0.018647 0.836468
vt 0.018614 0.798834
vt 0.031365 0.798818
vt 0.047855 0.836431
vt 0.047917 0.798797
vt 0.069770 0.798770
vt 0.086784 0.798458
vt 0.032117 0.948984
vt 0.031357 0.986601
vt 0.018611 0.986582
vt 0.018654 0.948963
vt 0.047850 0.949007
vt 0.047902 0.986626
vt 0.069746 0.986659
vt 0.086754 0.986976
vt 0.004898 0.986561
vt 0.004956 0.948942
vt 0.004943 0.836485
vt 0.004895 0.798851
vt 0.102802 0.987290
vt 0.086702 0.987266
vt 0.151171 0.987364
vt 0.086732 0.798167
vt 0.102838 0.798147
vt 0.151226 0.798086
vt 0.171568 0.798333
vt 0.221768 0.798519
vt 0.561016 0.344117
vt 0.485302 0.344117
vt 0.648303 0.344117
vt 0.626043 0.344117
vt 0.692824 0.344117
vt 0.670564 0.344117
vt 0.440698 0.344117
vt 0.438316 0.342989
vt 0.437338 0.340307
vt 0.715085 0.344117
vt 0.692825 0.004923
vt 0.715085 0.004923
vt 0.438436 0.005950
vt 0.440767 0.004929
vt 0.561016 0.004926
vt 0.626043 0.004925
vt 0.648304 0.004924
vt 0.670564 0.004923
vt 0.485303 0.004928
vt 0.437338 0.091780
vt 0.437338 0.008644
vt 0.944868 0.344117
vt 0.869154 0.344117
vt 0.804127 0.344117
vt 0.781866 0.344117
vt 0.759606 0.344117
vt 0.737346 0.344117
vt 0.989472 0.344117
vt 0.992831 0.340307
vt 0.991854 0.342989
vt 0.737345 0.004923
vt 0.989403 0.004929
vt 0.991734 0.005950
vt 0.804127 0.004925
vt 0.869153 0.004926
vt 0.759606 0.004923
vt 0.781866 0.004924
vt 0.944867 0.004928
vt 0.992831 0.008644
vt 0.992831 0.091780
vt 0.300803 0.987434
vt 0.301213 0.987459
vt 0.271557 0.987428
vt 0.241863 0.987398
vt 0.242273 0.987399
vt 0.339610 0.987455
vt 0.302470 0.987460
vt 0.529433 0.987428
vt 0.515247 0.987430
vt 0.291473 0.987430
vt 0.290954 0.987425
vt 0.383005 0.987449
vt 0.431253 0.987442
vt 0.472690 0.987436
vt 0.486876 0.987434
vt 0.501061 0.987432
vt 0.284569 0.987414
vt 0.287511 0.984522
vt 0.288009 0.984524
vt 0.300892 0.798087
vt 0.301301 0.798064
vt 0.271648 0.798067
vt 0.241950 0.798084
vt 0.242360 0.798085
vt 0.339685 0.798080
vt 0.302558 0.798064
vt 0.529432 0.798161
vt 0.515253 0.798155
vt 0.291565 0.798088
vt 0.291046 0.798091
vt 0.383064 0.798099
vt 0.431292 0.798119
vt 0.472714 0.798137
vt 0.486893 0.798143
vt 0.501073 0.798149
vt 0.284663 0.798091
vt 0.287605 0.800987
vt 0.288102 0.800987
vt 0.214389 0.987460
vt 0.214599 0.987449
vt 0.214898 0.798032
vt 0.214677 0.798020
vt 0.214468 0.798008
vt 0.221278 0.798028
vt 0.221146 0.798025
vt 0.255772 0.621920
vt 0.230694 0.639296
vt 0.218944 0.621972
vt 0.220224 0.615640
s 1
usemtl m_gba_cart
f 1020/1/748 954/2/713 1034/3/3 1024/4/3
f 76/5/6 487/6/386 506/7/402
f 782/8/2 768/9/2 763/10/2 775/11/2
f 44/12/19 51/13/24 53/14/26 45/15/20
f 45/15/20 53/14/26 52/16/25 43/17/18
f 41/18/16 54/19/27 56/20/29 42/21/17
f 42/21/17 56/20/29 55/22/28 40/23/15
f 58/24/31 41/18/16 42/21/17 59/25/32
f 59/25/32 42/21/17 40/23/15 57/26/30
f 54/19/27 38/27/13 39/28/14 56/20/29
f 56/20/29 39/28/14 37/29/12 55/22/28
f 51/13/24 58/24/31 59/25/32 53/14/26
f 53/14/26 59/25/32 57/26/30 52/16/25
f 36/30/11 3033/31/2106 48/32/23
f 36/30/11 48/32/23 47/33/22
f 46/34/21 44/12/19 45/15/20 48/35/23
f 48/35/23 45/15/20 43/17/18 47/36/22
f 4/37/3 36/30/11 35/38/3
f 930/39/698 36/30/11 4/37/3
f 3003/40/2076 46/41/21 3033/42/2106 3032/43/2105
f 3004/44/2077 38/45/13 54/46/27 3005/47/2078
f 3006/48/2079 41/49/16 58/50/31 3007/51/2080
f 3005/47/2078 54/46/27 41/49/16 3006/48/2079
f 3008/52/2081 51/53/24 44/54/19 3009/55/2082
f 3009/55/2082 44/54/19 46/41/21 3003/40/2076
f 3007/51/2080 58/50/31 51/53/24 3008/52/2081
f 71/56/44 61/57/34 63/58/36 72/59/45
f 72/59/45 63/58/36 62/60/35 70/61/43
f 86/62/58 71/56/44 72/59/45 87/63/59
f 87/63/59 72/59/45 70/61/43 60/64/33
f 97/65/69 62/60/35 63/58/36 99/66/71
f 99/66/71 63/58/36 61/57/34 98/67/70
f 89/68/61 77/69/49 79/70/51 90/71/62
f 90/71/62 79/70/51 78/72/50 88/73/60
f 95/74/67 80/75/52 82/76/54 96/77/68
f 96/77/68 82/76/54 81/78/53 94/79/66
f 92/80/64 83/81/55 85/82/57 93/83/65
f 93/83/65 85/82/57 84/84/56 91/85/63
f 110/86/79 86/62/58 87/63/59 111/87/80
f 111/87/80 87/63/59 60/64/33 112/88/81
f 80/75/52 89/68/61 90/71/62 82/76/54
f 82/76/54 90/71/62 88/73/60 81/78/53
f 64/89/37 92/80/64 93/83/65 66/90/39
f 66/90/39 93/83/65 91/85/63 65/91/38
f 83/81/55 95/74/67 96/77/68 85/82/57
f 85/82/57 96/77/68 94/79/66 84/84/56
f 100/92/72 97/65/69 99/66/71 102/93/74
f 102/93/74 99/66/71 98/67/70 101/94/73
f 104/95/76 100/92/72 102/93/74 105/96/77
f 105/96/77 102/93/74 101/94/73 103/97/75
f 62/60/35 50/98/3 35/38/3 70/61/43
f 50/98/3 62/60/35 49/99/3
f 70/61/43 36/30/11 60/64/33
f 35/38/3 36/30/11 70/61/43
f 79/70/51 111/87/80 112/88/81 78/72/50
f 77/69/49 110/86/79 111/87/80 79/70/51
f 778/100/2 771/101/2 768/9/2 782/8/2
f 47/33/22 3029/102/2102 36/30/11
f 120/103/89 128/104/97 130/105/99 121/106/90
f 121/106/90 130/105/99 129/107/98 119/108/88
f 128/104/97 125/109/94 127/110/96 130/105/99
f 130/105/99 127/110/96 126/111/95 129/107/98
f 125/109/94 47/36/22 127/110/96
f 127/110/96 47/36/22 126/111/95
f 114/112/83 122/113/91 124/114/93 115/115/84
f 115/115/84 124/114/93 123/116/92 113/117/82
f 122/113/91 120/103/89 121/106/90 124/114/93
f 124/114/93 121/106/90 119/108/88 123/116/92
f 116/118/85 114/112/83 115/115/84 118/119/87
f 118/119/87 115/115/84 113/117/82 117/120/86
f 47/33/22 3016/121/2089 3029/102/2102
f 47/36/22 43/17/18 126/111/95
f 3016/121/2089 3017/122/2090 88/73/60 78/72/50
f 55/22/28 37/29/12 117/120/86 113/117/82
f 40/23/15 55/22/28 113/117/82 123/116/92
f 3018/123/2091 3019/124/2092 65/91/38 91/85/63
f 3020/125/2093 3018/123/2091 91/85/63 84/84/56
f 57/26/30 40/23/15 123/116/92 119/108/88
f 52/16/25 57/26/30 119/108/88 129/107/98
f 3021/126/2094 3020/125/2093 84/84/56 94/79/66
f 3022/127/2095 3021/126/2094 94/79/66 81/78/53
f 43/17/18 52/16/25 129/107/98 126/111/95
f 3017/122/2090 3022/127/2095 81/78/53 88/73/60
f 131/128/100 134/129/103 135/130/104 137/131/106
f 132/132/101 136/133/105 135/130/104 134/134/103
f 133/135/102 137/131/106 135/130/104 136/133/105
f 138/136/107 141/137/110 142/138/111 144/139/113
f 788/140/2 770/141/2 771/101/2 778/100/2
f 140/142/109 144/139/113 142/138/111 143/143/112
f 145/144/114 148/145/117 149/146/118 151/147/120
f 146/148/115 150/149/119 149/150/118 148/151/117
f 155/152/124 158/153/127 159/154/128 161/155/130
f 156/156/125 160/157/129 159/154/128 158/153/127
f 578/158/474 157/159/126 159/160/128 160/161/129
f 155/152/124 574/162/470 575/163/471 158/153/127
f 158/153/127 575/163/471 573/164/469 156/156/125
f 631/165/6 154/166/123 579/167/475 649/168/6
f 153/169/122 567/170/463 565/171/461
f 132/132/101 138/136/107 144/139/113 136/133/105
f 136/133/105 144/139/113 140/142/109 133/135/102
f 131/128/100 146/148/115 148/151/117 134/129/103
f 134/134/103 148/145/117 145/144/114 132/132/101
f 783/172/2 762/173/2 770/141/2 788/140/2
f 164/174/133 207/175/155 208/176/156 163/177/132
f 204/178/136 183/179/136 184/180/137 203/181/137
f 196/182/148 179/183/148 180/184/137 195/185/137
f 188/186/136 204/178/136 203/181/137 187/187/137
f 183/179/136 196/182/148 195/185/137 184/180/137
f 167/188/136 199/189/136 200/190/137 168/191/137
f 224/192/148 191/193/148 192/194/140 223/195/137
f 172/196/141 164/174/133 163/177/132 171/197/140
f 199/189/136 188/186/136 187/187/137 200/190/137
f 191/193/148 759/198/141 758/199/140 192/194/140
f 212/200/160 215/201/163 216/202/164 211/203/159
f 207/175/155 212/200/160 211/203/159 208/176/156
f 220/204/168 216/202/164 215/201/163 219/205/167
f 179/183/148 224/192/148 223/195/137 180/184/137
f 209/206/157 165/207/134 6/208/4 31/209/7
f 165/207/134 173/210/142 8/211/4 6/208/4
f 201/212/138 169/213/138 7/214/4 27/215/4
f 173/210/142 757/216/574 756/217/4 8/211/4
f 181/218/149 197/219/151 23/220/4 13/221/4
f 225/222/171 181/218/149 13/221/4 109/223/4
f 185/224/151 205/225/138 28/226/4 16/227/4
f 197/219/151 185/224/151 16/227/4 23/220/4
f 205/225/138 189/228/138 19/229/4 28/226/4
f 189/228/138 201/212/138 27/215/4 19/229/4
f 193/230/153 225/222/171 109/223/4 20/231/4
f 209/206/157 31/209/7 33/232/9 210/233/158
f 210/233/158 33/232/9 32/234/8 214/235/162
f 214/235/162 32/234/8 34/236/10 218/237/166
f 585/238/481 154/166/123 152/239/121 586/240/482
f 723/241/558 262/242/206 260/243/204 717/244/552
f 235/245/181 236/246/182 601/247/496 588/248/484
f 729/249/564 730/250/565 247/251/193 600/252/495
f 2526/253/1718 250/254/196 2323/255/1623
f 254/256/198 255/257/199 699/258/543 714/259/549
f 715/260/550 258/261/202 716/262/551
f 582/263/478 596/264/491 587/265/483 233/266/179
f 265/267/209 718/268/553 704/269/547 267/270/211
f 714/259/549 715/271/550 257/272/201 254/256/198
f 602/273/497 603/274/498 242/275/188 288/276/222
f 705/277/548 706/278/548 230/279/176 290/280/176
f 543/281/439 736/282/6 735/283/6 556/284/452
f 591/285/486 588/248/484 237/286/183 238/287/184
f 604/288/499 601/247/496 236/246/182 228/289/174
f 247/251/193 245/290/191 599/291/494 600/252/495
f 717/292/552 716/262/551 258/261/202 261/293/205
f 518/294/414 590/295/485 524/296/420 522/297/418
f 719/298/554 718/268/553 265/267/209 264/299/208
f 707/300/548 704/301/547 266/302/210 252/303/177
f 699/304/543 703/305/546 694/306/538 256/307/200
f 3037/308/2110 265/267/209 267/270/211 3038/309/2111
f 3039/310/2112 260/243/204 262/242/206 3040/311/2113
f 3041/312/5 255/257/199 254/256/198 3042/313/2114
f 3184/314/742 227/315/173 226/316/172 3236/317/2115
f 605/318/500 606/319/501 269/320/213 280/321/218
f 708/322/548 709/323/548 271/324/176 282/325/176
f 607/326/502 608/327/503 273/328/215 284/329/220
f 710/330/548 711/331/548 275/332/176 286/333/176
f 609/334/504 610/335/505 277/336/217 292/337/224
f 712/338/548 713/339/548 279/340/176 294/341/176
f 604/288/499 605/318/500 280/321/218 229/342/175
f 707/343/548 708/322/548 282/325/176 253/344/176
f 606/319/501 607/326/502 284/329/220 269/320/213
f 709/323/548 710/330/548 286/333/176 271/324/176
f 610/335/505 602/273/497 288/276/222 277/336/217
f 713/339/548 705/277/548 290/280/176 279/340/176
f 608/327/503 609/334/504 292/337/224 273/328/215
f 711/331/548 712/338/548 294/341/176 275/332/176
f 593/345/488 594/346/489 301/347/231 298/348/228
f 720/349/555 721/350/556 307/351/237 309/352/239
f 592/353/487 591/285/486 238/287/184 303/354/233
f 719/298/554 264/299/208 310/355/240 728/356/563
f 3044/357/2115 3042/313/2114 254/256/198 257/272/201
f 566/358/462 108/359/78 565/171/461
f 3039/310/2112 3043/360/742 259/361/203 260/243/204
f 3046/362/2 3047/363/2 253/344/176 282/325/176
f 3047/363/2 3038/309/2111 267/270/211 253/344/176
f 3049/364/2 3050/365/2 290/280/176 230/279/176
f 695/366/539 264/299/208 265/267/209
f 3062/367/539 3063/368/2123 697/369/541 695/366/539
f 241/370/187 686/371/531 687/372/6 10/373/6
f 3041/312/5 3045/374/2116 251/375/197 255/257/199
f 619/376/514 693/377/6 692/378/6 617/379/512
f 3051/380/2 3046/362/2 282/325/176 271/324/176
f 3052/381/2 3051/380/2 271/324/176 286/333/176
f 3053/382/2 3052/381/2 286/333/176 275/332/176
f 3054/383/2 3053/382/2 275/332/176 294/341/176
f 3055/384/2 3054/383/2 294/341/176 279/340/176
f 3050/365/2 3055/384/2 279/340/176 290/280/176
f 490/385/389 76/5/6 510/386/406
f 309/352/239 307/351/237 696/387/540
f 317/388/244 320/389/247 321/390/248 323/391/250
f 318/392/245 322/393/249 321/390/248 320/389/247
f 324/394/251 327/395/254 328/396/255 330/397/257
f 325/398/252 329/399/256 328/400/255 327/401/254
f 326/402/253 330/403/257 328/404/255 329/405/256
f 340/406/264 343/407/267 344/408/268 346/409/270
f 341/410/265 345/411/269 344/412/268 343/413/267
f 342/414/266 346/415/270 344/416/268 345/417/269
f 425/418/328 428/419/330 427/420/3
f 366/421/242 315/422/242 316/423/243 367/424/243
f 367/425/243 316/426/243 314/427/241 365/428/241
f 335/429/259 318/392/245 320/389/247 336/430/260
f 336/430/260 320/389/247 317/388/244 334/431/258
f 338/432/262 324/394/251 330/397/257 339/433/263
f 339/434/263 330/403/257 326/402/253 337/435/261
f 325/398/252 761/436/576 322/437/249 329/399/256
f 329/405/256 322/393/249 318/392/245 326/402/253
f 312/438/242 331/439/242 333/440/243 313/441/243
f 313/442/243 333/443/243 332/444/241 311/445/241
f 445/446/242 350/447/242 352/448/243 446/449/243
f 446/450/243 352/451/243 351/452/241 444/453/241
f 363/454/242 353/455/242 355/456/243 364/457/243
f 364/458/243 355/459/243 354/460/241 362/461/241
f 369/462/242 356/463/242 358/464/243 370/465/243
f 370/466/243 358/467/243 357/468/241 368/469/241
f 331/439/242 754/470/242 755/471/243 333/440/243
f 333/443/243 755/472/243 753/473/241 332/444/241
f 350/447/242 363/454/242 364/457/243 352/448/243
f 352/451/243 364/458/243 362/461/241 351/452/241
f 356/463/242 366/421/242 367/424/243 358/464/243
f 358/467/243 367/425/243 365/428/241 357/468/241
f 353/455/242 369/462/242 370/465/243 355/456/243
f 355/459/243 370/466/243 368/469/241 354/460/241
f 371/474/274 377/475/280 379/476/282 373/477/276
f 373/478/276 379/479/282 378/480/281 372/481/275
f 377/475/280 374/482/277 376/483/279 379/476/282
f 379/479/282 376/484/279 375/485/278 378/480/281
f 381/486/284 383/487/286 385/488/288 382/489/285
f 382/490/285 385/491/288 384/492/287 380/493/283
f 383/487/286 386/494/289 388/495/291 385/488/288
f 385/491/288 388/496/291 387/497/290 384/492/287
f 372/481/275 312/438/242 313/441/243 373/478/276
f 373/477/276 313/442/243 311/445/241 371/474/274
f 405/498/308 401/499/304 403/500/306 406/501/309
f 406/502/309 403/503/306 402/504/305 404/505/307
f 408/506/311 389/507/292 391/508/294 409/509/312
f 409/510/312 391/511/294 390/512/293 407/513/310
f 393/514/296 405/498/308 406/501/309 394/515/297
f 394/516/297 406/502/309 404/505/307 392/517/295
f 448/518/347 395/519/298 397/520/300 449/521/348
f 449/522/348 397/523/300 396/524/299 447/525/346
f 389/507/292 399/526/302 400/527/303 391/508/294
f 391/511/294 400/528/303 398/529/301 390/512/293
f 411/530/314 416/531/319 418/532/321 412/533/315
f 412/534/315 418/535/321 417/536/320 410/537/313
f 414/538/317 408/506/311 409/509/312 415/539/318
f 415/540/318 409/510/312 407/513/310 413/541/316
f 395/519/298 411/530/314 412/533/315 397/520/300
f 397/523/300 412/534/315 410/537/313 396/524/299
f 416/531/319 414/538/317 415/539/318 418/532/321
f 418/535/321 415/540/318 413/541/316 417/536/320
f 380/493/283 393/514/296 394/515/297 382/490/285
f 382/489/285 394/516/297 392/517/295 381/486/284
f 324/394/251 420/542/323 421/543/324 327/395/254
f 327/401/254 421/544/324 419/545/322 325/398/252
f 420/542/323 375/485/278 376/484/279 421/543/324
f 421/544/324 376/483/279 374/482/277 419/545/322
f 423/546/326 387/497/290 388/496/291 424/547/327
f 424/548/327 388/495/291 386/494/289 422/549/325
f 342/414/266 423/546/326 424/547/327 346/415/270
f 346/409/270 424/548/327 422/549/325 340/406/264
f 359/550/242 445/446/242 446/449/243 361/551/243
f 361/552/243 446/450/243 444/453/241 360/553/241
f 442/554/344 438/555/340 440/556/342 443/557/345
f 443/558/345 440/559/342 439/560/341 441/561/343
f 435/562/337 442/554/344 443/557/345 437/563/339
f 437/563/339 443/557/345 441/564/343 436/565/338
f 425/418/328 432/566/334 434/567/336 428/419/330
f 428/419/330 434/567/336 433/568/335 426/569/329
f 432/570/334 429/571/331 431/572/333 434/573/336
f 434/573/336 431/572/333 430/574/332 433/575/335
f 348/576/272 430/574/332 431/572/333 349/577/273
f 349/577/273 431/572/333 429/571/331 347/578/271
f 341/410/265 439/560/341 440/559/342 345/411/269
f 345/417/269 440/556/342 438/555/340 342/414/266
f 401/499/304 448/518/347 449/521/348 403/500/306
f 403/503/306 449/522/348 447/525/346 402/504/305
f 454/579/353 456/580/355 458/581/357 455/582/354
f 455/583/354 458/584/357 457/585/356 453/586/352
f 456/587/355 451/588/350 452/589/351 458/590/357
f 458/590/357 452/589/351 450/591/349 457/592/356
f 784/593/466 317/388/244 323/391/250 785/594/467
f 785/595/467 323/596/250 760/597/575 786/598/468
f 475/599/374 477/600/376 479/601/378 476/602/375
f 476/602/375 479/601/378 478/603/377 474/604/373
f 463/605/362 465/606/364 467/607/366 464/608/363
f 464/609/363 467/610/366 466/611/365 462/612/361
f 347/578/271 481/613/380 482/614/381 349/577/273
f 349/577/273 482/614/381 480/615/379 348/576/272
f 471/616/370 335/429/259 336/430/260 473/617/372
f 473/617/372 336/430/260 334/431/258 472/618/371
f 337/435/261 460/619/359 461/620/360 339/434/263
f 339/433/263 461/621/360 459/622/358 338/432/262
f 468/623/367 341/410/265 343/413/267 470/624/369
f 470/625/369 343/407/267 340/406/264 469/626/368
f 6/208/4 312/438/242 372/481/275 31/209/7
f 6/208/4 8/211/4 331/439/242 312/438/242
f 27/215/4 7/214/4 315/422/242 366/421/242
f 786/598/468 760/597/575 773/627/2 789/628/2
f 787/629/577 334/431/258 317/388/244 784/593/466
f 318/392/245 335/429/259 337/435/261 326/402/253
f 338/432/262 34/236/10 420/542/323 324/394/251
f 8/211/4 756/217/4 754/470/242 331/439/242
f 3/630/2 332/444/241 753/473/241 751/631/2
f 787/629/577 177/632/146 472/618/371 334/431/258
f 335/429/259 471/616/370 460/619/359 337/435/261
f 459/622/358 218/237/166 34/236/10 338/432/262
f 481/613/380 347/578/271 341/410/265 468/623/367
f 439/560/341 341/410/265 347/578/271
f 340/406/264 422/549/325 221/633/169 469/626/368
f 423/546/326 342/414/266 438/555/340 103/97/75
f 884/634/653 806/635/591 807/636/592 885/637/654
f 174/638/143 9/639/5 348/576/272 480/615/379
f 67/640/40 439/560/341 347/578/271
f 429/571/331 67/640/40 347/578/271
f 109/223/4 13/221/4 350/447/242 445/446/242
f 106/641/2 444/453/241 351/452/241 11/642/2
f 13/221/4 23/220/4 363/454/242 350/447/242
f 11/642/2 351/452/241 362/461/241 24/643/2
f 23/220/4 16/227/4 353/455/242 363/454/242
f 24/643/2 362/461/241 354/460/241 14/644/2
f 16/227/4 28/226/4 369/462/242 353/455/242
f 14/644/2 354/460/241 368/469/241 29/645/2
f 28/226/4 19/229/4 356/463/242 369/462/242
f 29/645/2 368/469/241 357/468/241 17/646/2
f 19/229/4 27/215/4 366/421/242 356/463/242
f 21/647/2 360/553/241 444/453/241 106/641/2
f 20/231/4 109/223/4 445/446/242 359/550/242
f 31/209/7 372/481/275 378/480/281 33/232/9
f 33/232/9 378/480/281 375/485/278 32/234/8
f 32/234/8 375/485/278 420/542/323 34/236/10
f 381/486/284 206/648/154 213/649/161 383/487/286
f 61/57/34 380/493/283 384/492/287 98/67/70
f 381/486/284 392/517/295 162/650/131 206/648/154
f 61/57/34 393/514/296 380/493/283
f 98/67/70 384/492/287 387/497/290 101/94/73
f 383/487/286 213/649/161 217/651/165 386/494/289
f 101/94/73 387/497/290 423/546/326 103/97/75
f 386/494/289 217/651/165 221/633/169 422/549/325
f 407/513/310 390/512/293 198/652/135 186/653/135
f 83/81/55 92/80/64 389/507/292 408/506/311
f 390/512/293 398/529/301 166/654/135 198/652/135
f 92/80/64 64/89/37 399/526/302 389/507/292
f 392/517/295 404/505/307 170/655/139 162/650/131
f 61/57/34 71/56/44 405/498/308 393/514/296
f 447/525/346 396/524/299 178/656/147 222/657/170
f 110/86/79 77/69/49 395/519/298 448/518/347
f 396/524/299 410/537/313 194/658/150 178/656/147
f 77/69/49 89/68/61 411/530/314 395/519/298
f 404/505/307 402/504/305 190/659/152 170/655/139
f 71/56/44 86/62/58 401/499/304 405/498/308
f 86/62/58 110/86/79 448/518/347 401/499/304
f 402/504/305 447/525/346 222/657/170 190/659/152
f 95/74/67 83/81/55 408/506/311 414/538/317
f 413/541/316 407/513/310 186/653/135 202/660/135
f 410/537/313 417/536/320 182/661/150 194/658/150
f 89/68/61 80/75/52 416/531/319 411/530/314
f 80/75/52 95/74/67 414/538/317 416/531/319
f 417/536/320 413/541/316 202/660/135 182/661/150
f 9/639/5 74/662/47 430/574/332 348/576/272
f 69/663/42 432/566/334 425/418/328 68/664/41
f 68/664/41 425/418/328 427/420/3 790/665/3
f 50/98/3 427/420/3 35/38/3
f 67/640/40 429/571/331 432/570/334 69/666/42
f 73/667/46 426/569/329 433/568/335 75/668/48
f 435/562/337 104/95/76 105/96/77 442/554/344
f 441/564/343 69/663/42 68/664/41 436/565/338
f 68/664/41 790/665/3 791/669/3 436/565/338
f 442/554/344 105/96/77 103/97/75 438/555/340
f 439/560/341 67/640/40 69/666/42 441/561/343
f 456/587/355 141/137/110 138/136/107 451/588/350
f 151/147/120 457/592/356 450/591/349 145/144/114
f 1052/670/756 787/629/577 784/593/466 453/586/352
f 454/579/353 750/671/573 141/672/110 456/580/355
f 475/599/374 462/612/361 466/611/365 477/600/376
f 463/605/362 220/204/168 219/205/167 465/606/364
f 75/673/48 433/575/335 430/574/332 74/662/47
f 502/674/383 484/675/383 485/676/384 503/677/384
f 503/678/384 485/679/384 483/680/382 932/681/382
f 498/682/396 492/683/391 493/684/392 499/685/397
f 499/686/397 493/687/392 934/688/699 935/689/700
f 500/690/398 494/691/393 495/692/394 501/693/399
f 501/694/399 495/695/394 936/696/701 937/697/702
f 504/698/400 496/699/383 497/700/395 505/701/401
f 505/702/401 497/703/395 938/704/703 939/705/704
f 487/6/386 498/682/396 499/685/397 488/706/387
f 488/707/387 499/686/397 935/689/700 486/708/385
f 492/683/391 500/690/398 501/693/399 493/684/392
f 493/687/392 501/694/399 937/697/702 934/688/699
f 496/699/383 502/674/383 503/677/384 497/700/395
f 497/703/395 503/678/384 932/681/382 938/704/703
f 494/691/393 504/698/400 505/701/401 495/692/394
f 495/695/394 505/702/401 939/705/704 936/696/701
f 507/709/403 512/710/408 514/711/410 508/712/404
f 508/713/404 514/714/410 513/715/409 506/7/402
f 512/716/408 509/717/405 511/718/407 514/719/410
f 514/714/410 511/720/407 510/386/406 513/715/409
f 490/385/389 510/386/406 511/720/407 491/721/390
f 491/722/390 511/718/407 509/717/405 489/723/388
f 506/7/402 487/6/386 488/706/387 508/713/404
f 508/712/404 488/707/387 486/708/385 507/709/403
f 515/724/411 519/725/415 521/726/417 517/727/413
f 517/727/413 521/726/417 520/728/416 516/729/412
f 521/726/417 630/730/525 520/728/416
f 526/731/422 528/732/424 530/733/426 527/734/423
f 527/735/423 530/736/426 529/737/425 525/738/421
f 531/739/427 490/385/389 491/721/390 533/740/429
f 533/741/429 491/722/390 489/723/388 532/742/428
f 634/743/6 635/744/6 484/675/383 502/674/383
f 486/708/385 5/745/3 73/667/46 507/709/403
f 1042/746/3 955/747/714 1020/1/748 1024/4/3
f 633/748/6 636/749/6 487/6/386 76/5/6
f 636/749/6 637/750/6 498/682/396 487/6/386
f 489/723/388 9/639/5 174/638/143 532/742/428
f 9/639/5 489/723/388 509/717/405 74/662/47
f 638/751/526 639/752/6 490/385/389 531/739/427
f 639/752/6 633/748/6 76/5/6 490/385/389
f 637/750/6 640/753/6 492/683/391 498/682/396
f 640/753/6 641/754/6 500/690/398 492/683/391
f 641/754/6 642/755/6 494/691/393 500/690/398
f 642/755/6 643/756/6 504/698/400 494/691/393
f 643/756/6 644/757/6 496/699/383 504/698/400
f 644/757/6 634/743/6 502/674/383 496/699/383
f 506/7/402 513/715/409 76/5/6
f 507/709/403 73/667/46 75/668/48 512/710/408
f 512/716/408 75/673/48 74/662/47 509/717/405
f 513/715/409 510/386/406 76/5/6
f 155/152/124 515/724/411 517/727/413 574/162/470
f 146/148/115 516/729/412 520/728/416 150/149/119
f 515/724/411 155/152/124 161/155/130 519/725/415
f 590/758/485 624/759/519 523/760/419 524/761/420
f 150/762/119 520/763/416 518/294/414 1053/764/757
f 632/765/6 648/766/6 576/767/472 157/159/126
f 522/297/418 177/632/146 1053/764/757 518/294/414
f 647/768/529 525/738/421 529/737/425 646/769/528
f 175/770/144 528/732/424 526/731/422 176/771/145
f 550/772/446 537/773/433 539/774/435 551/775/447
f 551/776/447 539/777/435 538/778/434 549/779/445
f 556/284/452 540/780/436 542/781/438 557/782/453
f 557/783/453 542/784/438 541/785/437 555/786/451
f 553/787/449 543/281/439 545/788/441 554/789/450
f 554/790/450 545/791/441 544/792/440 552/793/448
f 559/794/455 546/795/442 548/796/444 560/797/456
f 560/798/456 548/799/444 547/800/443 558/801/454
f 540/780/436 550/772/446 551/775/447 542/781/438
f 542/784/438 551/776/447 549/779/445 541/785/437
f 534/802/430 553/787/449 554/789/450 536/803/432
f 536/804/432 554/790/450 552/793/448 535/805/431
f 543/281/439 556/284/452 557/782/453 545/788/441
f 545/791/441 557/783/453 555/786/451 544/792/440
f 537/773/433 559/794/455 560/797/456 539/774/435
f 539/777/435 560/798/456 558/801/454 538/778/434
f 565/171/461 567/170/463 569/806/465 566/358/462
f 566/807/462 569/808/465 568/809/464 564/810/460
f 567/811/463 562/812/458 563/813/459 569/814/465
f 569/814/465 563/813/459 561/815/457 568/816/464
f 546/795/442 744/817/568 746/818/569 548/796/444
f 548/799/444 746/819/569 748/820/571 547/800/443
f 552/793/448 26/821/2 2/822/2 535/805/431
f 10/373/6 687/372/6 739/823/6 738/824/6
f 538/778/434 12/825/2 25/826/2 549/779/445
f 558/801/454 107/827/2 12/825/2 538/778/434
f 541/785/437 15/828/2 30/829/2 555/786/451
f 549/779/445 25/826/2 15/828/2 541/785/437
f 544/792/440 18/830/2 26/821/2 552/793/448
f 555/786/451 30/829/2 18/830/2 544/792/440
f 547/800/443 22/831/2 107/827/2 558/801/454
f 156/156/125 562/812/458 567/811/463 160/157/129
f 143/143/112 568/816/464 561/815/457 140/142/109
f 140/142/109 561/815/457 570/832/466 133/135/102
f 142/833/111 141/672/110 750/671/573 139/834/108
f 160/161/129 567/170/463 153/169/122 578/158/474
f 570/832/466 561/815/457 563/813/459 573/164/469
f 571/835/467 572/836/468 131/128/100 137/131/106
f 572/836/468 516/729/412 146/148/115 131/128/100
f 570/832/466 571/835/467 137/131/106 133/135/102
f 575/163/471 574/162/470 572/836/468 571/835/467
f 573/164/469 563/813/459 562/812/458 156/156/125
f 574/162/470 517/727/413 516/729/412 572/836/468
f 573/164/469 575/163/471 571/835/467 570/832/466
f 576/767/472 161/837/130 159/160/128 157/159/126
f 587/265/483 584/838/480 232/839/178 233/266/179
f 584/838/480 579/167/475 154/166/123 585/238/481
f 649/168/6 579/167/475 234/840/180 632/765/6
f 596/264/491 577/841/473 234/840/180 587/265/483
f 724/842/559 581/843/477 262/242/206 723/241/558
f 3239/844/2119 582/845/478 233/846/179 3182/847/2113
f 618/848/513 693/377/6 619/376/514
f 261/293/205 689/849/6 690/850/6 580/851/476
f 232/839/178 584/838/480 585/238/481 227/852/173
f 234/840/180 579/167/475 584/838/480 587/265/483
f 302/853/232 239/854/185 591/285/486 592/353/487
f 299/855/229 300/856/230 594/346/489 593/345/488
f 239/854/185 235/245/181 588/248/484 591/285/486
f 556/284/452 735/283/6 734/857/6 540/780/436
f 227/852/173 585/238/481 586/240/482 226/858/172
f 245/290/191 655/859/531 653/860/530 597/861/492
f 553/787/449 737/862/6 736/282/6 543/281/439
f 600/252/495 599/291/494 244/863/190 248/864/194
f 2414/865/1656 2415/866/1657 2413/867/1655 2528/868/1720
f 272/869/214 293/870/225 609/334/504 608/327/503
f 276/871/216 289/872/223 602/273/497 610/335/505
f 268/873/212 285/874/221 607/326/502 606/319/501
f 228/289/174 281/875/219 605/318/500 604/288/499
f 293/870/225 276/871/216 610/335/505 609/334/504
f 285/874/221 272/869/214 608/327/503 607/326/502
f 281/875/219 268/873/212 606/319/501 605/318/500
f 229/342/175 237/286/183 601/247/496 604/288/499
f 289/872/223 243/876/189 603/274/498 602/273/497
f 588/248/484 601/247/496 237/286/183
f 628/877/523 614/878/509 616/879/511 629/880/524
f 629/880/524 616/879/511 615/881/510 627/882/522
f 725/883/560 620/884/515 622/885/517 726/886/561
f 726/886/561 622/885/517 621/887/516 727/888/562
f 3196/889/2177 611/890/506 613/891/508 3240/892/2187
f 3240/892/2187 613/891/508 612/893/507 3241/894/2188
f 650/895/6 624/759/519 625/896/520 652/897/6
f 652/897/6 625/896/520 623/898/518 651/899/6
f 611/900/506 628/877/523 629/880/524 613/901/508
f 613/901/508 629/880/524 627/882/522 612/902/507
f 3061/903/2122 3058/904/2119 581/843/477 621/887/516
f 611/900/506 297/905/227 595/906/490 628/877/523
f 3048/907/2117 3059/908/2120 620/884/515 305/909/235
f 627/882/522 596/264/491 582/263/478 612/902/507
f 615/881/510 577/841/473 596/264/491 627/882/522
f 628/877/523 595/906/490 296/910/226 614/878/509
f 650/895/6 645/911/527 523/760/419 624/759/519
f 648/766/6 577/841/473 615/881/510 651/899/6
f 725/883/560 722/912/557 305/909/235 620/884/515
f 727/913/562 724/914/559 583/915/479 618/848/513
f 519/916/415 626/917/521 521/918/417
f 520/763/416 630/919/525 590/295/485 518/294/414
f 623/898/518 625/896/520 626/917/521
f 630/920/525 625/896/520 624/759/519 590/758/485
f 521/918/417 626/917/521 625/896/520 630/920/525
f 576/767/472 648/766/6 651/899/6 623/898/518
f 614/878/509 296/910/226 645/911/527 650/895/6
f 616/879/511 652/897/6 651/899/6 615/881/510
f 614/878/509 650/895/6 652/897/6 616/879/511
f 578/158/474 649/168/6 632/765/6 157/159/126
f 299/855/229 647/768/529 646/769/528 300/856/230
f 234/840/180 577/841/473 648/766/6 632/765/6
f 277/336/217 288/276/222 634/743/6 644/757/6
f 292/337/224 277/336/217 644/757/6 643/756/6
f 273/328/215 292/337/224 643/756/6 642/755/6
f 284/329/220 273/328/215 642/755/6 641/754/6
f 269/320/213 284/329/220 641/754/6 640/753/6
f 280/321/218 269/320/213 640/753/6 637/750/6
f 238/287/184 237/286/183 633/748/6 639/752/6
f 303/354/233 238/287/184 639/752/6 638/751/526
f 229/342/175 280/321/218 637/750/6 636/749/6
f 237/286/183 229/342/175 636/749/6 633/748/6
f 288/276/222 242/275/188 635/744/6 634/743/6
f 153/169/122 631/165/6 649/168/6 578/158/474
f 546/795/442 589/921/6 745/922/6 744/817/568
f 654/923/6 655/859/531 245/290/191 247/251/193
f 653/860/530 655/859/531 659/924/531 658/925/534
f 656/926/532 653/860/530 658/925/534 657/927/533
f 657/927/533 658/925/534 661/928/534 664/929/535
f 731/930/6 660/931/6 654/923/6 589/921/6
f 660/931/6 659/924/531 655/859/531 654/923/6
f 658/925/534 659/924/531 662/932/531 661/928/534
f 661/928/534 662/932/531 667/933/531 666/934/534
f 664/929/535 661/928/534 666/934/534 665/935/532
f 663/936/6 662/932/531 659/924/531 660/931/6
f 732/937/6 663/936/6 660/931/6 731/930/6
f 733/938/6 668/939/6 663/936/6 732/937/6
f 666/934/534 667/933/531 671/940/531 672/941/534
f 665/935/532 666/934/534 672/941/534 670/942/536
f 668/939/6 667/933/531 662/932/531 663/936/6
f 656/926/532 657/927/533 2338/943/1632 2324/944/1624
f 734/857/6 669/945/6 668/939/6 733/938/6
f 672/941/534 671/940/531 673/946/531 675/947/534
f 669/945/6 671/940/531 667/933/531 668/939/6
f 670/942/536 672/941/534 675/947/534 674/948/536
f 735/283/6 676/949/6 669/945/6 734/857/6
f 250/254/196 698/950/542 2322/951/1622 2323/255/1623
f 674/948/536 675/947/534 679/952/534 677/953/536
f 676/949/6 673/946/531 671/940/531 669/945/6
f 675/947/534 673/946/531 680/954/531 679/952/534
f 677/953/536 679/952/534 682/955/534 681/956/537
f 736/282/6 678/957/6 676/949/6 735/283/6
f 679/952/534 680/954/531 683/958/531 682/955/534
f 678/957/6 680/954/531 673/946/531 676/949/6
f 682/955/534 683/958/531 686/371/531 685/959/534
f 737/862/6 684/960/6 678/957/6 736/282/6
f 681/956/537 682/955/534 685/959/534 688/961/537
f 684/960/6 683/958/531 680/954/531 678/957/6
f 553/787/449 739/823/6 737/862/6
f 688/961/537 685/959/534 598/962/493 240/963/186
f 687/372/6 686/371/531 683/958/531 684/960/6
f 685/959/534 686/371/531 241/370/187 598/962/493
f 256/307/200 689/849/6 261/293/205 258/261/202
f 580/851/476 690/850/6 691/964/6 583/915/479
f 252/303/177 693/377/6 691/964/6
f 691/964/6 693/377/6 618/848/513 583/915/479
f 692/378/6 304/965/234 617/379/512
f 693/377/6 252/303/177 266/302/210 263/966/207
f 263/966/207 304/965/234 692/378/6 693/377/6
f 694/306/538 689/849/6 256/307/200
f 2527/967/1719 2525/968/1717 249/969/195 698/970/542
f 695/366/539 697/369/541 310/355/240 264/299/208
f 2526/253/1718 2527/971/1719 698/950/542 250/254/196
f 1693/972/1190 1689/973/1190 2360/974/1645 2361/975/1645
f 677/953/536 681/956/537 2344/976/1636 2343/977/1635
f 665/935/532 670/942/536 2341/978/1634 2340/979/1633
f 1707/980/1191 1700/981/1191 2363/982/1647 2364/983/1647
f 1683/984/1188 1676/985/1187 2357/986/1642 2358/987/1643
f 255/257/199 251/375/197 703/988/546 699/258/543
f 240/963/186 1707/980/1191 2364/983/1647 2327/989/1627
f 274/990/177 295/991/177 712/992/548 711/993/548
f 278/994/177 291/995/177 705/996/548 713/997/548
f 270/998/177 287/999/177 710/1000/548 709/1001/548
f 252/303/177 283/1002/177 708/1003/548 707/300/548
f 295/991/177 278/994/177 713/997/548 712/992/548
f 287/999/177 274/990/177 711/993/548 710/1000/548
f 283/1002/177 270/998/177 709/1001/548 708/1003/548
f 253/344/176 267/270/211 704/269/547 707/343/548
f 291/995/177 231/1004/177 706/1005/548 705/996/548
f 621/887/516 581/843/477 724/842/559 727/888/562
f 617/379/512 304/965/234 722/1006/557 725/1007/560
f 619/376/514 726/1008/561 727/913/562 618/848/513
f 617/379/512 725/1007/560 726/1008/561 619/376/514
f 583/915/479 724/914/559 723/1009/558 580/851/476
f 263/966/207 719/1010/554 728/1011/563
f 308/1012/238 306/1013/236 721/1014/556 720/1015/555
f 263/966/207 266/302/210 718/1016/553 719/1010/554
f 260/243/204 259/361/203 716/1017/551 717/244/552
f 256/307/200 258/261/202 715/260/550 714/1018/549
f 257/272/201 715/271/550 716/1017/551 259/361/203
f 580/851/476 723/1009/558 717/292/552 261/293/205
f 714/1018/549 699/304/543 256/307/200
f 704/301/547 718/1016/553 266/302/210
f 246/1019/192 729/249/564 600/252/495 248/864/194
f 730/250/565 729/249/564 586/240/482 152/239/121
f 729/249/564 246/1019/192 226/858/172 586/240/482
f 540/780/436 734/857/6 733/938/6 550/772/446
f 550/772/446 733/938/6 732/937/6 537/773/433
f 537/773/433 732/937/6 731/930/6 559/794/455
f 559/794/455 731/930/6 589/921/6 546/795/442
f 738/824/6 739/823/6 553/787/449 534/802/430
f 737/862/6 739/823/6 687/372/6 684/960/6
f 740/1020/6 741/1021/6 730/250/565 152/239/121
f 631/165/6 740/1020/6 152/239/121 154/166/123
f 742/1022/566 741/1021/6 740/1020/6 108/359/78
f 743/1023/567 742/1022/566 108/359/78 566/358/462
f 730/250/565 741/1021/6 745/922/6 247/251/193
f 247/251/193 745/922/6 589/921/6 654/923/6
f 744/817/568 745/922/6 741/1021/6 742/1022/566
f 746/818/569 744/817/568 742/1022/566 743/1023/567
f 747/1024/570 743/1025/567 566/807/462 564/810/460
f 751/631/2 753/473/241 360/553/241 21/647/2
f 748/820/571 746/819/569 743/1025/567 747/1024/570
f 748/820/571 22/831/2 547/800/443
f 143/1026/112 142/833/111 139/834/108 749/1027/572
f 143/1026/112 749/1027/572 564/810/460 568/809/464
f 139/834/108 752/1028/2 772/1029/2 749/1027/572
f 747/1024/570 772/1029/2 22/831/2 748/820/571
f 755/471/243 754/470/242 359/550/242 361/551/243
f 756/217/4 757/216/574 193/230/153 20/231/4
f 754/470/242 756/217/4 20/231/4 359/550/242
f 753/473/241 755/472/243 361/552/243 360/553/241
f 758/199/140 759/198/141 172/196/141 171/197/140
f 323/596/250 321/1030/248 319/1031/246 760/597/575
f 321/1030/248 322/437/249 761/436/576 319/1031/246
f 325/398/252 774/1032/2 319/1031/246 761/436/576
f 767/1033/2 765/1034/2 14/644/2 29/645/2
f 765/1034/2 764/1035/2 24/643/2 14/644/2
f 768/9/2 771/101/2 21/647/2 106/641/2
f 770/141/2 762/173/2 3/630/2 751/631/2
f 766/1036/2 767/1033/2 29/645/2 17/646/2
f 771/101/2 770/141/2 751/631/2 21/647/2
f 764/1035/2 763/10/2 11/642/2 24/643/2
f 763/10/2 768/9/2 106/641/2 11/642/2
f 22/831/2 772/1029/2 752/1028/2
f 749/1027/572 772/1029/2 747/1024/570 564/810/460
f 789/628/2 773/627/2 762/173/2 783/172/2
f 3/630/2 762/173/2 773/627/2 774/1032/2
f 311/445/241 332/444/241 3/630/2 774/1032/2
f 750/671/573 789/628/2 783/172/2 139/834/108
f 147/1037/116 177/632/146 787/629/577
f 147/1037/116 787/629/577 1052/670/756
f 454/579/353 786/598/468 789/628/2 750/671/573
f 455/582/354 785/595/467 786/598/468 454/579/353
f 453/586/352 784/593/466 785/594/467 455/583/354
f 139/834/108 783/172/2 788/140/2 752/1028/2
f 752/1028/2 788/140/2 778/100/2 22/831/2
f 22/831/2 778/100/2 782/8/2 107/827/2
f 15/828/2 776/1038/2 781/1039/2 30/829/2
f 18/830/2 777/1040/2 780/1041/2 26/821/2
f 12/825/2 775/11/2 779/1042/2 25/826/2
f 30/829/2 781/1039/2 777/1040/2 18/830/2
f 25/826/2 779/1042/2 776/1038/2 15/828/2
f 107/827/2 782/8/2 775/11/2 12/825/2
f 319/1031/246 774/1032/2 773/627/2 760/597/575
f 790/665/3 427/420/3 50/98/3 49/99/3
f 435/562/337 791/669/3 49/99/3 104/95/76
f 427/420/3 4/37/3 35/38/3
f 426/569/329 4/37/3 427/420/3 428/419/330
f 436/565/338 791/669/3 435/562/337 437/563/339
f 49/99/3 791/669/3 790/665/3
f 4/37/3 426/569/329 73/667/46 5/745/3
f 793/1043/579 836/1044/606 837/1045/607 792/1046/578
f 839/1047/609 794/1048/580 795/1049/581 838/1050/608
f 833/1051/587 812/1052/587 813/1053/597 832/1054/605
f 815/1055/585 834/1056/585 835/1057/584 814/1058/584
f 825/1059/604 808/1060/593 809/1061/594 824/1062/603
f 811/1063/596 826/1064/585 827/1065/584 810/1066/595
f 817/1067/587 833/1051/587 832/1054/605 816/1068/598
f 834/1056/585 818/1069/585 819/1070/584 835/1057/584
f 812/1052/587 825/1059/604 824/1062/603 813/1053/597
f 826/1064/585 815/1055/585 814/1058/584 827/1065/584
f 796/1071/582 828/1072/582 829/1073/583 797/1074/583
f 831/1075/585 799/1076/585 798/1077/584 830/1078/584
f 853/1079/623 820/1080/599 821/1081/600 852/1082/622
f 823/1083/602 854/1084/624 855/1085/601 822/1086/601
f 801/1087/587 793/1043/579 792/1046/578 800/1088/586
f 794/1048/580 802/1089/588 803/1090/584 795/1049/581
f 828/1072/582 817/1067/587 816/1068/598 829/1073/583
f 818/1069/585 831/1075/585 830/1078/584 819/1070/584
f 820/1080/599 801/1087/587 800/1088/586 821/1081/600
f 923/1091/691 823/1083/602 822/1086/601 922/1092/595
f 843/1093/613 846/1094/616 847/1095/617 842/1096/612
f 845/1097/615 840/1098/610 841/1099/611 844/1100/614
f 836/1044/606 843/1093/613 842/1096/612 837/1045/607
f 840/1098/610 839/1047/609 838/1050/608 841/1099/611
f 849/1101/619 845/1097/615 844/1100/614 848/1102/618
f 846/1094/616 850/1103/620 851/1104/621 847/1095/617
f 808/1060/593 853/1079/623 852/1082/622 809/1061/594
f 854/1084/624 811/1063/596 810/1066/595 855/1085/601
f 871/1105/640 916/1106/685 917/1107/686 870/1108/639
f 865/1109/634 868/1110/637 869/1111/638 864/1112/633
f 909/1113/678 862/1114/631 863/1115/632 908/1116/677
f 919/1117/688 869/1111/638 868/1110/637 918/1118/687
f 911/1119/680 858/1120/627 859/1121/628 910/1122/679
f 921/1123/690 866/1124/635 867/1125/636 920/1126/689
f 3197/1127/2178 856/1128/625 857/1129/626 3244/1130/2189
f 3198/1131/2179 863/1132/632 862/1133/631 3245/1134/2190
f 889/1135/658 886/1136/655 887/1137/656 888/1138/657
f 885/637/654 889/1135/658 888/1138/657 884/634/653
f 891/1139/660 894/1140/663 895/1141/664 890/1142/659
f 894/1140/663 892/1143/661 893/1144/662 895/1141/664
f 877/1145/646 874/1146/643 875/1147/644 876/1148/645
f 873/1149/642 877/1150/646 876/1151/645 872/1152/641
f 879/1153/648 882/1154/651 883/1155/652 878/1156/647
f 882/1157/651 880/1158/649 881/1159/650 883/1160/652
f 872/1152/641 887/1137/656 886/1136/655 873/1149/642
f 874/1146/643 849/1101/619 848/1102/618 875/1147/644
f 890/1142/659 881/1159/650 880/1158/649 891/1139/660
f 878/1156/647 851/1104/621 850/1103/620 879/1153/648
f 804/1161/589 893/1144/662 892/1143/661 805/1162/590
f 174/638/143 480/615/379 893/1144/662 804/1161/589
f 901/1163/670 898/1164/667 899/1165/668 900/1166/669
f 897/1167/666 901/1168/670 900/1169/669 896/1170/665
f 903/1171/672 906/1172/675 907/1173/676 902/1174/671
f 906/1175/675 904/1176/673 905/1177/674 907/1178/676
f 913/1179/682 897/1167/666 896/1170/665 912/1180/681
f 898/1164/667 807/636/592 806/635/591 899/1165/668
f 902/1174/671 804/1161/589 805/1162/590 903/1171/672
f 915/1181/684 905/1177/674 904/1176/673 914/1182/683
f 861/1183/630 909/1113/678 908/1116/677 860/1184/629
f 856/1185/625 911/1119/680 910/1122/679 857/1186/626
f 858/1120/627 913/1179/682 912/1180/681 859/1121/628
f 860/1184/629 915/1181/684 914/1182/683 861/1183/630
f 870/1108/639 919/1187/688 918/1188/687 871/1105/640
f 864/1112/633 921/1189/690 920/1190/689 865/1109/634
f 802/1089/588 923/1091/691 922/1092/595 803/1090/584
f 800/1088/586 792/1046/578 162/650/131 170/655/139
f 792/1046/578 837/1045/607 206/648/154 162/650/131
f 793/1043/579 801/1087/587 171/197/140 163/177/132
f 836/1044/606 793/1043/579 163/177/132 208/176/156
f 173/210/142 165/207/134 795/1049/581 803/1090/584
f 164/174/133 172/196/141 802/1089/588 794/1048/580
f 165/207/134 209/206/157 838/1050/608 795/1049/581
f 207/175/155 164/174/133 794/1048/580 839/1047/609
f 797/1074/583 829/1073/583 198/652/135 166/654/135
f 828/1072/582 796/1071/582 168/191/137 200/190/137
f 169/213/138 201/212/138 830/1078/584 798/1077/584
f 199/189/136 167/188/136 799/1076/585 831/1075/585
f 821/1081/600 800/1088/586 170/655/139 190/659/152
f 801/1087/587 820/1080/599 758/199/140
f 171/197/140 801/1087/587 758/199/140
f 922/1092/595 757/216/574 173/210/142 803/1090/584
f 172/196/141 759/198/141 923/1091/691 802/1089/588
f 892/1143/661 474/604/373 176/771/145 805/1162/590
f 903/1171/672 805/1162/590 176/771/145 526/731/422
f 804/1161/589 902/1174/671 532/742/428 174/638/143
f 806/635/591 884/634/653 472/618/371 177/632/146
f 478/603/377 885/637/654 807/636/592 175/770/144
f 528/732/424 175/770/144 807/636/592 898/1164/667
f 177/632/146 522/297/418 899/1165/668 806/635/591
f 808/1060/593 825/1059/604 195/185/137 180/184/137
f 824/1062/603 809/1061/594 178/656/147 194/658/150
f 809/1061/594 852/1082/622 222/657/170 178/656/147
f 853/1079/623 808/1060/593 180/184/137 223/195/137
f 181/218/149 225/222/171 855/1085/601 810/1066/595
f 197/219/151 181/218/149 810/1066/595 827/1065/584
f 224/192/148 179/183/148 811/1063/596 854/1084/624
f 179/183/148 196/182/148 826/1064/585 811/1063/596
f 812/1052/587 833/1051/587 203/181/137 184/180/137
f 832/1054/605 813/1053/597 182/661/150 202/660/135
f 813/1053/597 824/1062/603 194/658/150 182/661/150
f 825/1059/604 812/1052/587 184/180/137 195/185/137
f 185/224/151 197/219/151 827/1065/584 814/1058/584
f 205/225/138 185/224/151 814/1058/584 835/1057/584
f 196/182/148 183/179/136 815/1055/585 826/1064/585
f 183/179/136 204/178/136 834/1056/585 815/1055/585
f 829/1073/583 816/1068/598 186/653/135 198/652/135
f 816/1068/598 832/1054/605 202/660/135 186/653/135
f 817/1067/587 828/1072/582 200/190/137 187/187/137
f 833/1051/587 817/1067/587 187/187/137 203/181/137
f 201/212/138 189/228/138 819/1070/584 830/1078/584
f 188/186/136 199/189/136 831/1075/585 818/1069/585
f 189/228/138 205/225/138 835/1057/584 819/1070/584
f 204/178/136 188/186/136 818/1069/585 834/1056/585
f 820/1080/599 853/1079/623 223/195/137 192/194/140
f 852/1082/622 821/1081/600 190/659/152 222/657/170
f 820/1080/599 192/194/140 758/199/140
f 193/230/153 757/216/574 922/1092/595 822/1086/601
f 225/222/171 193/230/153 822/1086/601 855/1085/601
f 923/1091/691 759/198/141 191/193/148 823/1083/602
f 191/193/148 224/192/148 854/1084/624 823/1083/602
f 837/1045/607 842/1096/612 213/649/161 206/648/154
f 836/1044/606 208/176/156 211/203/159 843/1093/613
f 209/206/157 210/233/158 841/1099/611 838/1050/608
f 207/175/155 839/1047/609 840/1098/610 212/200/160
f 210/233/158 214/235/162 844/1100/614 841/1099/611
f 212/200/160 840/1098/610 845/1097/615 215/201/163
f 842/1096/612 847/1095/617 217/651/165 213/649/161
f 843/1093/613 211/203/159 216/202/164 846/1094/616
f 848/1102/618 844/1100/614 214/235/162 218/237/166
f 215/201/163 845/1097/615 849/1101/619 219/205/167
f 847/1095/617 851/1104/621 221/633/169 217/651/165
f 846/1094/616 216/202/164 220/204/168 850/1103/620
f 875/1147/644 848/1102/618 218/237/166 459/622/358
f 465/606/364 219/205/167 849/1101/619 874/1146/643
f 879/1153/648 850/1103/620 220/204/168 463/605/362
f 851/1104/621 878/1156/647 469/626/368 221/633/169
f 3048/907/2117 305/909/235 867/1125/636 3065/1191/2125
f 856/1185/625 301/347/231 594/346/489 911/1119/680
f 3056/1192/2118 3064/1193/2124 866/1124/635 309/352/239
f 910/1122/679 595/906/490 297/905/227 857/1186/626
f 859/1121/628 296/910/226 595/906/490 910/1122/679
f 858/1120/627 300/856/230 646/769/528 913/1179/682
f 859/1121/628 912/1180/681 645/911/527 296/910/226
f 911/1119/680 594/346/489 300/856/230 858/1120/627
f 303/354/233 638/751/526 915/1181/684 860/1184/629
f 593/345/488 909/1113/678 861/1183/630 299/855/229
f 303/354/233 860/1184/629 908/1116/677 592/353/487
f 299/855/229 861/1183/630 914/1182/683 647/768/529
f 298/348/228 862/1114/631 909/1113/678 593/345/488
f 592/353/487 908/1116/677 863/1115/632 302/853/232
f 3067/1194/2127 3057/1195/540 696/387/540 917/1107/686
f 3066/1196/2126 916/1106/685 697/369/541 3063/368/2123
f 864/1112/633 869/1111/638 306/1013/236 308/1012/238
f 304/965/234 263/966/207 868/1110/637 865/1109/634
f 864/1112/633 308/1012/238 720/1015/555 921/1189/690
f 304/965/234 865/1109/634 920/1190/689 722/1006/557
f 921/1123/690 720/349/555 309/352/239 866/1124/635
f 722/912/557 920/1126/689 867/1125/636 305/909/235
f 868/1110/637 263/966/207 728/1011/563 918/1118/687
f 306/1013/236 869/1111/638 919/1117/688 721/1014/556
f 917/1107/686 696/387/540 307/351/237 870/1108/639
f 697/369/541 916/1106/685 871/1105/640 310/355/240
f 721/350/556 919/1187/688 870/1108/639 307/351/237
f 918/1188/687 728/356/563 310/355/240 871/1105/640
f 873/1149/642 466/611/365 467/610/366 877/1150/646
f 886/1136/655 477/600/376 466/611/365 873/1149/642
f 876/1151/645 461/620/360 460/619/359 872/1152/641
f 887/1137/656 872/1152/641 460/619/359 471/616/370
f 877/1145/646 467/607/366 465/606/364 874/1146/643
f 875/1147/644 459/622/358 461/621/360 876/1148/645
f 469/626/368 878/1156/647 883/1155/652 470/625/369
f 464/608/363 882/1154/651 879/1153/648 463/605/362
f 462/612/361 880/1158/649 882/1157/651 464/609/363
f 470/624/369 883/1160/652 881/1159/650 468/623/367
f 475/599/374 891/1139/660 880/1158/649 462/612/361
f 481/613/380 468/623/367 881/1159/650 890/1142/659
f 479/601/378 889/1135/658 885/637/654 478/603/377
f 888/1138/657 473/617/372 472/618/371 884/634/653
f 477/600/376 886/1136/655 889/1135/658 479/601/378
f 887/1137/656 471/616/370 473/617/372 888/1138/657
f 481/613/380 890/1142/659 895/1141/664 482/614/381
f 891/1139/660 475/599/374 476/602/375 894/1140/663
f 894/1140/663 476/602/375 474/604/373 892/1143/661
f 482/614/381 895/1141/664 893/1144/662 480/615/379
f 897/1167/666 529/737/425 530/736/426 901/1168/670
f 913/1179/682 646/769/528 529/737/425 897/1167/666
f 900/1169/669 524/761/420 523/760/419 896/1170/665
f 912/1180/681 896/1170/665 523/760/419 645/911/527
f 901/1163/670 530/733/426 528/732/424 898/1164/667
f 899/1165/668 522/297/418 524/296/420 900/1166/669
f 532/742/428 902/1174/671 907/1173/676 533/741/429
f 527/734/423 906/1172/675 903/1171/672 526/731/422
f 525/738/421 904/1176/673 906/1175/675 527/735/423
f 533/740/429 907/1178/676 905/1177/674 531/739/427
f 647/768/529 914/1182/683 904/1176/673 525/738/421
f 638/751/526 531/739/427 905/1177/674 915/1181/684
f 954/1197/713 1022/1198/750 953/1199/712 1021/1200/749
f 1028/1201/755 971/1202/730 1025/1203/752 970/1204/729
f 1044/1205/3 1033/1206/3 1021/1207/749 946/1208/705
f 971/1202/730 1016/1209/747 1026/1210/753 1025/1203/752
f 1012/1211/745 953/1199/712 1022/1198/750 1023/1212/751
f 958/1213/717 946/1214/705 947/1215/706 957/1216/716
f 962/1217/721 948/1218/707 949/1219/708 961/1220/720
f 960/1221/719 950/1222/709 951/1223/710 959/1224/718
f 946/1214/705 1021/1200/749 953/1199/712 947/1215/706
f 948/1218/707 958/1213/717 957/1216/716 949/1219/708
f 959/1224/718 981/1225/740 980/1226/739 960/1221/719
f 950/1222/709 962/1217/721 961/1220/720 951/1223/710
f 975/1227/734 979/1228/738 978/1229/737 974/1230/733
f 964/1231/723 971/1202/730 1028/1201/755 963/1232/722
f 966/1233/725 972/1234/731 973/1235/732 965/1236/724
f 968/1237/727 976/1238/735 977/1239/736 967/1240/726
f 972/1234/731 964/1231/723 963/1232/722 973/1235/732
f 974/1230/733 968/1237/727 967/1240/726 975/1227/734
f 976/1238/735 966/1233/725 965/1236/724 977/1239/736
f 969/1241/728 956/1242/715 955/1243/714 1027/1244/754
f 991/1245/741 982/1246/741 3141/1247/2161 3142/1248/2161
f 995/1249/741 984/1250/741 3143/1251/2161 3144/1252/2161
f 993/1253/741 986/1254/741 3145/1255/2161 3146/1256/2161
f 982/1246/741 1012/1211/745 3147/1257/2162 3141/1247/2161
f 1010/1258/744 988/1259/742 3161/1260/2115 3148/1261/2163
f 984/1250/741 991/1245/741 3142/1248/2161 3143/1251/2161
f 3146/1256/2161 3150/1262/2161 1008/1263/741 993/1253/741
f 986/1254/741 995/1249/741 3144/1252/2161 3145/1255/2161
f 997/1264/743 1014/1265/743 3151/1266/2165 3152/1267/2165
f 3159/1268/2165 3153/1269/2166 1016/1209/747 998/1270/743
f 3155/1271/2165 3156/1272/2165 1001/1273/743 1002/1274/743
f 3157/1275/2165 3158/1276/2165 1005/1277/743 1006/1278/743
f 3156/1272/2165 3159/1268/2165 998/1270/743 1001/1273/743
f 3152/1267/2165 3157/1275/2165 1006/1278/743 997/1264/743
f 3158/1276/2165 3155/1271/2165 1002/1274/743 1005/1277/743
f 1031/1279/3 1032/1280/3 1028/1281/755 970/1282/729
f 947/1215/706 953/1199/712 1012/1211/745 982/1246/741
f 931/1283/3 1051/1284/3 4/37/3 5/745/3
f 957/1216/716 947/1215/706 982/1246/741 991/1245/741
f 946/1208/705 958/1285/717 1048/1286/3 1044/1205/3
f 949/1219/708 957/1216/716 991/1245/741 984/1250/741
f 958/1285/717 948/1287/707 1046/1288/3 1048/1286/3
f 961/1220/720 949/1219/708 984/1250/741 995/1249/741
f 948/1287/707 962/1289/721 1050/1290/3 1046/1288/3
f 959/1224/718 951/1223/710 986/1254/741 993/1253/741
f 950/1291/709 960/1292/719 1045/1293/3 1049/1294/3
f 951/1223/710 961/1220/720 995/1249/741 986/1254/741
f 962/1289/721 950/1291/709 1049/1294/3 1050/1290/3
f 952/1295/711 956/1242/715 988/1259/742 1010/1258/744
f 1024/4/3 1034/3/3 930/39/698 1051/1284/3
f 956/1242/715 969/1241/728 1015/1296/746 988/1259/742
f 960/1292/719 980/1297/739 1047/1298/3 1045/1293/3
f 981/1225/740 959/1224/718 993/1253/741 1008/1263/741
f 971/1202/730 964/1231/723 998/1270/743 1016/1209/747
f 963/1299/722 1028/1281/755 1032/1280/3 1038/1300/3
f 964/1231/723 972/1234/731 1001/1273/743 998/1270/743
f 973/1301/732 963/1299/722 1038/1300/3 1041/1302/3
f 972/1234/731 966/1233/725 1002/1274/743 1001/1273/743
f 965/1303/724 973/1301/732 1041/1302/3 1039/1304/3
f 966/1233/725 976/1238/735 1005/1277/743 1002/1274/743
f 977/1305/736 965/1303/724 1039/1304/3 1037/1306/3
f 976/1238/735 968/1237/727 1006/1278/743 1005/1277/743
f 975/1307/734 967/1308/726 1036/1309/3 1040/1310/3
f 967/1308/726 977/1305/736 1037/1306/3 1036/1309/3
f 968/1237/727 974/1230/733 997/1264/743 1006/1278/743
f 974/1230/733 978/1229/737 1014/1265/743 997/1264/743
f 483/680/382 1035/1311/3 1040/1310/3 932/681/382
f 933/1312/3 990/1313/3 983/1314/3 940/1315/3
f 940/1315/3 983/1314/3 1019/1316/3 1054/1317/3
f 941/1318/3 994/1319/3 985/1320/3 942/1321/3
f 942/1321/3 985/1320/3 990/1313/3 933/1312/3
f 944/1322/3 987/1323/3 994/1319/3 941/1318/3
f 943/1324/3 992/1325/3 987/1323/3 944/1322/3
f 999/1326/3 940/1315/3 1054/1317/3 1030/1327/3
f 943/1324/3 945/1328/3 1009/1329/3 992/1325/3
f 996/1330/3 943/1324/3 944/1322/3 1007/1331/3
f 996/1330/3 1013/1332/3 945/1328/3 943/1324/3
f 1000/1333/3 933/1312/3 940/1315/3 999/1326/3
f 1003/1334/3 942/1321/3 933/1312/3 1000/1333/3
f 1004/1335/3 941/1318/3 942/1321/3 1003/1334/3
f 1007/1331/3 944/1322/3 941/1318/3 1004/1335/3
f 3148/1261/2163 3149/1336/2164 1023/1212/751 1010/1258/744
f 952/1295/711 1020/1337/748 955/1243/714 956/1242/715
f 1023/1212/751 3149/1336/2164 3147/1257/2162 1012/1211/745
f 1023/1212/751 1022/1198/750 952/1295/711 1010/1258/744
f 954/1197/713 1020/1337/748 952/1295/711 1022/1198/750
f 1034/3/3 954/2/713 1021/1207/749 1033/1206/3
f 1027/1338/754 1043/1339/3 1031/1279/3 970/1282/729
f 1027/1244/754 970/1204/729 1025/1203/752 969/1241/728
f 1016/1209/747 3153/1269/2166 3154/1340/2167 1026/1210/753
f 3154/1340/2167 3160/1341/2168 1015/1296/746 1026/1210/753
f 1025/1203/752 1026/1210/753 1015/1296/746 969/1241/728
f 1043/1339/3 1027/1338/754 955/747/714 1042/746/3
f 1049/1294/3 1045/1293/3 928/1342/696 929/1343/697
f 1015/1296/746 3160/1341/2168 3161/1260/2115 988/1259/742
f 931/1283/3 5/745/3 486/708/385 935/689/700
f 1040/1310/3 1036/1309/3 938/704/703 932/681/382
f 1039/1304/3 1041/1302/3 937/697/702 936/696/701
f 1036/1309/3 1037/1306/3 939/705/704 938/704/703
f 1037/1306/3 1039/1304/3 936/696/701 939/705/704
f 1041/1302/3 1038/1300/3 934/688/699 937/697/702
f 1040/1310/3 1035/1311/3 979/1344/738 975/1307/734
f 1048/1286/3 1046/1288/3 927/1345/695 924/1346/692
f 1046/1288/3 1050/1290/3 926/1347/694 927/1345/695
f 1050/1290/3 1049/1294/3 929/1343/697 926/1347/694
f 1045/1293/3 1047/1298/3 1/1348/1 928/1342/696
f 1044/1205/3 1048/1286/3 924/1346/692 925/1349/693
f 930/39/698 1034/3/3 3031/1350/2104
f 925/1349/693 1033/1206/3 1044/1205/3
f 1051/1284/3 931/1283/3 1042/746/3 1024/4/3
f 4/37/3 1051/1284/3 930/39/698
f 1053/764/757 147/1037/116 149/1351/118 150/762/119
f 151/1352/120 1052/670/756 453/586/352 457/585/356
f 147/1037/116 1052/670/756 151/1352/120 149/1351/118
f 1053/764/757 177/632/146 147/1037/116
f 176/771/145 474/604/373 478/603/377 175/770/144
f 1054/1317/3 1019/1316/3 1011/1353/3 1055/1354/3
f 1030/1327/3 1054/1317/3 1055/1354/3 1017/1355/3
f 1017/1355/3 1055/1354/3 989/1356/3 1029/1357/3
f 1055/1354/3 1011/1353/3 1018/1358/3 989/1356/3
f 2021/1359/1352 2025/1360/3 2035/1361/3 1963/1362/1326
f 1121/1363/6 1529/1364/1085 1510/1365/386
f 1796/1366/2 1789/1367/2 1777/1368/2 1782/1369/2
f 1092/1370/767 1093/1371/768 1101/1372/774 1099/1373/772
f 1093/1371/768 1091/1374/766 1100/1375/773 1101/1372/774
f 1089/1376/764 1090/1377/765 1104/1378/777 1102/1379/775
f 1090/1377/765 1088/1380/763 1103/1381/776 1104/1378/777
f 1106/1382/779 1107/1383/780 1090/1377/765 1089/1376/764
f 1107/1383/780 1105/1384/778 1088/1380/763 1090/1377/765
f 1102/1379/775 1104/1378/777 39/28/14 38/27/13
f 1104/1378/777 1103/1381/776 37/29/12 39/28/14
f 1099/1373/772 1101/1372/774 1107/1383/780 1106/1382/779
f 1101/1372/774 1100/1375/773 1105/1384/778 1107/1383/780
f 1087/1385/762 1096/1386/771 3036/1387/2109
f 1087/1385/762 1095/1388/770 1096/1386/771
f 1094/1389/769 1096/1390/771 1093/1371/768 1092/1370/767
f 1096/1390/771 1095/1391/770 1091/1374/766 1093/1371/768
f 1057/1392/3 1086/1393/3 1087/1385/762
f 1940/1394/1317 1057/1392/3 1087/1395/762
f 3010/1396/2083 3035/1397/2108 3036/1387/2109 1094/1398/769
f 3004/44/2077 3011/1399/2084 1102/1400/775 38/45/13
f 3012/1401/2085 3013/1402/2086 1106/1403/779 1089/1404/764
f 3011/1399/2084 3012/1401/2085 1089/1404/764 1102/1400/775
f 3014/1405/2087 3015/1406/2088 1092/1407/767 1099/1408/772
f 3015/1406/2088 3010/1396/2083 1094/1398/769 1092/1407/767
f 3013/1402/2086 3014/1405/2087 1099/1408/772 1106/1403/779
f 1116/1409/789 1117/1410/790 1111/1411/784 1109/1412/782
f 1117/1410/790 1115/1413/788 1110/1414/783 1111/1411/784
f 1131/1415/803 1132/1416/804 1117/1410/790 1116/1409/789
f 1132/1416/804 1108/1417/781 1115/1413/788 1117/1410/790
f 1142/1418/814 1144/1419/816 1111/1411/784 1110/1414/783
f 1144/1419/816 1143/1420/815 1109/1412/782 1111/1411/784
f 1134/1421/806 1135/1422/807 1124/1423/796 1122/1424/794
f 1135/1422/807 1133/1425/805 1123/1426/795 1124/1423/796
f 1140/1427/812 1141/1428/813 1127/1429/799 1125/1430/797
f 1141/1428/813 1139/1431/811 1126/1432/798 1127/1429/799
f 1137/1433/809 1138/1434/810 1130/1435/802 1128/1436/800
f 1138/1434/810 1136/1437/808 1129/1438/801 1130/1435/802
f 1155/1439/823 1156/1440/824 1132/1416/804 1131/1415/803
f 1156/1440/824 1157/1441/825 1108/1417/781 1132/1416/804
f 1125/1430/797 1127/1429/799 1135/1422/807 1134/1421/806
f 1127/1429/799 1126/1432/798 1133/1425/805 1135/1422/807
f 64/89/37 66/90/39 1138/1434/810 1137/1433/809
f 66/90/39 65/91/38 1136/1437/808 1138/1434/810
f 1128/1436/800 1130/1435/802 1141/1428/813 1140/1427/812
f 1130/1435/802 1129/1438/801 1139/1431/811 1141/1428/813
f 1145/1442/817 1147/1443/819 1144/1419/816 1142/1418/814
f 1147/1443/819 1146/1444/818 1143/1420/815 1144/1419/816
f 1149/1445/821 1150/1446/822 1147/1443/819 1145/1442/817
f 1150/1446/822 1148/1447/820 1146/1444/818 1147/1443/819
f 1110/1414/783 1115/1413/788 1086/1393/3 1098/1448/3
f 1098/1448/3 1097/1449/3 1110/1414/783
f 1115/1413/788 1108/1417/781 1087/1385/762
f 1086/1393/3 1115/1413/788 1087/1385/762
f 1124/1423/796 1123/1426/795 1157/1441/825 1156/1440/824
f 1122/1424/794 1124/1423/796 1156/1440/824 1155/1439/823
f 1792/1450/2 1796/1366/2 1782/1369/2 1785/1451/2
f 1095/1388/770 1087/1385/762 3030/1452/2103
f 1162/1453/830 1163/1454/831 1172/1455/840 1170/1456/838
f 1163/1454/831 1161/1457/829 1171/1458/839 1172/1455/840
f 1170/1456/838 1172/1455/840 1169/1459/837 1167/1460/835
f 1172/1455/840 1171/1458/839 1168/1461/836 1169/1459/837
f 1167/1460/835 1169/1459/837 1095/1391/770
f 1169/1459/837 1168/1461/836 1095/1391/770
f 1159/1462/827 1160/1463/828 1166/1464/834 1164/1465/832
f 1160/1463/828 1158/1466/826 1165/1467/833 1166/1464/834
f 1164/1465/832 1166/1464/834 1163/1454/831 1162/1453/830
f 1166/1464/834 1165/1467/833 1161/1457/829 1163/1454/831
f 116/118/85 118/119/87 1160/1463/828 1159/1462/827
f 118/119/87 117/120/86 1158/1466/826 1160/1463/828
f 1095/1388/770 3030/1452/2103 3023/1468/2096
f 1095/1391/770 1168/1461/836 1091/1374/766
f 3023/1468/2096 1123/1426/795 1133/1425/805 3024/1469/2097
f 1103/1381/776 1158/1466/826 117/120/86 37/29/12
f 1088/1380/763 1165/1467/833 1158/1466/826 1103/1381/776
f 3025/1470/2098 1136/1437/808 65/91/38 3019/124/2092
f 3026/1471/2099 1129/1438/801 1136/1437/808 3025/1470/2098
f 1105/1384/778 1161/1457/829 1165/1467/833 1088/1380/763
f 1100/1375/773 1171/1458/839 1161/1457/829 1105/1384/778
f 3027/1472/2100 1139/1431/811 1129/1438/801 3026/1471/2099
f 3028/1473/2101 1126/1432/798 1139/1431/811 3027/1472/2100
f 1091/1374/766 1168/1461/836 1171/1458/839 1100/1375/773
f 3024/1469/2097 1133/1425/805 1126/1432/798 3028/1473/2101
f 1173/1474/841 1179/1475/847 1177/1476/845 1176/1477/844
f 1174/1478/842 1176/1479/844 1177/1476/845 1178/1480/846
f 1175/1481/843 1178/1480/846 1177/1476/845 1179/1475/847
f 1180/1482/848 1186/1483/854 1184/1484/852 1183/1485/851
f 1802/1486/2 1792/1450/2 1785/1451/2 1784/1487/2
f 1182/1488/850 1185/1489/853 1184/1484/852 1186/1483/854
f 1187/1490/855 1193/1491/861 1191/1492/859 1190/1493/858
f 1188/1494/856 1190/1495/858 1191/1496/859 1192/1497/860
f 1197/1498/865 1203/1499/871 1201/1500/869 1200/1501/868
f 1198/1502/866 1200/1501/868 1201/1500/869 1202/1503/870
f 1598/1504/1136 1202/1505/870 1201/1506/869 1199/1507/867
f 1197/1498/865 1200/1501/868 1595/1508/1133 1594/1509/1132
f 1200/1501/868 1198/1502/866 1593/1510/1131 1595/1508/1133
f 1649/1511/6 1666/1512/6 1599/1513/1137 1196/1514/864
f 1195/1515/863 1585/1516/1123 1587/1517/1125
f 1174/1478/842 1178/1480/846 1186/1483/854 1180/1482/848
f 1178/1480/846 1175/1481/843 1182/1488/850 1186/1483/854
f 1173/1474/841 1176/1477/844 1190/1495/858 1188/1494/856
f 1176/1479/844 1174/1478/842 1187/1490/855 1190/1493/858
f 1797/1518/2 1802/1486/2 1784/1487/2 1776/1519/2
f 1206/1520/873 1205/1521/872 1246/1522/880 1245/1523/879
f 1242/1524/136 1241/1525/137 1222/1526/137 1221/1527/136
f 1234/1528/148 1233/1529/137 1218/1530/137 1217/1531/148
f 1226/1532/136 1225/1533/137 1241/1525/137 1242/1524/136
f 1221/1527/136 1222/1526/137 1233/1529/137 1234/1528/148
f 167/188/136 168/191/137 1238/1534/137 1237/1535/136
f 1262/1536/148 1261/1537/137 1230/1538/140 1229/1539/148
f 1210/1540/141 1209/1541/140 1205/1521/872 1206/1520/873
f 1237/1535/136 1238/1534/137 1225/1533/137 1226/1532/136
f 1229/1539/148 1230/1538/140 1772/1542/140 1773/1543/141
f 1250/1544/884 1249/1545/883 1254/1546/888 1253/1547/887
f 1245/1523/879 1246/1522/880 1249/1545/883 1250/1544/884
f 1258/1548/892 1257/1549/891 1253/1547/887 1254/1546/888
f 1217/1531/148 1218/1530/137 1261/1537/137 1262/1536/148
f 1247/1550/881 1082/1551/758 1059/1552/4 1207/1553/134
f 1207/1553/134 1059/1552/4 1060/1554/4 1211/1555/142
f 1239/1556/138 1078/1557/4 7/214/4 169/213/138
f 1211/1555/142 1060/1554/4 1770/1558/4 1771/1559/574
f 1219/1560/149 1064/1561/4 1074/1562/4 1235/1563/151
f 1263/1564/171 1154/1565/4 1064/1561/4 1219/1560/149
f 1223/1566/151 1067/1567/4 1079/1568/4 1243/1569/138
f 1235/1563/151 1074/1562/4 1067/1567/4 1223/1566/151
f 1243/1569/138 1079/1568/4 1070/1570/4 1227/1571/138
f 1227/1571/138 1070/1570/4 1078/1557/4 1239/1556/138
f 1231/1572/153 1071/1573/4 1154/1565/4 1263/1564/171
f 1247/1550/881 1248/1574/882 1084/1575/760 1082/1551/758
f 1248/1574/882 1252/1576/886 1083/1577/759 1084/1575/760
f 1252/1576/886 1256/1578/890 1085/1579/761 1083/1577/759
f 1605/1580/1143 1606/1581/1144 1194/1582/862 1196/1514/864
f 1738/1583/1208 1732/1584/1202 1292/1585/920 1294/1586/922
f 1271/1587/901 1608/1588/1146 1620/1589/1157 1272/1590/902
f 1744/1591/1214 1619/1592/1156 1279/1593/909 1745/1594/1215
f 1708/1595/6 1709/1596/6 2521/1597/1713 1713/1598/1192
f 1286/1599/914 1729/1600/1199 1718/1601/1196 1287/1602/915
f 1730/1603/1200 1731/1604/1201 1290/1605/918
f 1602/1606/1140 1269/1607/899 1607/1608/1145 1616/1609/1153
f 1297/1610/925 1299/1611/927 1720/1612/1198 1733/1613/1203
f 1729/1600/1199 1286/1599/914 1289/1614/917 1730/1615/1200
f 1621/1616/497 1320/1617/222 242/275/188 603/274/498
f 1721/1618/548 1322/1619/176 230/1620/176 706/1621/548
f 1563/1622/439 1576/1623/452 1750/1624/6 1751/1625/6
f 1684/1626/1189 1683/984/1188 2358/987/1643 2359/1627/1644
f 1611/1628/1148 1274/1629/904 1273/1630/903 1608/1588/1146
f 1622/1631/1158 1266/1632/896 1272/1590/902 1620/1589/1157
f 1279/1593/909 1619/1592/1156 1618/1633/1155 1277/1634/907
f 1732/1635/1202 1293/1636/921 1290/1605/918 1731/1604/1201
f 1541/1637/1097 1545/1638/1101 1547/1639/1103 1610/1640/1147
f 1734/1641/1204 1296/1642/924 1297/1610/925 1733/1613/1203
f 1722/1643/548 1284/1644/177 1298/1645/926 1720/1646/1198
f 1718/1647/1196 1288/1648/916 1713/1598/1192 1719/1649/1197
f 3068/1650/2128 3069/1651/2129 1299/1611/927 1297/1610/925
f 3070/1652/2130 3071/1653/2131 1294/1586/922 1292/1585/920
f 3072/1654/742 3073/1655/2115 1286/1599/914 1287/1602/915
f 3202/1656/5 3249/1657/2114 1264/1658/894 1265/1659/895
f 1623/1660/1159 1312/1661/928 1301/1662/213 1624/1663/1160
f 1723/1664/548 1314/1665/176 1303/1666/176 1724/1667/548
f 1625/1668/502 1316/1669/220 1305/1670/215 1626/1671/1161
f 1725/1672/548 1318/1673/176 1307/1674/176 1726/1675/548
f 1627/1676/1162 1324/1677/929 1309/1678/217 1628/1679/505
f 1727/1680/548 1326/1681/176 1311/1682/176 1728/1683/548
f 1622/1631/1158 1267/1684/897 1312/1661/928 1623/1660/1159
f 1722/1685/548 1285/1686/176 1314/1665/176 1723/1664/548
f 1624/1663/1160 1301/1662/213 1316/1669/220 1625/1668/502
f 1724/1667/548 1303/1666/176 1318/1673/176 1725/1672/548
f 1628/1679/505 1309/1678/217 1320/1617/222 1621/1616/497
f 1728/1683/548 1311/1682/176 1322/1619/176 1721/1618/548
f 1626/1671/1161 1305/1670/215 1324/1677/929 1627/1676/1162
f 1726/1675/548 1307/1674/176 1326/1681/176 1727/1680/548
f 1613/1687/1150 1330/1688/932 1333/1689/935 1614/1690/1151
f 1735/1691/1205 1341/1692/943 1339/1693/941 1736/1694/1206
f 1612/1695/1149 1335/1696/937 1274/1629/904 1611/1628/1148
f 1734/1641/1204 1743/1697/1213 1342/1698/944 1296/1642/924
f 3075/1699/2114 1289/1614/917 1286/1599/914 3073/1655/2115
f 1586/1700/1124 1585/1516/1123 1153/1701/78
f 3070/1652/2130 1292/1585/920 1291/1702/919 3074/1703/5
f 3077/1704/2 1314/1665/176 1285/1686/176 3078/1705/2
f 3078/1705/2 1285/1686/176 1299/1611/927 3069/1651/2129
f 3049/1706/2 230/1620/176 1322/1619/176 3080/1707/2
f 1297/1610/925 1296/1642/924 1714/1708/577
f 3092/1709/577 1714/1708/577 1716/1710/1194 3093/1711/2139
f 241/370/187 10/373/6 1706/1712/6 1705/1713/1185
f 1281/1714/911 1717/1715/1195 2346/1716/1637 2350/1717/1640
f 3072/1654/742 3139/1718/2132 3076/1719/2132
f 1637/1720/1171 1635/1721/1169 1711/1722/6 1712/1723/6
f 3081/1724/2 1303/1666/176 1314/1665/176 3077/1704/2
f 3082/1725/2 1318/1673/176 1303/1666/176 3081/1724/2
f 3083/1726/2 1307/1674/176 1318/1673/176 3082/1725/2
f 3084/1727/2 1326/1681/176 1307/1674/176 3083/1726/2
f 3085/1728/2 1311/1682/176 1326/1681/176 3084/1727/2
f 3080/1707/2 1322/1619/176 1311/1682/176 3085/1728/2
f 1513/1729/1083 1533/1730/1089 1121/1363/6
f 1715/1731/1193 1339/1693/941 1341/1692/943
f 1346/1732/945 1352/1733/951 1350/1734/949 1349/1735/948
f 1347/1736/946 1349/1735/948 1350/1734/949 1351/1737/950
f 1353/1738/952 1359/1739/958 1357/1740/956 1356/1741/955
f 1354/1742/953 1356/1743/955 1357/1744/956 1358/1745/957
f 1355/1746/954 1358/1747/957 1357/1748/956 1359/1749/958
f 1369/1750/965 1375/1751/971 1373/1752/969 1372/1753/968
f 1370/1754/966 1372/1755/968 1373/1756/969 1374/1757/970
f 1371/1758/967 1374/1759/970 1373/1760/969 1375/1761/971
f 1451/1762/1026 1453/1763/3 1454/1764/1028
f 1395/1765/242 1396/1766/243 316/423/243 315/422/242
f 1396/1767/243 1394/1768/241 314/427/241 316/426/243
f 1364/1769/960 1365/1770/961 1349/1735/948 1347/1736/946
f 1365/1770/961 1363/1771/959 1346/1732/945 1349/1735/948
f 1367/1772/963 1368/1773/964 1359/1739/958 1353/1738/952
f 1368/1774/964 1366/1775/962 1355/1746/954 1359/1749/958
f 1354/1742/953 1358/1745/957 1351/1776/950 1775/1777/1223
f 1358/1747/957 1355/1746/954 1347/1736/946 1351/1737/950
f 1344/1778/242 1345/1779/243 1362/1780/243 1360/1781/242
f 1345/1782/243 1343/1783/241 1361/1784/241 1362/1785/243
f 1471/1786/242 1472/1787/243 1381/1788/243 1379/1789/242
f 1472/1790/243 1470/1791/241 1380/1792/241 1381/1793/243
f 1392/1794/242 1393/1795/243 1384/1796/243 1382/1797/242
f 1393/1798/243 1391/1799/241 1383/1800/241 1384/1801/243
f 1398/1802/242 1399/1803/243 1387/1804/243 1385/1805/242
f 1399/1806/243 1397/1807/241 1386/1808/241 1387/1809/243
f 1360/1781/242 1362/1780/243 1769/1810/243 1768/1811/242
f 1362/1785/243 1361/1784/241 1767/1812/241 1769/1813/243
f 1379/1789/242 1381/1788/243 1393/1795/243 1392/1794/242
f 1381/1793/243 1380/1792/241 1391/1799/241 1393/1798/243
f 1385/1805/242 1387/1804/243 1396/1766/243 1395/1765/242
f 1387/1809/243 1386/1808/241 1394/1768/241 1396/1767/243
f 1382/1797/242 1384/1796/243 1399/1803/243 1398/1802/242
f 1384/1801/243 1383/1800/241 1397/1807/241 1399/1806/243
f 1400/1814/975 1402/1815/977 1408/1816/983 1406/1817/981
f 1402/1818/977 1401/1819/976 1407/1820/982 1408/1821/983
f 1406/1817/981 1408/1816/983 1405/1822/980 1403/1823/978
f 1408/1821/983 1407/1820/982 1404/1824/979 1405/1825/980
f 1410/1826/985 1411/1827/986 1414/1828/989 1412/1829/987
f 1411/1830/986 1409/1831/984 1413/1832/988 1414/1833/989
f 1412/1829/987 1414/1828/989 1417/1834/992 1415/1835/990
f 1414/1833/989 1413/1832/988 1416/1836/991 1417/1837/992
f 1401/1819/976 1402/1818/977 1345/1779/243 1344/1778/242
f 1402/1815/977 1400/1814/975 1343/1783/241 1345/1782/243
f 1431/1838/1006 1432/1839/1007 1429/1840/1004 1427/1841/1002
f 1432/1842/1007 1430/1843/1005 1428/1844/1003 1429/1845/1004
f 1434/1846/1009 1435/1847/1010 1420/1848/995 1418/1849/993
f 1435/1850/1010 1433/1851/1008 1419/1852/994 1420/1853/995
f 1422/1854/997 1423/1855/998 1432/1839/1007 1431/1838/1006
f 1423/1856/998 1421/1857/996 1430/1843/1005 1432/1842/1007
f 1474/1858/1045 1475/1859/1046 1426/1860/1001 1424/1861/999
f 1475/1862/1046 1473/1863/1044 1425/1864/1000 1426/1865/1001
f 1418/1849/993 1420/1848/995 400/527/303 399/526/302
f 1420/1853/995 1419/1852/994 398/529/301 400/528/303
f 1437/1866/1012 1438/1867/1013 1444/1868/1019 1442/1869/1017
f 1438/1870/1013 1436/1871/1011 1443/1872/1018 1444/1873/1019
f 1440/1874/1015 1441/1875/1016 1435/1847/1010 1434/1846/1009
f 1441/1876/1016 1439/1877/1014 1433/1851/1008 1435/1850/1010
f 1424/1861/999 1426/1860/1001 1438/1867/1013 1437/1866/1012
f 1426/1865/1001 1425/1864/1000 1436/1871/1011 1438/1870/1013
f 1442/1869/1017 1444/1868/1019 1441/1875/1016 1440/1874/1015
f 1444/1873/1019 1443/1872/1018 1439/1877/1014 1441/1876/1016
f 1409/1831/984 1411/1830/986 1423/1855/998 1422/1854/997
f 1411/1827/986 1410/1826/985 1421/1857/996 1423/1856/998
f 1353/1738/952 1356/1741/955 1447/1878/1022 1446/1879/1021
f 1356/1743/955 1354/1742/953 1445/1880/1020 1447/1881/1022
f 1446/1879/1021 1447/1878/1022 1405/1825/980 1404/1824/979
f 1447/1881/1022 1445/1880/1020 1403/1823/978 1405/1822/980
f 1449/1882/1024 1450/1883/1025 1417/1837/992 1416/1836/991
f 1450/1884/1025 1448/1885/1023 1415/1835/990 1417/1834/992
f 1371/1758/967 1375/1761/971 1450/1883/1025 1449/1882/1024
f 1375/1751/971 1369/1750/965 1448/1885/1023 1450/1884/1025
f 1388/1886/242 1390/1887/243 1472/1787/243 1471/1786/242
f 1390/1888/243 1389/1889/241 1470/1791/241 1472/1790/243
f 1468/1890/1042 1469/1891/1043 1466/1892/1040 1464/1893/1038
f 1469/1894/1043 1467/1895/1041 1465/1896/1039 1466/1897/1040
f 1461/1898/1035 1463/1899/1037 1469/1891/1043 1468/1890/1042
f 1463/1899/1037 1462/1900/1036 1467/1901/1041 1469/1891/1043
f 1451/1762/1026 1454/1764/1028 1460/1902/1034 1458/1903/1032
f 1454/1764/1028 1452/1904/1027 1459/1905/1033 1460/1902/1034
f 1458/1906/1032 1460/1907/1034 1457/1908/1031 1455/1909/1029
f 1460/1907/1034 1459/1910/1033 1456/1911/1030 1457/1908/1031
f 1377/1912/973 1378/1913/974 1457/1908/1031 1456/1911/1030
f 1378/1913/974 1376/1914/972 1455/1909/1029 1457/1908/1031
f 1370/1754/966 1374/1757/970 1466/1897/1040 1465/1896/1039
f 1374/1759/970 1371/1758/967 1464/1893/1038 1466/1892/1040
f 1427/1841/1002 1429/1840/1004 1475/1859/1046 1474/1858/1045
f 1429/1845/1004 1428/1844/1003 1473/1863/1044 1475/1862/1046
f 1480/1915/1051 1481/1916/1052 1484/1917/1055 1482/1918/1053
f 1481/1919/1052 1479/1920/1050 1483/1921/1054 1484/1922/1055
f 1482/1923/1053 1484/1924/1055 1478/1925/1049 1477/1926/1048
f 1484/1924/1055 1483/1927/1054 1476/1928/1047 1478/1925/1049
f 1798/1929/1128 1799/1930/1129 1352/1733/951 1346/1732/945
f 1799/1931/1129 1800/1932/1130 1774/1933/1222 1352/1934/951
f 1501/1935/1072 1502/1936/1073 1505/1937/1076 1503/1938/1074
f 1502/1936/1073 1500/1939/1071 1504/1940/1075 1505/1937/1076
f 1489/1941/1060 1490/1942/1061 1493/1943/1064 1491/1944/1062
f 1490/1945/1061 1488/1946/1059 1492/1947/1063 1493/1948/1064
f 1376/1914/972 1378/1913/974 1508/1949/1079 1507/1950/1078
f 1378/1913/974 1377/1912/973 1506/1951/1077 1508/1949/1079
f 1497/1952/1068 1499/1953/1070 1365/1770/961 1364/1769/960
f 1499/1953/1070 1498/1954/1069 1363/1771/959 1365/1770/961
f 1366/1775/962 1368/1774/964 1487/1955/1058 1486/1956/1057
f 1368/1773/964 1367/1772/963 1485/1957/1056 1487/1958/1058
f 1494/1959/1065 1496/1960/1067 1372/1755/968 1370/1754/966
f 1496/1961/1067 1495/1962/1066 1369/1750/965 1372/1753/968
f 1059/1552/4 1082/1551/758 1401/1819/976 1344/1778/242
f 1059/1552/4 1344/1778/242 1360/1781/242 1060/1554/4
f 1078/1557/4 1395/1765/242 315/422/242 7/214/4
f 1800/1932/1130 1803/1963/2 1787/1964/2 1774/1933/1222
f 1801/1965/539 1798/1929/1128 1346/1732/945 1363/1771/959
f 1347/1736/946 1355/1746/954 1366/1775/962 1364/1769/960
f 1367/1772/963 1353/1738/952 1446/1879/1021 1085/1579/761
f 1060/1554/4 1360/1781/242 1768/1811/242 1770/1558/4
f 1056/1966/2 1765/1967/2 1767/1812/241 1361/1784/241
f 1801/1965/539 1363/1771/959 1498/1954/1069 1215/1968/877
f 1364/1769/960 1366/1775/962 1486/1956/1057 1497/1952/1068
f 1485/1957/1056 1367/1772/963 1085/1579/761 1256/1578/890
f 1507/1950/1078 1494/1959/1065 1370/1754/966 1376/1914/972
f 1465/1896/1039 1376/1914/972 1370/1754/966
f 1369/1750/965 1495/1962/1066 1259/1969/893 1448/1885/1023
f 1449/1882/1024 1148/1447/820 1464/1893/1038 1371/1758/967
f 1894/1970/1274 1895/1971/1275 1817/1972/1229 1816/1973/1228
f 1212/1974/874 1506/1951/1077 1377/1912/973 1061/1975/742
f 1112/1976/785 1376/1914/972 1465/1896/1039
f 1455/1909/1029 1376/1914/972 1112/1976/785
f 1154/1565/4 1471/1786/242 1379/1789/242 1064/1561/4
f 1151/1977/2 1062/1978/2 1380/1792/241 1470/1791/241
f 1064/1561/4 1379/1789/242 1392/1794/242 1074/1562/4
f 1062/1978/2 1075/1979/2 1391/1799/241 1380/1792/241
f 1074/1562/4 1392/1794/242 1382/1797/242 1067/1567/4
f 1075/1979/2 1065/1980/2 1383/1800/241 1391/1799/241
f 1067/1567/4 1382/1797/242 1398/1802/242 1079/1568/4
f 1065/1980/2 1080/1981/2 1397/1807/241 1383/1800/241
f 1079/1568/4 1398/1802/242 1385/1805/242 1070/1570/4
f 1080/1981/2 1068/1982/2 1386/1808/241 1397/1807/241
f 1070/1570/4 1385/1805/242 1395/1765/242 1078/1557/4
f 1072/1983/2 1151/1977/2 1470/1791/241 1389/1889/241
f 1071/1573/4 1388/1886/242 1471/1786/242 1154/1565/4
f 1082/1551/758 1084/1575/760 1407/1820/982 1401/1819/976
f 1084/1575/760 1083/1577/759 1404/1824/979 1407/1820/982
f 1083/1577/759 1085/1579/761 1446/1879/1021 1404/1824/979
f 1410/1826/985 1412/1829/987 1251/1984/885 1244/1985/878
f 1109/1412/782 1143/1420/815 1413/1832/988 1409/1831/984
f 1410/1826/985 1244/1985/878 1204/1986/131 1421/1857/996
f 1109/1412/782 1409/1831/984 1422/1854/997
f 1143/1420/815 1146/1444/818 1416/1836/991 1413/1832/988
f 1412/1829/987 1415/1835/990 1255/1987/889 1251/1984/885
f 1146/1444/818 1148/1447/820 1449/1882/1024 1416/1836/991
f 1415/1835/990 1448/1885/1023 1259/1969/893 1255/1987/889
f 1433/1851/1008 1224/1988/135 1236/1989/135 1419/1852/994
f 1128/1436/800 1434/1846/1009 1418/1849/993 1137/1433/809
f 1419/1852/994 1236/1989/135 166/654/135 398/529/301
f 1137/1433/809 1418/1849/993 399/526/302 64/89/37
f 1421/1857/996 1204/1986/131 1208/1990/139 1430/1843/1005
f 1109/1412/782 1422/1854/997 1431/1838/1006 1116/1409/789
f 1473/1863/1044 1260/1991/170 1216/1992/147 1425/1864/1000
f 1155/1439/823 1474/1858/1045 1424/1861/999 1122/1424/794
f 1425/1864/1000 1216/1992/147 1232/1993/150 1436/1871/1011
f 1122/1424/794 1424/1861/999 1437/1866/1012 1134/1421/806
f 1430/1843/1005 1208/1990/139 1228/1994/152 1428/1844/1003
f 1116/1409/789 1431/1838/1006 1427/1841/1002 1131/1415/803
f 1131/1415/803 1427/1841/1002 1474/1858/1045 1155/1439/823
f 1428/1844/1003 1228/1994/152 1260/1991/170 1473/1863/1044
f 1140/1427/812 1440/1874/1015 1434/1846/1009 1128/1436/800
f 1439/1877/1014 1240/1995/135 1224/1988/135 1433/1851/1008
f 1436/1871/1011 1232/1993/150 1220/1996/150 1443/1872/1018
f 1134/1421/806 1437/1866/1012 1442/1869/1017 1125/1430/797
f 1125/1430/797 1442/1869/1017 1440/1874/1015 1140/1427/812
f 1443/1872/1018 1220/1996/150 1240/1995/135 1439/1877/1014
f 1061/1975/742 1377/1912/973 1456/1911/1030 1119/1997/792
f 1114/1998/787 1113/1999/786 1451/1762/1026 1458/1903/1032
f 1113/1999/786 1804/2000/3 1453/1763/3 1451/1762/1026
f 1098/1448/3 1086/1393/3 1453/1763/3
f 1112/1976/785 1114/2001/787 1458/1906/1032 1455/1909/1029
f 1118/2002/791 1120/2003/793 1459/1905/1033 1452/1904/1027
f 1461/1898/1035 1468/1890/1042 1150/1446/822 1149/1445/821
f 1467/1901/1041 1462/1900/1036 1113/1999/786 1114/1998/787
f 1113/1999/786 1462/1900/1036 1805/2004/3 1804/2000/3
f 1468/1890/1042 1464/1893/1038 1148/1447/820 1150/1446/822
f 1465/1896/1039 1467/1895/1041 1114/2001/787 1112/1976/785
f 1482/1923/1053 1477/1926/1048 1180/1482/848 1183/1485/851
f 1193/1491/861 1187/1490/855 1476/1928/1047 1483/1927/1054
f 2051/2005/1360 1479/1920/1050 1798/1929/1128 1801/1965/539
f 1480/1915/1051 1482/1918/1053 1183/2006/851 1764/2007/1221
f 1501/1935/1072 1503/1938/1074 1492/1947/1063 1488/1946/1059
f 1489/1941/1060 1491/1944/1062 1257/1549/891 1258/1548/892
f 1120/2008/793 1119/1997/792 1456/1911/1030 1459/1910/1033
f 1525/2009/383 1526/2010/384 485/676/384 484/675/383
f 1526/2011/384 1942/2012/382 483/680/382 485/679/384
f 1521/2013/396 1522/2014/397 1516/2015/392 1515/2016/391
f 1522/2017/397 1945/2018/700 1944/2019/699 1516/2020/392
f 1523/2021/398 1524/2022/399 1518/2023/394 1517/2024/393
f 1524/2025/399 1947/2026/702 1946/2027/701 1518/2028/394
f 1527/2029/400 1528/2030/401 1520/2031/395 1519/2032/383
f 1528/2033/401 1949/2034/704 1948/2035/703 1520/2036/395
f 1510/1365/386 1511/2037/1081 1522/2014/397 1521/2013/396
f 1511/2038/1081 1509/2039/1080 1945/2018/700 1522/2017/397
f 1515/2016/391 1516/2015/392 1524/2022/399 1523/2021/398
f 1516/2020/392 1944/2019/699 1947/2026/702 1524/2025/399
f 1519/2032/383 1520/2031/395 1526/2010/384 1525/2009/383
f 1520/2036/395 1948/2035/703 1942/2012/382 1526/2011/384
f 1517/2024/393 1518/2023/394 1528/2030/401 1527/2029/400
f 1518/2028/394 1946/2027/701 1949/2034/704 1528/2033/401
f 1530/2040/1086 1531/2041/1087 1537/2042/1093 1535/2043/1091
f 1531/2044/1087 1529/1364/1085 1536/2045/1092 1537/2046/1093
f 1535/2047/1091 1537/2048/1093 1534/2049/1090 1532/2050/1088
f 1537/2046/1093 1536/2045/1092 1533/1730/1089 1534/2051/1090
f 1513/1729/1083 1514/2052/1084 1534/2051/1090 1533/1730/1089
f 1514/2053/1084 1512/2054/1082 1532/2050/1088 1534/2049/1090
f 1529/1364/1085 1531/2044/1087 1511/2037/1081 1510/1365/386
f 1531/2041/1087 1530/2040/1086 1509/2039/1080 1511/2038/1081
f 1538/2055/1094 1540/2056/1096 1544/2057/1100 1542/2058/1098
f 1540/2056/1096 1539/2059/1095 1543/2060/1099 1544/2057/1100
f 1544/2057/1100 1543/2060/1099 1648/2061/1182
f 1549/2062/1105 1550/2063/1106 1553/2064/1109 1551/2065/1107
f 1550/2066/1106 1548/2067/1104 1552/2068/1108 1553/2069/1109
f 1554/2070/1110 1556/2071/1112 1514/2052/1084 1513/1729/1083
f 1556/2072/1112 1555/2073/1111 1512/2054/1082 1514/2053/1084
f 1652/2074/6 1525/2009/383 484/675/383 635/744/6
f 1509/2039/1080 1530/2040/1086 1118/2002/791 1058/2075/3
f 2042/2076/3 2025/1360/3 2021/1359/1352 1964/2077/1327
f 1651/2078/6 1121/1363/6 1510/1365/386 1653/2079/6
f 1653/2079/6 1510/1365/386 1521/2013/396 1654/2080/6
f 1512/2054/1082 1555/2073/1111 1212/1974/874 1061/1975/742
f 1061/1975/742 1119/1997/792 1532/2050/1088 1512/2054/1082
f 1655/2081/526 1554/2070/1110 1513/1729/1083 1656/2082/6
f 1656/2082/6 1513/1729/1083 1121/1363/6 1651/2078/6
f 1654/2080/6 1521/2013/396 1515/2016/391 1657/2083/6
f 1657/2083/6 1515/2016/391 1523/2021/398 1658/2084/6
f 1658/2084/6 1523/2021/398 1517/2024/393 1659/2085/6
f 1659/2085/6 1517/2024/393 1527/2029/400 1660/2086/6
f 1660/2086/6 1527/2029/400 1519/2032/383 1661/2087/6
f 1661/2087/6 1519/2032/383 1525/2009/383 1652/2074/6
f 1529/1364/1085 1121/1363/6 1536/2045/1092
f 1530/2040/1086 1535/2043/1091 1120/2003/793 1118/2002/791
f 1535/2047/1091 1532/2050/1088 1119/1997/792 1120/2008/793
f 1536/2045/1092 1121/1363/6 1533/1730/1089
f 1197/1498/865 1594/1509/1132 1540/2056/1096 1538/2055/1094
f 1188/1494/856 1192/1497/860 1543/2060/1099 1539/2059/1095
f 1538/2055/1094 1542/2058/1098 1203/1499/871 1197/1498/865
f 1610/2088/1147 1547/2089/1103 1546/2090/1102 1642/2091/1176
f 1192/2092/860 2052/2093/1361 1541/1637/1097 1543/2094/1099
f 1650/2095/6 1199/1507/867 1596/2096/1134 1665/2097/6
f 1545/1638/1101 1541/1637/1097 2052/2093/1361 1215/1968/877
f 1664/2098/529 1663/2099/528 1552/2068/1108 1548/2067/1104
f 1213/2100/875 1214/2101/876 1549/2062/1105 1551/2065/1107
f 1570/2102/446 1571/2103/447 1559/2104/435 1557/2105/433
f 1571/2106/447 1569/2107/445 1558/2108/434 1559/2109/435
f 1576/1623/452 1577/2110/453 1562/2111/438 1560/2112/436
f 1577/2113/453 1575/2114/451 1561/2115/437 1562/2116/438
f 1573/2117/449 1574/2118/450 1565/2119/441 1563/1622/439
f 1574/2120/450 1572/2121/448 1564/2122/440 1565/2123/441
f 1579/2124/1117 1580/2125/1118 1568/2126/1115 1566/2127/1113
f 1580/2128/1118 1578/2129/1116 1567/2130/1114 1568/2131/1115
f 1560/2112/436 1562/2111/438 1571/2103/447 1570/2102/446
f 1562/2116/438 1561/2115/437 1569/2107/445 1571/2106/447
f 534/802/430 536/803/432 1574/2118/450 1573/2117/449
f 536/804/432 535/805/431 1572/2121/448 1574/2120/450
f 1563/1622/439 1565/2119/441 1577/2110/453 1576/1623/452
f 1565/2123/441 1564/2122/440 1575/2114/451 1577/2113/453
f 1557/2105/433 1559/2104/435 1580/2125/1118 1579/2124/1117
f 1559/2109/435 1558/2108/434 1578/2129/1116 1580/2128/1118
f 1585/1516/1123 1586/1700/1124 1589/2132/1127 1587/1517/1125
f 1586/2133/1124 1584/2134/1122 1588/2135/1126 1589/2136/1127
f 1587/2137/1125 1589/2138/1127 1583/2139/1121 1582/2140/1120
f 1589/2138/1127 1588/2141/1126 1581/2142/1119 1583/2139/1121
f 1566/2127/1113 1568/2126/1115 1760/2143/1217 1758/2144/568
f 1568/2131/1115 1567/2130/1114 1762/2145/1219 1760/2146/1217
f 1572/2121/448 535/805/431 2/822/2 1077/2147/2
f 10/373/6 738/824/6 1753/2148/6 1706/1712/6
f 1558/2108/434 1569/2107/445 1076/2149/2 1063/2150/2
f 1578/2129/1116 1558/2108/434 1063/2150/2 1152/2151/2
f 1561/2115/437 1575/2114/451 1081/2152/2 1066/2153/2
f 1569/2107/445 1561/2115/437 1066/2153/2 1076/2149/2
f 1564/2122/440 1572/2121/448 1077/2147/2 1069/2154/2
f 1575/2114/451 1564/2122/440 1069/2154/2 1081/2152/2
f 1567/2130/1114 1578/2129/1116 1152/2151/2 1073/2155/2
f 1198/1502/866 1202/1503/870 1587/2137/1125 1582/2140/1120
f 1185/1489/853 1182/1488/850 1581/2142/1119 1588/2141/1126
f 1182/1488/850 1175/1481/843 1590/2156/1128 1581/2142/1119
f 1184/2157/852 1181/2158/849 1764/2007/1221 1183/2006/851
f 1202/1505/870 1598/1504/1136 1195/1515/863 1587/1517/1125
f 1590/2156/1128 1593/1510/1131 1583/2139/1121 1581/2142/1119
f 1591/2159/1129 1179/1475/847 1173/1474/841 1592/2160/1130
f 1592/2160/1130 1173/1474/841 1188/1494/856 1539/2059/1095
f 1590/2156/1128 1175/1481/843 1179/1475/847 1591/2159/1129
f 1595/1508/1133 1591/2159/1129 1592/2160/1130 1594/1509/1132
f 1593/1510/1131 1198/1502/866 1582/2140/1120 1583/2139/1121
f 1594/1509/1132 1592/2160/1130 1539/2059/1095 1540/2056/1096
f 1593/1510/1131 1590/2156/1128 1591/2159/1129 1595/1508/1133
f 1596/2096/1134 1199/1507/867 1201/1506/869 1203/2161/871
f 1607/1608/1145 1269/1607/899 1268/2162/898 1604/2163/1142
f 1604/2163/1142 1605/1580/1143 1196/1514/864 1599/1513/1137
f 1666/1512/6 1650/2095/6 1270/2164/900 1599/1513/1137
f 1616/1609/1153 1607/1608/1145 1270/2164/900 1597/2165/1135
f 1739/2166/1209 1738/1583/1208 1294/1586/922 1601/2167/1139
f 3252/2168/2135 3200/2169/2131 1269/2170/899 1602/2171/1140
f 1636/2172/1170 1637/1720/1171 1712/1723/6
f 1293/1636/921 1600/2173/1138 1709/1596/6 1708/1595/6
f 2353/2174/1630 2352/2175/1631 2329/2176/1629 2328/2177/1628
f 1268/2162/898 1265/2178/895 1605/1580/1143 1604/2163/1142
f 1270/2164/900 1607/1608/1145 1604/2163/1142 1599/1513/1137
f 1334/2179/936 1612/1695/1149 1611/1628/1148 1275/2180/905
f 1331/2181/933 1613/1687/1150 1614/1690/1151 1332/2182/934
f 1275/2180/905 1611/1628/1148 1608/1588/1146 1271/1587/901
f 1576/1623/452 1560/2112/436 1749/2183/6 1750/1624/6
f 1265/2178/895 1264/2184/894 1606/1581/1144 1605/1580/1143
f 1277/1634/907 1617/2185/1154 1672/2186/1184 1674/2187/1185
f 1573/2117/449 1563/1622/439 1751/1625/6 1752/2188/6
f 1619/1592/1156 1280/2189/910 1276/2190/906 1618/1633/1155
f 1304/2191/214 1626/1671/1161 1627/1676/1162 1325/2192/225
f 1308/2193/216 1628/1679/505 1621/1616/497 1321/2194/223
f 1300/2195/212 1624/1663/1160 1625/1668/502 1317/2196/221
f 1266/1632/896 1622/1631/1158 1623/1660/1159 1313/2197/219
f 1325/2192/225 1627/1676/1162 1628/1679/505 1308/2193/216
f 1317/2196/221 1625/1668/502 1626/1671/1161 1304/2191/214
f 1313/2197/219 1623/1660/1159 1624/1663/1160 1300/2195/212
f 1267/1684/897 1622/1631/1158 1620/1589/1157 1273/1630/903
f 1321/2194/223 1621/1616/497 603/274/498 243/876/189
f 1608/1588/1146 1273/1630/903 1620/1589/1157
f 1646/2198/1180 1647/2199/1181 1634/2200/1168 1632/2201/1166
f 1647/2199/1181 1645/2202/1179 1633/2203/1167 1634/2200/1168
f 1740/2204/1210 1741/2205/1211 1640/2206/1174 1638/2207/1172
f 1741/2205/1211 1742/2208/1212 1639/2209/1173 1640/2206/1174
f 3213/2210/2181 3253/2211/2191 1631/2212/1165 1629/2213/1163
f 3253/2211/2191 3254/2214/2192 1630/2215/1164 1631/2212/1165
f 1667/2216/6 1669/2217/6 1643/2218/1177 1642/2091/1176
f 1669/2217/6 1668/2219/6 1641/2220/1175 1643/2218/1177
f 1629/2221/1163 1631/2222/1165 1647/2199/1181 1646/2198/1180
f 1631/2222/1165 1630/2223/1164 1645/2202/1179 1647/2199/1181
f 3091/2224/2138 1639/2209/1173 1601/2167/1139 3088/2225/2135
f 1629/2221/1163 1646/2198/1180 1615/2226/1152 1329/2227/931
f 3079/2228/2133 1337/2229/939 1638/2207/1172 3089/2230/2136
f 1645/2202/1179 1630/2223/1164 1602/1606/1140 1616/1609/1153
f 1633/2203/1167 1645/2202/1179 1616/1609/1153 1597/2165/1135
f 1646/2198/1180 1632/2201/1166 1328/2231/930 1615/2226/1152
f 1667/2216/6 1642/2091/1176 1546/2090/1102 1662/2232/527
f 1665/2097/6 1668/2219/6 1633/2203/1167 1597/2165/1135
f 1740/2204/1210 1638/2207/1172 1337/2229/939 1737/2233/1207
f 1742/2234/1212 1636/2172/1170 1603/2235/1141 1739/2236/1209
f 1542/2237/1098 1544/2238/1100 1644/2239/1178
f 1543/2094/1099 1541/1637/1097 1610/1640/1147 1648/2240/1182
f 1641/2220/1175 1644/2239/1178 1643/2218/1177
f 1648/2241/1182 1610/2088/1147 1642/2091/1176 1643/2218/1177
f 1544/2238/1100 1648/2241/1182 1643/2218/1177 1644/2239/1178
f 1596/2096/1134 1641/2220/1175 1668/2219/6 1665/2097/6
f 1632/2201/1166 1667/2216/6 1662/2232/527 1328/2231/930
f 1634/2200/1168 1633/2203/1167 1668/2219/6 1669/2217/6
f 1632/2201/1166 1634/2200/1168 1669/2217/6 1667/2216/6
f 1598/1504/1136 1199/1507/867 1650/2095/6 1666/1512/6
f 1331/2181/933 1332/2182/934 1663/2099/528 1664/2098/529
f 1270/2164/900 1650/2095/6 1665/2097/6 1597/2165/1135
f 1309/1678/217 1661/2087/6 1652/2074/6 1320/1617/222
f 1324/1677/929 1660/2086/6 1661/2087/6 1309/1678/217
f 1305/1670/215 1659/2085/6 1660/2086/6 1324/1677/929
f 1316/1669/220 1658/2084/6 1659/2085/6 1305/1670/215
f 1301/1662/213 1657/2083/6 1658/2084/6 1316/1669/220
f 1312/1661/928 1654/2080/6 1657/2083/6 1301/1662/213
f 1274/1629/904 1656/2082/6 1651/2078/6 1273/1630/903
f 1335/1696/937 1655/2081/526 1656/2082/6 1274/1629/904
f 1267/1684/897 1653/2079/6 1654/2080/6 1312/1661/928
f 1273/1630/903 1651/2078/6 1653/2079/6 1267/1684/897
f 1320/1617/222 1652/2074/6 635/744/6 242/275/188
f 1195/1515/863 1598/1504/1136 1666/1512/6 1649/1511/6
f 2342/2242/1634 2343/977/1635 2370/2243/6 2369/2244/6
f 1717/2245/1195 1282/2246/912 2347/2247/1638 2346/2248/1637
f 2327/989/1627 2364/983/1647 2384/2249/6 1670/2250/6
f 2358/987/1643 2357/986/1642 2377/2251/6 2378/2252/6
f 670/942/536 674/948/536 2342/2242/1634 2341/978/1634
f 1566/2127/1113 1758/2144/568 1759/2253/6 1609/2254/6
f 1673/2255/6 1279/1593/909 1277/1634/907 1674/2187/1185
f 1696/2256/1190 1693/972/1190 2361/975/1645 2362/2257/1646
f 1672/2186/1184 1677/2258/1184 1678/2259/1185 1674/2187/1185
f 1675/2260/1186 1676/985/1187 1677/2258/1184 1672/2186/1184
f 1676/985/1187 1683/984/1188 1680/2261/1184 1677/2258/1184
f 1746/2262/6 1609/2254/6 1673/2255/6 1679/2263/6
f 1679/2263/6 1673/2255/6 1674/2187/1185 1678/2259/1185
f 1677/2258/1184 1680/2261/1184 1681/2264/1185 1678/2259/1185
f 1680/2261/1184 1685/2265/1184 1686/2266/1185 1681/2264/1185
f 1683/984/1188 1684/1626/1189 1685/2265/1184 1680/2261/1184
f 681/956/537 688/961/537 2345/2267/1636 2344/976/1636
f 1682/2268/6 1679/2263/6 1678/2259/1185 1681/2264/1185
f 1747/2269/6 1746/2262/6 1679/2263/6 1682/2268/6
f 1748/2270/6 1747/2269/6 1682/2268/6 1687/2271/6
f 1685/2265/1184 1691/2272/1184 1690/2273/1185 1686/2266/1185
f 1684/1626/1189 1689/973/1190 1691/2272/1184 1685/2265/1184
f 1687/2271/6 1682/2268/6 1681/2264/1185 1686/2266/1185
f 657/927/533 664/929/535 2339/2274/1624 2338/943/1632
f 1749/2183/6 1748/2270/6 1687/2271/6 1688/2275/6
f 1691/2272/1184 1694/2276/1184 1692/2277/1185 1690/2273/1185
f 1688/2275/6 1687/2271/6 1686/2266/1185 1690/2273/1185
f 1689/973/1190 1693/972/1190 1694/2276/1184 1691/2272/1184
f 1750/1624/6 1749/2183/6 1688/2275/6 1695/2278/6
f 688/961/537 240/963/186 2327/989/1627 2345/2267/1636
f 1693/972/1190 1696/2256/1190 1698/2279/1184 1694/2276/1184
f 1695/2278/6 1688/2275/6 1690/2273/1185 1692/2277/1185
f 1694/2276/1184 1698/2279/1184 1699/2280/1185 1692/2277/1185
f 1696/2256/1190 1700/981/1191 1701/2281/1184 1698/2279/1184
f 1751/1625/6 1750/1624/6 1695/2278/6 1697/2282/6
f 1698/2279/1184 1701/2281/1184 1702/2283/1185 1699/2280/1185
f 1697/2282/6 1695/2278/6 1692/2277/1185 1699/2280/1185
f 664/929/535 665/935/532 2340/979/1633 2339/2274/1624
f 1701/2281/1184 1704/2284/1184 1705/1713/1185 1702/2283/1185
f 1752/2188/6 1751/1625/6 1697/2282/6 1703/2285/6
f 698/970/542 249/969/195 2326/2286/1626 2322/2287/1622
f 1700/981/1191 1707/980/1191 1704/2284/1184 1701/2281/1184
f 1703/2285/6 1697/2282/6 1699/2280/1185 1702/2283/1185
f 1573/2117/449 1752/2188/6 1753/2148/6
f 1707/980/1191 240/963/186 598/962/493 1704/2284/1184
f 1706/1712/6 1703/2285/6 1702/2283/1185 1705/1713/1185
f 1704/2284/1184 598/962/493 241/370/187 1705/1713/1185
f 1676/985/1187 1675/2260/1186 2348/2288/1639 2357/986/1642
f 1288/1648/916 1290/1605/918 1293/1636/921 1708/1595/6
f 1600/2173/1138 1603/2235/1141 1710/2289/6 1709/1596/6
f 1284/1644/177 1710/2289/6 1712/1723/6
f 1710/2289/6 1603/2235/1141 1636/2172/1170 1712/1723/6
f 1711/1722/6 1635/1721/1169 1336/2290/938
f 1712/1723/6 1295/2291/923 1298/1645/926 1284/1644/177
f 1295/2291/923 1712/1723/6 1711/1722/6 1336/2290/938
f 1713/1598/1192 1288/1648/916 1708/1595/6
f 2522/2292/1714 1717/1715/1195 1281/1714/911 2520/2293/1712
f 1714/1708/577 1296/1642/924 1342/1698/944 1716/1710/1194
f 2521/1597/1713 1282/2246/912 1717/2245/1195 2522/2294/1714
f 674/948/536 677/953/536 2343/977/1635 2342/2242/1634
f 1700/981/1191 1696/2256/1190 2362/2257/1646 2363/982/1647
f 1287/1602/915 1718/1601/1196 1719/2295/1197 1283/2296/913
f 1689/973/1190 1684/1626/1189 2359/1627/1644 2360/974/1645
f 1306/2297/177 1726/2298/548 1727/2299/548 1327/2300/177
f 1310/2301/177 1728/2302/548 1721/2303/548 1323/2304/177
f 1302/2305/177 1724/2306/548 1725/2307/548 1319/2308/177
f 1284/1644/177 1722/1643/548 1723/2309/548 1315/2310/177
f 1327/2300/177 1727/2299/548 1728/2302/548 1310/2301/177
f 1319/2308/177 1725/2307/548 1726/2298/548 1306/2297/177
f 1315/2310/177 1723/2309/548 1724/2306/548 1302/2305/177
f 1285/1686/176 1722/1685/548 1720/1612/1198 1299/1611/927
f 1323/2304/177 1721/2303/548 706/1005/548 231/1004/177
f 1639/2209/1173 1742/2208/1212 1739/2166/1209 1601/2167/1139
f 1635/1721/1169 1740/2311/1210 1737/2312/1207 1336/2290/938
f 1637/1720/1171 1636/2172/1170 1742/2234/1212 1741/2313/1211
f 1635/1721/1169 1637/1720/1171 1741/2313/1211 1740/2311/1210
f 1603/2235/1141 1600/2173/1138 1738/2314/1208 1739/2236/1209
f 1295/2291/923 1743/2315/1213 1734/2316/1204
f 1340/2317/942 1735/2318/1205 1736/2319/1206 1338/2320/940
f 1295/2291/923 1734/2316/1204 1733/2321/1203 1298/1645/926
f 1292/1585/920 1732/1584/1202 1731/2322/1201 1291/1702/919
f 1288/1648/916 1729/2323/1199 1730/1603/1200 1290/1605/918
f 1289/1614/917 1291/1702/919 1731/2322/1201 1730/1615/1200
f 1600/2173/1138 1293/1636/921 1732/1635/1202 1738/2314/1208
f 1729/2323/1199 1288/1648/916 1718/1647/1196
f 1720/1646/1198 1298/1645/926 1733/2321/1203
f 1278/2324/908 1280/2189/910 1619/1592/1156 1744/1591/1214
f 1745/1594/1215 1194/1582/862 1606/1581/1144 1744/1591/1214
f 1744/1591/1214 1606/1581/1144 1264/2184/894 1278/2324/908
f 1560/2112/436 1570/2102/446 1748/2270/6 1749/2183/6
f 1570/2102/446 1557/2105/433 1747/2269/6 1748/2270/6
f 1557/2105/433 1579/2124/1117 1746/2262/6 1747/2269/6
f 1579/2124/1117 1566/2127/1113 1609/2254/6 1746/2262/6
f 738/824/6 534/802/430 1573/2117/449 1753/2148/6
f 1752/2188/6 1703/2285/6 1706/1712/6 1753/2148/6
f 1754/2325/6 1194/1582/862 1745/1594/1215 1755/2326/6
f 1649/1511/6 1196/1514/864 1194/1582/862 1754/2325/6
f 1756/2327/566 1153/1701/78 1754/2325/6 1755/2326/6
f 1757/2328/1216 1586/1700/1124 1153/1701/78 1756/2327/566
f 1745/1594/1215 1279/1593/909 1759/2253/6 1755/2326/6
f 1279/1593/909 1673/2255/6 1609/2254/6 1759/2253/6
f 1758/2144/568 1756/2327/566 1755/2326/6 1759/2253/6
f 1760/2143/1217 1757/2328/1216 1756/2327/566 1758/2144/568
f 1761/2329/1218 1584/2134/1122 1586/2133/1124 1757/2330/1216
f 1765/1967/2 1072/1983/2 1389/1889/241 1767/1812/241
f 1762/2145/1219 1761/2329/1218 1757/2330/1216 1760/2146/1217
f 1762/2145/1219 1567/2130/1114 1073/2155/2
f 1185/2331/853 1763/2332/1220 1181/2158/849 1184/2157/852
f 1185/2331/853 1588/2135/1126 1584/2134/1122 1763/2332/1220
f 1181/2158/849 1763/2332/1220 1786/2333/2 1766/2334/2
f 1761/2329/1218 1762/2145/1219 1073/2155/2 1786/2333/2
f 1769/1810/243 1390/1887/243 1388/1886/242 1768/1811/242
f 1770/1558/4 1071/1573/4 1231/1572/153 1771/1559/574
f 1768/1811/242 1388/1886/242 1071/1573/4 1770/1558/4
f 1767/1812/241 1389/1889/241 1390/1888/243 1769/1813/243
f 1772/1542/140 1209/1541/140 1210/1540/141 1773/1543/141
f 1352/1934/951 1774/1933/1222 1348/2335/947 1350/2336/949
f 1350/2336/949 1348/2335/947 1775/1777/1223 1351/1776/950
f 1354/1742/953 1775/1777/1223 1348/2335/947 1788/2337/2
f 1781/2338/2 1080/1981/2 1065/1980/2 1779/2339/2
f 1779/2339/2 1065/1980/2 1075/1979/2 1778/2340/2
f 1782/1369/2 1151/1977/2 1072/1983/2 1785/1451/2
f 1784/1487/2 1765/1967/2 1056/1966/2 1776/1519/2
f 1780/2341/2 1068/1982/2 1080/1981/2 1781/2338/2
f 1785/1451/2 1072/1983/2 1765/1967/2 1784/1487/2
f 1778/2340/2 1075/1979/2 1062/1978/2 1777/1368/2
f 1777/1368/2 1062/1978/2 1151/1977/2 1782/1369/2
f 1073/2155/2 1766/2334/2 1786/2333/2
f 1763/2332/1220 1584/2134/1122 1761/2329/1218 1786/2333/2
f 1803/1963/2 1797/1518/2 1776/1519/2 1787/1964/2
f 1056/1966/2 1788/2337/2 1787/1964/2 1776/1519/2
f 1343/1783/241 1788/2337/2 1056/1966/2 1361/1784/241
f 1764/2007/1221 1181/2158/849 1797/1518/2 1803/1963/2
f 1189/2342/857 1801/1965/539 1215/1968/877
f 1189/2342/857 2051/2005/1360 1801/1965/539
f 1480/1915/1051 1764/2007/1221 1803/1963/2 1800/1932/1130
f 1481/1916/1052 1480/1915/1051 1800/1932/1130 1799/1931/1129
f 1479/1920/1050 1481/1919/1052 1799/1930/1129 1798/1929/1128
f 1181/2158/849 1766/2334/2 1802/1486/2 1797/1518/2
f 1766/2334/2 1073/2155/2 1792/1450/2 1802/1486/2
f 1073/2155/2 1152/2151/2 1796/1366/2 1792/1450/2
f 1066/2153/2 1081/2152/2 1795/2343/2 1790/2344/2
f 1069/2154/2 1077/2147/2 1794/2345/2 1791/2346/2
f 1063/2150/2 1076/2149/2 1793/2347/2 1789/1367/2
f 1081/2152/2 1069/2154/2 1791/2346/2 1795/2343/2
f 1076/2149/2 1066/2153/2 1790/2344/2 1793/2347/2
f 1152/2151/2 1063/2150/2 1789/1367/2 1796/1366/2
f 1348/2335/947 1774/1933/1222 1787/1964/2 1788/2337/2
f 1804/2000/3 1097/1449/3 1098/1448/3 1453/1763/3
f 1461/1898/1035 1149/1445/821 1097/1449/3 1805/2004/3
f 1453/1763/3 1086/1393/3 1057/1392/3
f 1452/1904/1027 1454/1764/1028 1453/1763/3 1057/1392/3
f 1462/1900/1036 1463/1899/1037 1461/1898/1035 1805/2004/3
f 1097/1449/3 1804/2000/3 1805/2004/3
f 1057/1392/3 1058/2075/3 1118/2002/791 1452/1904/1027
f 1807/2348/1224 1806/2349/578 1847/2350/1231 1846/2351/1230
f 1849/2352/1233 1848/2353/1232 1809/2354/581 1808/2355/1225
f 1843/2356/587 1842/2357/605 1823/2358/597 1822/2359/587
f 1825/2360/585 1824/2361/584 1845/2362/584 1844/2363/585
f 1835/2364/604 1834/2365/603 1819/2366/594 1818/2367/593
f 1821/2368/596 1820/2369/595 1837/2370/584 1836/2371/585
f 1827/2372/587 1826/2373/598 1842/2357/605 1843/2356/587
f 1844/2363/585 1845/2362/584 1829/2374/584 1828/2375/585
f 1822/2359/587 1823/2358/597 1834/2365/603 1835/2364/604
f 1836/2371/585 1837/2370/584 1824/2361/584 1825/2360/585
f 796/1071/582 797/1074/583 1839/2376/583 1838/2377/582
f 1841/2378/585 1840/2379/584 798/1077/584 799/1076/585
f 1863/2380/623 1862/2381/622 1831/2382/600 1830/2383/599
f 1833/2384/602 1832/2385/601 1865/2386/601 1864/2387/624
f 1811/2388/587 1810/2389/586 1806/2349/578 1807/2348/1224
f 1808/2355/1225 1809/2354/581 1813/2390/584 1812/2391/588
f 1838/2377/582 1839/2376/583 1826/2373/598 1827/2372/587
f 1828/2375/585 1829/2374/584 1840/2379/584 1841/2378/585
f 1830/2383/599 1831/2382/600 1810/2389/586 1811/2388/587
f 1933/2392/691 1932/2393/595 1832/2385/601 1833/2384/602
f 1853/2394/1237 1852/2395/1236 1857/2396/1241 1856/2397/1240
f 1855/2398/1239 1854/2399/1238 1851/2400/1235 1850/2401/1234
f 1846/2351/1230 1847/2350/1231 1852/2395/1236 1853/2394/1237
f 1850/2401/1234 1851/2400/1235 1848/2353/1232 1849/2352/1233
f 1859/2402/1243 1858/2403/1242 1854/2399/1238 1855/2398/1239
f 1856/2397/1240 1857/2396/1241 1861/2404/1245 1860/2405/1244
f 1818/2367/593 1819/2366/594 1862/2381/622 1863/2380/623
f 1864/2387/624 1865/2386/601 1820/2369/595 1821/2368/596
f 1881/2406/1261 1880/2407/1260 1927/2408/1306 1926/2409/1305
f 1875/2410/1255 1874/2411/1254 1879/2412/1259 1878/2413/1258
f 1919/2414/1299 1918/2415/1298 1873/2416/1253 1872/2417/1252
f 1929/2418/1308 1928/2419/1307 1878/2413/1258 1879/2412/1259
f 1921/2420/1301 1920/2421/1300 1869/2422/1249 1868/2423/1248
f 1931/2424/1310 1930/2425/1309 1877/2426/1257 1876/2427/1256
f 3214/2428/2182 3257/2429/2193 1867/2430/1247 1866/2431/1246
f 3215/2432/2183 3258/2433/2194 1872/2434/1252 1873/2435/1253
f 1899/2436/1279 1898/2437/1278 1897/2438/1277 1896/2439/1276
f 1895/1971/1275 1894/1970/1274 1898/2437/1278 1899/2436/1279
f 1901/2440/1281 1900/2441/1280 1905/2442/1285 1904/2443/1284
f 1904/2443/1284 1905/2442/1285 1903/2444/1283 1902/2445/1282
f 1887/2446/1267 1886/2447/1266 1885/2448/1265 1884/2449/1264
f 1883/2450/1263 1882/2451/1262 1886/2452/1266 1887/2453/1267
f 1889/2454/1269 1888/2455/1268 1893/2456/1273 1892/2457/1272
f 1892/2458/1272 1893/2459/1273 1891/2460/1271 1890/2461/1270
f 1882/2451/1262 1883/2450/1263 1896/2439/1276 1897/2438/1277
f 1884/2449/1264 1885/2448/1265 1858/2403/1242 1859/2402/1243
f 1900/2441/1280 1901/2440/1281 1890/2461/1270 1891/2460/1271
f 1888/2455/1268 1889/2454/1269 1860/2405/1244 1861/2404/1245
f 1814/2462/1226 1815/2463/1227 1902/2445/1282 1903/2444/1283
f 1212/1974/874 1814/2462/1226 1903/2444/1283 1506/1951/1077
f 1911/2464/1291 1910/2465/1290 1909/2466/1289 1908/2467/1288
f 1907/2468/1287 1906/2469/1286 1910/2470/1290 1911/2471/1291
f 1913/2472/1293 1912/2473/1292 1917/2474/1297 1916/2475/1296
f 1916/2476/1296 1917/2477/1297 1915/2478/1295 1914/2479/1294
f 1923/2480/1303 1922/2481/1302 1906/2469/1286 1907/2468/1287
f 1908/2467/1288 1909/2466/1289 1816/1973/1228 1817/1972/1229
f 1912/2473/1292 1913/2472/1293 1815/2463/1227 1814/2462/1226
f 1925/2482/1304 1924/2483/683 1914/2479/1294 1915/2478/1295
f 1871/2484/1251 1870/2485/1250 1918/2415/1298 1919/2414/1299
f 1866/2486/1246 1867/2487/1247 1920/2421/1300 1921/2420/1301
f 1868/2423/1248 1869/2422/1249 1922/2481/1302 1923/2480/1303
f 1870/2485/1250 1871/2484/1251 1924/2483/683 1925/2482/1304
f 1880/2407/1260 1881/2406/1261 1928/2488/1307 1929/2489/1308
f 1874/2411/1254 1875/2410/1255 1930/2490/1309 1931/2491/1310
f 1812/2391/588 1813/2390/584 1932/2393/595 1933/2392/691
f 1810/2389/586 1208/1990/139 1204/1986/131 1806/2349/578
f 1806/2349/578 1204/1986/131 1244/1985/878 1847/2350/1231
f 1807/2348/1224 1205/1521/872 1209/1541/140 1811/2388/587
f 1846/2351/1230 1246/1522/880 1205/1521/872 1807/2348/1224
f 1211/1555/142 1813/2390/584 1809/2354/581 1207/1553/134
f 1206/1520/873 1808/2355/1225 1812/2391/588 1210/1540/141
f 1207/1553/134 1809/2354/581 1848/2353/1232 1247/1550/881
f 1245/1523/879 1849/2352/1233 1808/2355/1225 1206/1520/873
f 797/1074/583 166/654/135 1236/1989/135 1839/2376/583
f 1838/2377/582 1238/1534/137 168/191/137 796/1071/582
f 169/213/138 798/1077/584 1840/2379/584 1239/1556/138
f 1237/1535/136 1841/2378/585 799/1076/585 167/188/136
f 1831/2382/600 1228/1994/152 1208/1990/139 1810/2389/586
f 1811/2388/587 1772/1542/140 1830/2383/599
f 1209/1541/140 1772/1542/140 1811/2388/587
f 1932/2393/595 1813/2390/584 1211/1555/142 1771/1559/574
f 1210/1540/141 1812/2391/588 1933/2392/691 1773/1543/141
f 1902/2445/1282 1815/2463/1227 1214/2101/876 1500/1939/1071
f 1913/2472/1293 1549/2062/1105 1214/2101/876 1815/2463/1227
f 1814/2462/1226 1212/1974/874 1555/2073/1111 1912/2473/1292
f 1816/1973/1228 1215/1968/877 1498/1954/1069 1894/1970/1274
f 1504/1940/1075 1213/2100/875 1817/1972/1229 1895/1971/1275
f 1551/2065/1107 1908/2467/1288 1817/1972/1229 1213/2100/875
f 1215/1968/877 1816/1973/1228 1909/2466/1289 1545/1638/1101
f 1818/2367/593 1218/1530/137 1233/1529/137 1835/2364/604
f 1834/2365/603 1232/1993/150 1216/1992/147 1819/2366/594
f 1819/2366/594 1216/1992/147 1260/1991/170 1862/2381/622
f 1863/2380/623 1261/1537/137 1218/1530/137 1818/2367/593
f 1219/1560/149 1820/2369/595 1865/2386/601 1263/1564/171
f 1235/1563/151 1837/2370/584 1820/2369/595 1219/1560/149
f 1262/1536/148 1864/2387/624 1821/2368/596 1217/1531/148
f 1217/1531/148 1821/2368/596 1836/2371/585 1234/1528/148
f 1822/2359/587 1222/1526/137 1241/1525/137 1843/2356/587
f 1842/2357/605 1240/1995/135 1220/1996/150 1823/2358/597
f 1823/2358/597 1220/1996/150 1232/1993/150 1834/2365/603
f 1835/2364/604 1233/1529/137 1222/1526/137 1822/2359/587
f 1223/1566/151 1824/2361/584 1837/2370/584 1235/1563/151
f 1243/1569/138 1845/2362/584 1824/2361/584 1223/1566/151
f 1234/1528/148 1836/2371/585 1825/2360/585 1221/1527/136
f 1221/1527/136 1825/2360/585 1844/2363/585 1242/1524/136
f 1839/2376/583 1236/1989/135 1224/1988/135 1826/2373/598
f 1826/2373/598 1224/1988/135 1240/1995/135 1842/2357/605
f 1827/2372/587 1225/1533/137 1238/1534/137 1838/2377/582
f 1843/2356/587 1241/1525/137 1225/1533/137 1827/2372/587
f 1239/1556/138 1840/2379/584 1829/2374/584 1227/1571/138
f 1226/1532/136 1828/2375/585 1841/2378/585 1237/1535/136
f 1227/1571/138 1829/2374/584 1845/2362/584 1243/1569/138
f 1242/1524/136 1844/2363/585 1828/2375/585 1226/1532/136
f 1830/2383/599 1230/1538/140 1261/1537/137 1863/2380/623
f 1862/2381/622 1260/1991/170 1228/1994/152 1831/2382/600
f 1830/2383/599 1772/1542/140 1230/1538/140
f 1231/1572/153 1832/2385/601 1932/2393/595 1771/1559/574
f 1263/1564/171 1865/2386/601 1832/2385/601 1231/1572/153
f 1933/2392/691 1833/2384/602 1229/1539/148 1773/1543/141
f 1229/1539/148 1833/2384/602 1864/2387/624 1262/1536/148
f 1847/2350/1231 1244/1985/878 1251/1984/885 1852/2395/1236
f 1846/2351/1230 1853/2394/1237 1249/1545/883 1246/1522/880
f 1247/1550/881 1848/2353/1232 1851/2400/1235 1248/1574/882
f 1245/1523/879 1250/1544/884 1850/2401/1234 1849/2352/1233
f 1248/1574/882 1851/2400/1235 1854/2399/1238 1252/1576/886
f 1250/1544/884 1253/1547/887 1855/2398/1239 1850/2401/1234
f 1852/2395/1236 1251/1984/885 1255/1987/889 1857/2396/1241
f 1853/2394/1237 1856/2397/1240 1254/1546/888 1249/1545/883
f 1858/2403/1242 1256/1578/890 1252/1576/886 1854/2399/1238
f 1253/1547/887 1257/1549/891 1859/2402/1243 1855/2398/1239
f 1857/2396/1241 1255/1987/889 1259/1969/893 1861/2404/1245
f 1856/2397/1240 1860/2405/1244 1258/1548/892 1254/1546/888
f 1885/2448/1265 1485/1957/1056 1256/1578/890 1858/2403/1242
f 1491/1944/1062 1884/2449/1264 1859/2402/1243 1257/1549/891
f 1889/2454/1269 1489/1941/1060 1258/1548/892 1860/2405/1244
f 1861/2404/1245 1259/1969/893 1495/1962/1066 1888/2455/1268
f 3079/2228/2133 3095/2492/2141 1877/2426/1257 1337/2229/939
f 1866/2486/1246 1921/2420/1301 1614/1690/1151 1333/1689/935
f 3086/2493/2134 1341/1692/943 1876/2427/1256 3094/2494/2140
f 1920/2421/1300 1867/2487/1247 1329/2227/931 1615/2226/1152
f 1869/2422/1249 1920/2421/1300 1615/2226/1152 1328/2231/930
f 1868/2423/1248 1923/2480/1303 1663/2099/528 1332/2182/934
f 1869/2422/1249 1328/2231/930 1662/2232/527 1922/2481/1302
f 1921/2420/1301 1868/2423/1248 1332/2182/934 1614/1690/1151
f 1335/1696/937 1870/2485/1250 1925/2482/1304 1655/2081/526
f 1613/1687/1150 1331/2181/933 1871/2484/1251 1919/2414/1299
f 1335/1696/937 1612/1695/1149 1918/2415/1298 1870/2485/1250
f 1331/2181/933 1664/2098/529 1924/2483/683 1871/2484/1251
f 1330/1688/932 1613/1687/1150 1919/2414/1299 1872/2417/1252
f 1612/1695/1149 1334/2179/936 1873/2416/1253 1918/2415/1298
f 3097/2495/2143 1927/2408/1306 1715/1731/1193 3087/2496/1193
f 3096/2497/2142 3093/1711/2139 1716/1710/1194 1926/2409/1305
f 1874/2411/1254 1340/2317/942 1338/2320/940 1879/2412/1259
f 1336/2290/938 1875/2410/1255 1878/2413/1258 1295/2291/923
f 1874/2411/1254 1931/2491/1310 1735/2318/1205 1340/2317/942
f 1336/2290/938 1737/2312/1207 1930/2490/1309 1875/2410/1255
f 1931/2424/1310 1876/2427/1256 1341/1692/943 1735/1691/1205
f 1737/2233/1207 1337/2229/939 1877/2426/1257 1930/2425/1309
f 1878/2413/1258 1928/2419/1307 1743/2315/1213 1295/2291/923
f 1338/2320/940 1736/2319/1206 1929/2418/1308 1879/2412/1259
f 1927/2408/1306 1880/2407/1260 1339/1693/941 1715/1731/1193
f 1716/1710/1194 1342/1698/944 1881/2406/1261 1926/2409/1305
f 1736/1694/1206 1339/1693/941 1880/2407/1260 1929/2489/1308
f 1928/2488/1307 1881/2406/1261 1342/1698/944 1743/1697/1213
f 1883/2450/1263 1887/2453/1267 1493/1948/1064 1492/1947/1063
f 1896/2439/1276 1883/2450/1263 1492/1947/1063 1503/1938/1074
f 1886/2452/1266 1882/2451/1262 1486/1956/1057 1487/1955/1058
f 1897/2438/1277 1497/1952/1068 1486/1956/1057 1882/2451/1262
f 1887/2446/1267 1884/2449/1264 1491/1944/1062 1493/1943/1064
f 1885/2448/1265 1886/2447/1266 1487/1958/1058 1485/1957/1056
f 1495/1962/1066 1496/1961/1067 1893/2456/1273 1888/2455/1268
f 1490/1942/1061 1489/1941/1060 1889/2454/1269 1892/2457/1272
f 1488/1946/1059 1490/1945/1061 1892/2458/1272 1890/2461/1270
f 1496/1960/1067 1494/1959/1065 1891/2460/1271 1893/2459/1273
f 1501/1935/1072 1488/1946/1059 1890/2461/1270 1901/2440/1281
f 1507/1950/1078 1900/2441/1280 1891/2460/1271 1494/1959/1065
f 1505/1937/1076 1504/1940/1075 1895/1971/1275 1899/2436/1279
f 1898/2437/1278 1894/1970/1274 1498/1954/1069 1499/1953/1070
f 1503/1938/1074 1505/1937/1076 1899/2436/1279 1896/2439/1276
f 1897/2438/1277 1898/2437/1278 1499/1953/1070 1497/1952/1068
f 1507/1950/1078 1508/1949/1079 1905/2442/1285 1900/2441/1280
f 1901/2440/1281 1904/2443/1284 1502/1936/1073 1501/1935/1072
f 1904/2443/1284 1902/2445/1282 1500/1939/1071 1502/1936/1073
f 1508/1949/1079 1506/1951/1077 1903/2444/1283 1905/2442/1285
f 1907/2468/1287 1911/2471/1291 1553/2069/1109 1552/2068/1108
f 1923/2480/1303 1907/2468/1287 1552/2068/1108 1663/2099/528
f 1910/2470/1290 1906/2469/1286 1546/2090/1102 1547/2089/1103
f 1922/2481/1302 1662/2232/527 1546/2090/1102 1906/2469/1286
f 1911/2464/1291 1908/2467/1288 1551/2065/1107 1553/2064/1109
f 1909/2466/1289 1910/2465/1290 1547/1639/1103 1545/1638/1101
f 1555/2073/1111 1556/2072/1112 1917/2474/1297 1912/2473/1292
f 1550/2063/1106 1549/2062/1105 1913/2472/1293 1916/2475/1296
f 1548/2067/1104 1550/2066/1106 1916/2476/1296 1914/2479/1294
f 1556/2071/1112 1554/2070/1110 1915/2478/1295 1917/2477/1297
f 1664/2098/529 1548/2067/1104 1914/2479/1294 1924/2483/683
f 1655/2081/526 1925/2482/1304 1915/2478/1295 1554/2070/1110
f 1963/2498/1326 2022/2499/1353 1962/2500/1325 2023/2501/1354
f 2029/2502/1359 1979/2503/1342 2026/2504/1356 1980/2505/1343
f 2044/2506/3 1955/2507/1318 2022/2508/1353 2034/2509/3
f 1980/2505/1343 2026/2504/1356 2027/2510/1357 2017/2511/1351
f 2015/2512/1349 2024/2513/1355 2023/2501/1354 1962/2500/1325
f 1967/2514/1330 1966/2515/1329 1956/2516/1319 1955/2517/1318
f 1971/2518/1334 1970/2519/1333 1958/2520/1321 1957/2521/1320
f 1969/2522/1332 1968/2523/1331 1960/2524/1323 1959/2525/1322
f 1955/2517/1318 1956/2516/1319 1962/2500/1325 2022/2499/1353
f 1957/2521/1320 1958/2520/1321 1966/2515/1329 1967/2514/1330
f 1968/2523/1331 1969/2522/1332 980/1226/739 981/1225/740
f 1959/2525/1322 1960/2524/1323 1970/2519/1333 1971/2518/1334
f 1984/2526/734 1983/2527/733 978/1229/737 979/1228/738
f 1973/2528/1336 1972/2529/1335 2029/2502/1359 1980/2505/1343
f 1975/2530/1338 1974/2531/1337 1982/2532/1345 1981/2533/1344
f 1977/2534/1340 1976/2535/1339 1986/2536/1347 1985/2537/1346
f 1981/2533/1344 1982/2532/1345 1972/2529/1335 1973/2528/1336
f 1983/2527/733 1984/2526/734 1976/2535/1339 1977/2534/1340
f 1985/2537/1346 1986/2536/1347 1974/2531/1337 1975/2530/1338
f 1978/2538/1341 2028/2539/1358 1964/2540/1327 1965/2541/1328
f 1996/2542/741 3163/2543/2161 3162/2544/2161 1987/2545/741
f 2000/2546/741 3165/2547/2161 3164/2548/2161 1989/2549/741
f 1998/2550/741 3167/2551/2161 3166/2552/2161 1991/2553/741
f 1987/2545/741 3162/2544/2161 3168/2554/2169 2015/2512/1349
f 2013/2555/1348 3169/2556/2170 3180/2557/2114 1993/2558/5
f 1989/2549/741 3164/2548/2161 3163/2543/2161 1996/2542/741
f 3167/2551/2161 1998/2550/741 1008/1263/741 3150/1262/2161
f 1991/2553/741 3166/2552/2161 3165/2547/2161 2000/2546/741
f 2002/2559/743 3171/2560/2165 3151/1266/2165 1014/1265/743
f 3178/2561/2165 2003/2562/743 2017/2511/1351 3172/2563/2172
f 3174/2564/2165 2007/2565/743 2006/2566/743 3175/2567/2165
f 3176/2568/2165 2011/2569/743 2010/2570/743 3177/2571/2165
f 3175/2567/2165 2006/2566/743 2003/2562/743 3178/2561/2165
f 3171/2560/2165 2002/2559/743 2011/2569/743 3176/2568/2165
f 3177/2571/2165 2010/2570/743 2007/2565/743 3174/2564/2165
f 2032/2572/3 1979/2573/1342 2029/2574/1359 2033/2575/3
f 1956/2516/1319 1987/2545/741 2015/2512/1349 1962/2500/1325
f 1941/2576/3 1058/2075/3 1057/1392/3 2050/2577/3
f 1966/2515/1329 1996/2542/741 1987/2545/741 1956/2516/1319
f 1955/2507/1318 2044/2506/3 2047/2578/3 1967/2579/1330
f 1958/2520/1321 1989/2549/741 1996/2542/741 1966/2515/1329
f 1967/2579/1330 2047/2578/3 2046/2580/3 1957/2581/1320
f 1970/2519/1333 2000/2546/741 1989/2549/741 1958/2520/1321
f 1957/2581/1320 2046/2580/3 2049/2582/3 1971/2583/1334
f 1968/2523/1331 1998/2550/741 1991/2553/741 1960/2524/1323
f 1959/2584/1322 2048/2585/3 2045/2586/3 1969/2587/1332
f 1960/2524/1323 1991/2553/741 2000/2546/741 1970/2519/1333
f 1971/2583/1334 2049/2582/3 2048/2585/3 1959/2584/1322
f 1961/2588/1324 2013/2555/1348 1993/2558/5 1965/2541/1328
f 2025/1360/3 2050/2577/3 1940/1394/1317 2035/1361/3
f 1965/2541/1328 1993/2558/5 2016/2589/1350 1978/2538/1341
f 1969/2587/1332 2045/2586/3 1047/1298/3 980/1297/739
f 981/1225/740 1008/1263/741 1998/2550/741 1968/2523/1331
f 1980/2505/1343 2017/2511/1351 2003/2562/743 1973/2528/1336
f 1972/2590/1335 2038/2591/3 2033/2575/3 2029/2574/1359
f 1973/2528/1336 2003/2562/743 2006/2566/743 1981/2533/1344
f 1982/2592/1345 2041/2593/3 2038/2591/3 1972/2590/1335
f 1981/2533/1344 2006/2566/743 2007/2565/743 1975/2530/1338
f 1974/2594/1337 2039/2595/3 2041/2593/3 1982/2592/1345
f 1975/2530/1338 2007/2565/743 2010/2570/743 1985/2537/1346
f 1986/2596/1347 2037/2597/3 2039/2595/3 1974/2594/1337
f 1985/2537/1346 2010/2570/743 2011/2569/743 1977/2534/1340
f 1984/2598/734 2040/2599/3 2036/2600/3 1976/2601/1339
f 1976/2601/1339 2036/2600/3 2037/2597/3 1986/2596/1347
f 1977/2534/1340 2011/2569/743 2002/2559/743 1983/2527/733
f 1983/2527/733 2002/2559/743 1014/1265/743 978/1229/737
f 483/680/382 1942/2012/382 2040/2599/3 1035/1311/3
f 1943/2602/3 1950/2603/3 1988/2604/3 1995/2605/3
f 1950/2603/3 2053/2606/3 2020/2607/3 1988/2604/3
f 1951/2608/3 1952/2609/3 1990/2610/3 1999/2611/3
f 1952/2609/3 1943/2602/3 1995/2605/3 1990/2610/3
f 1954/2612/3 1951/2608/3 1999/2611/3 1992/2613/3
f 1953/2614/3 1954/2612/3 1992/2613/3 1997/2615/3
f 2004/2616/3 2031/2617/3 2053/2606/3 1950/2603/3
f 1953/2614/3 1997/2615/3 1009/1329/3 945/1328/3
f 2001/2618/3 2012/2619/3 1954/2612/3 1953/2614/3
f 2001/2618/3 1953/2614/3 945/1328/3 1013/1332/3
f 2005/2620/3 2004/2616/3 1950/2603/3 1943/2602/3
f 2008/2621/3 2005/2620/3 1943/2602/3 1952/2609/3
f 2009/2622/3 2008/2621/3 1952/2609/3 1951/2608/3
f 2012/2619/3 2009/2622/3 1951/2608/3 1954/2612/3
f 3169/2556/2170 2013/2555/1348 2024/2513/1355 3170/2623/2171
f 1961/2588/1324 1965/2541/1328 1964/2540/1327 2021/2624/1352
f 2024/2513/1355 2015/2512/1349 3168/2554/2169 3170/2623/2171
f 2024/2513/1355 2013/2555/1348 1961/2588/1324 2023/2501/1354
f 1963/2498/1326 2023/2501/1354 1961/2588/1324 2021/2624/1352
f 2035/1361/3 2034/2509/3 2022/2508/1353 1963/1362/1326
f 2028/2625/1358 1979/2573/1342 2032/2572/3 2043/2626/3
f 2028/2539/1358 1978/2538/1341 2026/2504/1356 1979/2503/1342
f 2017/2511/1351 2027/2510/1357 3173/2627/2173 3172/2563/2172
f 3173/2627/2173 2027/2510/1357 2016/2589/1350 3179/2628/2174
f 2026/2504/1356 1978/2538/1341 2016/2589/1350 2027/2510/1357
f 2043/2626/3 2042/2076/3 1964/2077/1327 2028/2625/1358
f 2048/2585/3 1939/2629/1316 1938/2630/1315 2045/2586/3
f 2016/2589/1350 1993/2558/5 3180/2557/2114 3179/2628/2174
f 1941/2576/3 1945/2018/700 1509/2039/1080 1058/2075/3
f 2040/2599/3 1942/2012/382 1948/2035/703 2036/2600/3
f 2039/2595/3 1946/2027/701 1947/2026/702 2041/2593/3
f 1945/2018/700 2032/2572/3 2033/2575/3
f 2036/2600/3 1948/2035/703 1949/2034/704 2037/2597/3
f 2037/2597/3 1949/2034/704 1946/2027/701 2039/2595/3
f 2041/2593/3 1947/2026/702 1944/2019/699 2038/2591/3
f 2040/2599/3 1984/2598/734 979/1344/738 1035/1311/3
f 2047/2578/3 1934/2631/1311 1937/2632/1314 2046/2580/3
f 2046/2580/3 1937/2632/1314 1936/2633/1313 2049/2582/3
f 2049/2582/3 1936/2633/1313 1939/2629/1316 2048/2585/3
f 2045/2586/3 1938/2630/1315 1/1348/1 1047/1298/3
f 2044/2506/3 1935/2634/1312 1934/2631/1311 2047/2578/3
f 1940/1394/1317 3034/2635/2107 2035/1361/3
f 1935/2634/1312 2044/2506/3 2034/2509/3
f 2050/2577/3 2025/1360/3 2042/2076/3 1941/2576/3
f 1057/1392/3 1940/1394/1317 2050/2577/3
f 2052/2093/1361 1192/2092/860 1191/2636/859 1189/2342/857
f 1193/2637/861 1483/1921/1054 1479/1920/1050 2051/2005/1360
f 1189/2342/857 1191/2636/859 1193/2637/861 2051/2005/1360
f 2052/2093/1361 1189/2342/857 1215/1968/877
f 1214/2101/876 1213/2100/875 1504/1940/1075 1500/1939/1071
f 2053/2606/3 2054/2638/3 2014/2639/3 2020/2607/3
f 2031/2617/3 2018/2640/3 2054/2638/3 2053/2606/3
f 2018/2640/3 2030/2641/3 1994/2642/3 2054/2638/3
f 2054/2638/3 1994/2642/3 2019/2643/3 2014/2639/3
f 2130/2644/1430 2131/2645/1431 2064/2646/1370 2073/2647/1379
f 2073/2647/1379 2064/2646/1370 2063/2648/1369 2071/2649/1377
f 2132/2650/1432 2133/2651/1433 2061/2652/1367 2079/2653/1385
f 2079/2653/1385 2061/2652/1367 2060/2654/1366 2077/2655/1383
f 2134/2656/1434 2135/2657/1435 2067/2658/1373 2085/2659/1391
f 2085/2659/1391 2067/2658/1373 2066/2660/1372 2083/2661/1389
f 2136/2662/1436 2137/2663/1437 2058/2664/1364 2091/2665/1397
f 2091/2665/1397 2058/2664/1364 2057/2666/1363 2089/2667/1395
f 2135/2657/1435 2138/2668/1438 2070/2669/1376 2067/2658/1373
f 2067/2658/1373 2070/2669/1376 2069/2670/1375 2066/2660/1372
f 2138/2668/1438 2130/2644/1430 2073/2647/1379 2070/2669/1376
f 2070/2669/1376 2073/2647/1379 2071/2649/1377 2069/2670/1375
f 2131/2671/1431 2139/2672/1439 2076/2673/1382 2064/2674/1370
f 2064/2674/1370 2076/2673/1382 2075/2675/1381 2063/2676/1369
f 2139/2672/1439 2132/2650/1432 2079/2653/1385 2076/2673/1382
f 2076/2673/1382 2079/2653/1385 2077/2655/1383 2075/2675/1381
f 2137/2663/1437 2140/2677/1440 2082/2678/1388 2058/2664/1364
f 2058/2664/1364 2082/2678/1388 2081/2679/1387 2057/2666/1363
f 2140/2677/1440 2134/2656/1434 2085/2659/1391 2082/2678/1388
f 2082/2678/1388 2085/2659/1391 2083/2661/1389 2081/2679/1387
f 2133/2651/1433 2141/2680/1441 2088/2681/1394 2061/2652/1367
f 2061/2652/1367 2088/2681/1394 2087/2682/1393 2060/2654/1366
f 2141/2680/1441 2136/2662/1436 2091/2665/1397 2088/2681/1394
f 2088/2681/1394 2091/2665/1397 2089/2667/1395 2087/2682/1393
f 17/646/2 357/468/241 2080/2683/1386 2056/2684/1362
f 766/1036/2 17/646/2 2056/2684/1362 2090/2685/1396
f 2059/2686/1365 769/2687/2 2086/2688/1392
f 1783/2689/2 2059/2686/1365 2078/2690/1384
f 1068/1982/2 1780/2341/2 2074/2691/1380 2062/2692/1368
f 1068/1982/2 2062/2692/1368 2072/2693/1378 1386/1808/241
f 2065/2694/1371 2084/2695/1390 365/428/241 314/427/241
f 2068/2696/1374 2065/2694/1371 314/427/241 1394/1768/241
f 2072/2693/1378 2068/2696/1374 1394/1768/241 1386/1808/241
f 2078/2690/1384 2074/2691/1380 1780/2341/2 1783/2689/2
f 365/428/241 2084/2695/1390 2080/2683/1386 357/468/241
f 769/2687/2 766/1036/2 2090/2685/1396 2086/2688/1392
f 1077/2147/2 2/822/2 2092/2697/2 1794/2345/2
f 26/821/2 780/1041/2 2092/2697/2 2/822/2
f 2113/2698/1414 2114/2699/1415 2096/2700/1401 2103/2701/1408
f 2115/2702/1416 2116/2703/1417 2099/2704/1404 2104/2705/1409
f 2118/2706/1419 2117/2707/1418 2102/2708/1407 2093/2709/1398
f 2120/2710/1421 2119/2711/1420 2101/2712/1406 2097/2713/1402
f 2122/2714/1423 2121/2715/1422 2111/2716/1412 2094/2717/1399
f 2124/2718/1425 2123/2719/1424 2100/2720/1405 2098/2721/1403
f 2126/2722/1427 2125/2723/1426 2106/2724/1411 2095/2725/1400
f 2116/2703/1417 2127/2726/1428 2105/2727/1410 2099/2704/1404
f 2123/2719/1424 2122/2714/1423 2094/2717/1399 2100/2720/1405
f 2121/2715/1422 2120/2710/1421 2097/2713/1402 2111/2716/1412
f 2119/2711/1420 2118/2706/1419 2093/2709/1398 2101/2712/1406
f 2117/2707/1418 2128/2728/1429 2112/2729/1413 2102/2708/1407
f 2128/2728/1429 2113/2698/1414 2103/2701/1408 2112/2729/1413
f 2114/2699/1415 2115/2702/1416 2104/2705/1409 2096/2700/1401
f 2127/2726/1428 2126/2722/1427 2095/2725/1400 2105/2727/1410
f 2125/2723/1426 2124/2718/1425 2098/2721/1403 2106/2724/1411
f 2086/2688/1392 2090/2685/1396 2136/2730/1436 2141/2731/1441
f 2059/2686/1365 2086/2688/1392 2141/2731/1441 2133/2732/1433
f 2080/2683/1386 2084/2695/1390 2134/2733/1434 2140/2734/1440
f 2056/2684/1362 2080/2683/1386 2140/2734/1440 2137/2735/1437
f 2074/2691/1380 2078/2690/1384 2132/2736/1432 2139/2737/1439
f 2062/2692/1368 2074/2691/1380 2139/2737/1439 2131/2738/1431
f 2068/2696/1374 2072/2693/1378 2130/2739/1430 2138/2740/1438
f 2065/2694/1371 2068/2696/1374 2138/2740/1438 2135/2741/1435
f 2090/2685/1396 2056/2684/1362 2137/2735/1437 2136/2730/1436
f 2084/2695/1390 2065/2694/1371 2135/2741/1435 2134/2733/1434
f 2078/2690/1384 2059/2686/1365 2133/2732/1433 2132/2736/1432
f 2072/2693/1378 2062/2692/1368 2131/2738/1431 2130/2739/1430
f 2155/2742/1455 2151/2743/1451 2153/2744/1453 2156/2745/1456
f 2156/2746/1456 2153/2747/1453 2152/2748/1452 2154/2749/1454
f 2158/2750/1458 2148/2751/1448 2150/2752/1450 2159/2753/1459
f 2159/2754/1459 2150/2755/1450 2149/2756/1449 2157/2757/1457
f 2161/2758/1461 2145/2759/1445 2147/2760/1447 2162/2761/1462
f 2162/2762/1462 2147/2763/1447 2146/2764/1446 2160/2765/1460
f 2164/2766/1464 2142/2767/1442 2144/2768/1444 2165/2769/1465
f 2165/2770/1465 2144/2771/1444 2143/2772/1443 2163/2773/1463
f 2145/2759/1445 2166/2774/1466 2168/2775/1468 2147/2760/1447
f 2147/2763/1447 2168/2776/1468 2167/2777/1467 2146/2764/1446
f 2166/2774/1466 2155/2742/1455 2156/2745/1456 2168/2775/1468
f 2168/2776/1468 2156/2746/1456 2154/2749/1454 2167/2777/1467
f 2151/2778/1451 2169/2779/1469 2171/2780/1471 2153/2781/1453
f 2153/2747/1453 2171/2782/1471 2170/2783/1470 2152/2748/1452
f 2169/2779/1469 2158/2750/1458 2159/2753/1459 2171/2780/1471
f 2171/2782/1471 2159/2754/1459 2157/2757/1457 2170/2783/1470
f 2142/2767/1442 2172/2784/1472 2174/2785/1474 2144/2768/1444
f 2144/2771/1444 2174/2786/1474 2173/2787/1473 2143/2772/1443
f 2172/2784/1472 2161/2758/1461 2162/2761/1462 2174/2785/1474
f 2174/2786/1474 2162/2762/1462 2160/2765/1460 2173/2787/1473
f 2148/2751/1448 2175/2788/1475 2177/2789/1477 2150/2752/1450
f 2150/2755/1450 2177/2790/1477 2176/2791/1476 2149/2756/1449
f 2175/2788/1475 2164/2766/1464 2165/2769/1465 2177/2789/1477
f 2177/2790/1477 2165/2770/1465 2163/2773/1463 2176/2791/1476
f 2173/2787/1473 2055/2792/2 2143/2772/1443
f 2057/2666/1363 2081/2679/1387 2172/2784/1472 2142/2767/1442
f 2143/2772/1443 2055/2792/2 2163/2773/1463
f 2089/2667/1395 2057/2666/1363 2142/2767/1442 2164/2766/1464
f 2146/2764/1446 2055/2792/2 2160/2765/1460
f 2083/2661/1389 2066/2660/1372 2145/2759/1445 2161/2758/1461
f 2146/2764/1446 2167/2777/1467 2055/2792/2
f 2066/2660/1372 2069/2670/1375 2166/2774/1466 2145/2759/1445
f 2055/2792/2 2157/2757/1457 2149/2756/1449
f 2077/2655/1383 2060/2654/1366 2148/2751/1448 2158/2750/1458
f 2176/2791/1476 2055/2792/2 2149/2756/1449
f 2060/2654/1366 2087/2682/1393 2175/2788/1475 2148/2751/1448
f 2055/2792/2 2154/2749/1454 2152/2748/1452
f 2071/2649/1377 2063/2648/1369 2151/2743/1451 2155/2742/1455
f 2152/2748/1452 2170/2783/1470 2055/2792/2
f 2063/2676/1369 2075/2675/1381 2169/2779/1469 2151/2778/1451
f 2069/2670/1375 2071/2649/1377 2155/2742/1455 2166/2774/1466
f 2055/2792/2 2167/2777/1467 2154/2749/1454
f 2075/2675/1381 2077/2655/1383 2158/2750/1458 2169/2779/1469
f 2055/2792/2 2170/2783/1470 2157/2757/1457
f 2081/2679/1387 2083/2661/1389 2161/2758/1461 2172/2784/1472
f 2160/2765/1460 2055/2792/2 2173/2787/1473
f 2087/2682/1393 2089/2667/1395 2164/2766/1464 2175/2788/1475
f 2163/2773/1463 2055/2792/2 2176/2791/1476
f 2185/2793/1485 2187/2794/1487 2189/2795/1489 2186/2796/1486
f 2186/2796/1486 2189/2795/1489 2188/2797/1488 2184/2798/1484
f 2191/2799/1491 2193/2800/1493 2195/2801/1495 2192/2802/1492
f 2192/2802/1492 2195/2801/1495 2194/2803/1494 2190/2804/1490
f 2197/2805/1497 2199/2806/1499 2201/2807/1501 2198/2808/1498
f 2198/2808/1498 2201/2807/1501 2200/2809/1500 2196/2810/1496
f 2203/2811/1503 2205/2812/1505 2207/2813/1507 2204/2814/1504
f 2204/2814/1504 2207/2813/1507 2206/2815/1506 2202/2816/1502
f 2182/2817/1482 2208/2818/1508 2210/2819/1510 2183/2820/1483
f 2183/2820/1483 2210/2819/1510 2209/2821/1509 2181/2822/1481
f 2212/2823/1512 2214/2824/1514 2216/2825/1516 2213/2826/1513
f 2213/2826/1513 2216/2825/1516 2215/2827/1515 2211/2828/1511
f 2218/2829/1518 2220/2830/1520 2222/2831/1522 2219/2832/1519
f 2219/2832/1519 2222/2831/1522 2221/2833/1521 2217/2834/1517
f 2224/2835/1524 2194/2803/1494 2195/2801/1495 2225/2836/1525
f 2225/2836/1525 2195/2801/1495 2193/2800/1493 2223/2837/1523
f 2208/2818/1508 2212/2823/1512 2213/2826/1513 2210/2819/1510
f 2210/2819/1510 2213/2826/1513 2211/2828/1511 2209/2821/1509
f 2205/2812/1505 2182/2817/1482 2183/2820/1483 2207/2813/1507
f 2207/2813/1507 2183/2820/1483 2181/2822/1481 2206/2815/1506
f 2199/2806/1499 2203/2811/1503 2204/2814/1504 2201/2807/1501
f 2201/2807/1501 2204/2814/1504 2202/2816/1502 2200/2809/1500
f 2179/2838/1479 2197/2805/1497 2198/2808/1498 2180/2839/1480
f 2180/2839/1480 2198/2808/1498 2196/2810/1496 2178/2840/1478
f 2178/2840/1478 2185/2793/1485 2186/2796/1486 2180/2839/1480
f 2180/2839/1480 2186/2796/1486 2184/2798/1484 2179/2838/1479
f 2187/2794/1487 2191/2799/1491 2192/2802/1492 2189/2795/1489
f 2189/2795/1489 2192/2802/1492 2190/2804/1490 2188/2797/1488
f 2220/2830/1520 2224/2835/1524 2225/2836/1525 2222/2831/1522
f 2222/2831/1522 2225/2836/1525 2223/2837/1523 2221/2833/1521
f 2214/2824/1514 2218/2829/1518 2219/2832/1519 2216/2825/1516
f 2216/2825/1516 2219/2832/1519 2217/2834/1517 2215/2827/1515
f 2227/2841/1527 2229/2842/1529 2231/2843/1531 2228/2844/1528
f 2228/2844/1528 2231/2843/1531 2230/2845/1530 2226/2846/1526
f 2233/2847/1533 2235/2848/1535 2237/2849/1537 2234/2850/1534
f 2234/2850/1534 2237/2849/1537 2236/2851/1536 2232/2852/1532
f 2239/2853/1539 2241/2854/1541 2243/2855/1543 2240/2856/1540
f 2240/2856/1540 2243/2855/1543 2242/2857/1542 2238/2858/1538
f 2245/2859/1545 2247/2860/1547 2249/2861/1549 2246/2862/1546
f 2246/2862/1546 2249/2861/1549 2248/2863/1548 2244/2864/1544
f 2251/2865/1551 2253/2866/1553 2255/2867/1555 2252/2868/1552
f 2252/2868/1552 2255/2867/1555 2254/2869/1554 2250/2870/1550
f 2257/2871/1557 2259/2872/1559 2261/2873/1561 2258/2874/1558
f 2258/2874/1558 2261/2873/1561 2260/2875/1560 2256/2876/1556
f 2263/2877/1563 2265/2878/1565 2267/2879/1567 2264/2880/1564
f 2264/2880/1564 2267/2879/1567 2266/2881/1566 2262/2882/1562
f 2269/2883/1569 2236/2851/1536 2237/2849/1537 2270/2884/1570
f 2270/2884/1570 2237/2849/1537 2235/2848/1535 2268/2885/1568
f 2253/2866/1553 2257/2871/1557 2258/2874/1558 2255/2867/1555
f 2255/2867/1555 2258/2874/1558 2256/2876/1556 2254/2869/1554
f 2247/2860/1547 2251/2865/1551 2252/2868/1552 2249/2861/1549
f 2249/2861/1549 2252/2868/1552 2250/2870/1550 2248/2863/1548
f 2241/2854/1541 2245/2859/1545 2246/2862/1546 2243/2855/1543
f 2243/2855/1543 2246/2862/1546 2244/2864/1544 2242/2857/1542
f 2272/2886/1572 2239/2853/1539 2240/2856/1540 2273/2887/1573
f 2273/2887/1573 2240/2856/1540 2238/2858/1538 2271/2888/1571
f 2271/2888/1571 2227/2841/1527 2228/2844/1528 2273/2887/1573
f 2273/2887/1573 2228/2844/1528 2226/2846/1526 2272/2886/1572
f 2229/2842/1529 2233/2847/1533 2234/2850/1534 2231/2843/1531
f 2231/2843/1531 2234/2850/1534 2232/2852/1532 2230/2845/1530
f 2265/2878/1565 2269/2883/1569 2270/2884/1570 2267/2879/1567
f 2267/2879/1567 2270/2884/1570 2268/2885/1568 2266/2881/1566
f 2259/2872/1559 2263/2877/1563 2264/2880/1564 2261/2873/1561
f 2261/2873/1561 2264/2880/1564 2262/2882/1562 2260/2875/1560
f 2293/2889/1593 2295/2890/1595 2297/2891/1597 2294/2892/1594
f 2294/2892/1594 2297/2891/1597 2296/2893/1596 2292/2894/1592
f 2320/2895/1620 2316/2896/1616 2318/2897/1618 2321/2898/1621
f 2321/2898/1621 2318/2897/1618 2317/2899/1617 2319/2900/1619
f 2287/2901/1587 2283/2902/1583 2285/2903/1585 2288/2904/1588
f 2288/2904/1588 2285/2903/1585 2284/2905/1584 2286/2906/1586
f 2281/2907/1581 2277/2908/1577 2279/2909/1579 2282/2910/1582
f 2282/2910/1582 2279/2909/1579 2278/2911/1578 2280/2912/1580
f 2275/2913/1575 2298/2914/1598 2300/2915/1600 2276/2916/1576
f 2276/2916/1576 2300/2915/1600 2299/2917/1599 2274/2918/1574
f 2302/2919/1602 2304/2920/1604 2306/2921/1606 2303/2922/1603
f 2303/2922/1603 2306/2921/1606 2305/2923/1605 2301/2924/1601
f 2308/2925/1608 2310/2926/1610 2312/2927/1612 2309/2928/1609
f 2309/2928/1609 2312/2927/1612 2311/2929/1611 2307/2930/1607
f 2314/2931/1614 2317/2899/1617 2318/2897/1618 2315/2932/1615
f 2315/2932/1615 2318/2897/1618 2316/2896/1616 2313/2933/1613
f 2298/2914/1598 2302/2919/1602 2303/2922/1603 2300/2915/1600
f 2300/2915/1600 2303/2922/1603 2301/2924/1601 2299/2917/1599
f 2277/2908/1577 2275/2913/1575 2276/2916/1576 2279/2909/1579
f 2279/2909/1579 2276/2916/1576 2274/2918/1574 2278/2911/1578
f 2283/2902/1583 2281/2907/1581 2282/2910/1582 2285/2903/1585
f 2285/2903/1585 2282/2910/1582 2280/2912/1580 2284/2905/1584
f 2290/2934/1590 2287/2901/1587 2288/2904/1588 2291/2935/1591
f 2291/2935/1591 2288/2904/1588 2286/2906/1586 2289/2936/1589
f 2289/2936/1589 2293/2889/1593 2294/2892/1594 2291/2935/1591
f 2291/2935/1591 2294/2892/1594 2292/2894/1592 2290/2934/1590
f 2295/2890/1595 2320/2895/1620 2321/2898/1621 2297/2891/1597
f 2297/2891/1597 2321/2898/1621 2319/2900/1619 2296/2893/1596
f 2310/2926/1610 2314/2931/1614 2315/2932/1615 2312/2927/1612
f 2312/2927/1612 2315/2932/1615 2313/2933/1613 2311/2929/1611
f 2304/2920/1604 2308/2925/1608 2309/2928/1609 2306/2921/1606
f 2306/2921/1606 2309/2928/1609 2307/2930/1607 2305/2923/1605
f 2102/2708/1407 2112/2729/1413 2178/2840/1478 2196/2810/1496
f 2184/2937/1484 3302/2938/2 3304/2939/2 2179/2940/1479
f 2179/2940/1479 3304/2939/2 3286/2941/2 2197/2942/1497
f 2112/2729/1413 2103/2701/1408 2185/2793/1485 2178/2840/1478
f 2094/2717/1399 2111/2716/1412 2181/2822/1481 2209/2821/1509
f 2110/2943/2 3295/2944/2 3293/2945/2
f 2111/2716/1412 2097/2713/1402 2206/2815/1506 2181/2822/1481
f 2103/2701/1408 2096/2700/1401 2187/2794/1487 2185/2793/1485
f 2188/2946/1488 3298/2947/2 3302/2938/2 2184/2937/1484
f 1794/2345/2 2092/2697/2 3298/2947/2 3299/2948/2
f 2096/2700/1401 2104/2705/1409 2191/2799/1491 2187/2794/1487
f 2190/2949/1490 2194/2950/1494 3303/2951/2 3299/2948/2
f 2104/2705/1409 2099/2704/1404 2193/2800/1493 2191/2799/1491
f 1791/2346/2 3303/2951/2 3287/2952/2 2108/2953/2
f 2099/2704/1404 2105/2727/1410 2223/2837/1523 2193/2800/1493
f 2093/2709/1398 2102/2708/1407 2196/2810/1496 2200/2809/1500
f 2107/2954/2 3291/2955/2 3286/2941/2
f 2101/2712/1406 2093/2709/1398 2200/2809/1500 2202/2816/1502
f 2107/2954/2 3296/2956/2 3291/2955/2
f 2097/2713/1402 2101/2712/1406 2202/2816/1502 2206/2815/1506
f 2203/2957/1503 3296/2956/2 3297/2958/2
f 2205/2959/1505 2203/2957/1503 3297/2958/2 3293/2945/2
f 2100/2720/1405 2094/2717/1399 2209/2821/1509 2211/2828/1511
f 2098/2721/1403 2100/2720/1405 2211/2828/1511 2215/2827/1515
f 2109/2960/2 3301/2961/2 3300/2962/2
f 2106/2724/1411 2098/2721/1403 2215/2827/1515 2217/2834/1517
f 2218/2963/1518 2214/2964/1514 3301/2961/2 3305/2965/2
f 2095/2725/1400 2106/2724/1411 2217/2834/1517 2221/2833/1521
f 2108/2953/2 3290/2966/2 3289/2967/2
f 2108/2953/2 3289/2967/2 3305/2965/2 2109/2960/2
f 2105/2727/1410 2095/2725/1400 2221/2833/1521 2223/2837/1523
f 2108/2953/2 3287/2952/2 3290/2966/2
f 2229/2842/1529 2227/2841/1527 2292/2894/1592 2296/2893/1596
f 2226/2846/1526 2230/2845/1530 2114/2699/1415 2113/2698/1414
f 2227/2841/1527 2271/2888/1571 2290/2934/1590 2292/2894/1592
f 2272/2886/1572 2226/2846/1526 2113/2698/1414 2128/2728/1429
f 2230/2845/1530 2232/2852/1532 2115/2702/1416 2114/2699/1415
f 2233/2847/1533 2229/2842/1529 2296/2893/1596 2319/2900/1619
f 2235/2848/1535 2233/2847/1533 2319/2900/1619 2317/2899/1617
f 2232/2852/1532 2236/2851/1536 2116/2703/1417 2115/2702/1416
f 2236/2851/1536 2269/2883/1569 2127/2726/1428 2116/2703/1417
f 2268/2885/1568 2235/2848/1535 2317/2899/1617 2314/2931/1614
f 2238/2858/1538 2242/2857/1542 2283/2902/1583 2287/2901/1587
f 2239/2853/1539 2272/2886/1572 2128/2728/1429 2117/2707/1418
f 2241/2854/1541 2239/2853/1539 2117/2707/1418 2118/2706/1419
f 2271/2888/1571 2238/2858/1538 2287/2901/1587 2290/2934/1590
f 2242/2857/1542 2244/2864/1544 2281/2907/1581 2283/2902/1583
f 2245/2859/1545 2241/2854/1541 2118/2706/1419 2119/2711/1420
f 2244/2864/1544 2248/2863/1548 2277/2908/1577 2281/2907/1581
f 2247/2860/1547 2245/2859/1545 2119/2711/1420 2120/2710/1421
f 2248/2863/1548 2250/2870/1550 2275/2913/1575 2277/2908/1577
f 2251/2865/1551 2247/2860/1547 2120/2710/1421 2121/2715/1422
f 2250/2870/1550 2254/2869/1554 2298/2914/1598 2275/2913/1575
f 2253/2866/1553 2251/2865/1551 2121/2715/1422 2122/2714/1423
f 2254/2869/1554 2256/2876/1556 2302/2919/1602 2298/2914/1598
f 2257/2871/1557 2253/2866/1553 2122/2714/1423 2123/2719/1424
f 2256/2876/1556 2260/2875/1560 2304/2920/1604 2302/2919/1602
f 2259/2872/1559 2257/2871/1557 2123/2719/1424 2124/2718/1425
f 2260/2875/1560 2262/2882/1562 2308/2925/1608 2304/2920/1604
f 2263/2877/1563 2259/2872/1559 2124/2718/1425 2125/2723/1426
f 2262/2882/1562 2266/2881/1566 2310/2926/1610 2308/2925/1608
f 2265/2878/1565 2263/2877/1563 2125/2723/1426 2126/2722/1427
f 2266/2881/1566 2268/2885/1568 2314/2931/1614 2310/2926/1610
f 2269/2883/1569 2265/2878/1565 2126/2722/1427 2127/2726/1428
f 2278/2911/1578 2274/2918/1574 2129/2968/2
f 2274/2918/1574 2299/2917/1599 2129/2968/2
f 2280/2912/1580 2278/2911/1578 2129/2968/2
f 2284/2905/1584 2280/2912/1580 2129/2968/2
f 2286/2906/1586 2284/2905/1584 2129/2968/2
f 2289/2936/1589 2286/2906/1586 2129/2968/2
f 2293/2889/1593 2289/2936/1589 2129/2968/2
f 2295/2890/1595 2293/2889/1593 2129/2968/2
f 2320/2895/1620 2295/2890/1595 2129/2968/2
f 2299/2917/1599 2301/2924/1601 2129/2968/2
f 2301/2924/1601 2305/2923/1605 2129/2968/2
f 2305/2923/1605 2307/2930/1607 2129/2968/2
f 2307/2930/1607 2311/2929/1611 2129/2968/2
f 2311/2929/1611 2313/2933/1613 2129/2968/2
f 2313/2933/1613 2316/2896/1616 2129/2968/2
f 2316/2896/1616 2320/2895/1620 2129/2968/2
f 2346/2248/1637 2347/2247/1638 2374/2969/1649 2373/2970/1648
f 2341/978/1634 2342/2242/1634 2369/2244/6 2368/2971/6
f 2364/983/1647 2363/982/1647 2383/2972/6 2384/2249/6
f 2357/986/1642 2348/2288/1639 2375/2973/6 2377/2251/6
f 2340/979/1633 2341/978/1634 2368/2971/6 2367/2974/6
f 2363/982/1647 2362/2257/1646 2382/2975/6 2383/2972/6
f 2322/2287/1622 2326/2286/1626 1671/2976/1183 700/2977/544
f 2339/2274/1624 2340/979/1633 2367/2974/6 2366/2978/6
f 2362/2257/1646 2361/975/1645 2381/2979/6 2382/2975/6
f 2345/2267/1636 2327/989/1627 1670/2250/6 2372/2980/6
f 2338/943/1632 2339/2274/1624 2366/2978/6 2365/2981/6
f 2361/975/1645 2360/974/1645 2380/2982/6 2381/2979/6
f 2323/255/1623 2322/951/1622 700/2983/544 702/2984/545
f 2344/976/1636 2345/2267/1636 2372/2980/6 2371/2985/6
f 2324/944/1624 2338/943/1632 2365/2981/6 701/2986/6
f 2360/974/1645 2359/1627/1644 2379/2987/6 2380/2982/6
f 2343/977/1635 2344/976/1636 2371/2985/6 2370/2243/6
f 2350/1717/1640 2346/1716/1637 2373/2988/1648 2376/2989/1650
f 2359/1627/1644 2358/987/1643 2378/2252/6 2379/2987/6
f 2523/2990/1715 2419/2991/1661 2421/2992/1663 2524/2993/1716
f 2336/2994/1630 2337/2995/1631 2352/2175/1631 2353/2174/1630
f 2333/2996/1630 2334/2997/1631 2337/2995/1631 2336/2994/1630
f 2330/2998/1630 2331/2999/1631 2334/2997/1631 2333/2996/1630
f 2390/3000/1630 2356/3001/1631 2331/2999/1631 2330/2998/1630
f 2388/3002/1630 2355/3003/1631 2356/3001/1631 2390/3000/1630
f 2386/3004/1630 2354/3005/1631 2355/3003/1631 2388/3002/1630
f 2349/3006/1625 2353/3007/1630 2328/3008/1628 2351/3009/1641
f 2335/3010/1625 2336/3011/1630 2353/3007/1630 2349/3006/1625
f 2332/3012/1625 2333/3013/1630 2336/3011/1630 2335/3010/1625
f 2389/3014/1625 2330/3015/1630 2333/3013/1630 2332/3012/1625
f 2387/3016/1625 2390/3017/1630 2330/3015/1630 2389/3014/1625
f 2385/3018/1625 2388/3019/1630 2390/3017/1630 2387/3016/1625
f 2325/3020/1625 2386/3021/1630 2388/3019/1630 2385/3018/1625
f 2395/3022/1653 2398/3023/1653 2396/3024/1651 2393/3025/1651
f 2398/3023/1653 2401/3026/1653 2400/3027/1651 2396/3024/1651
f 2401/3026/1653 2404/3028/1653 2403/3029/1651 2400/3027/1651
f 2404/3028/1653 2407/3030/1653 2405/3031/1651 2403/3029/1651
f 2407/3030/1653 2410/3032/1653 2408/3033/1651 2405/3031/1651
f 2410/3032/1653 2411/3034/1653 2391/3035/1651 2408/3033/1651
f 2411/3034/1653 2328/3036/1628 2329/3037/1629 2391/3035/1651
f 2409/3038/1652 2351/3009/1641 2328/3008/1628 2411/3039/1653
f 2406/3040/1652 2409/3038/1652 2411/3039/1653 2410/3041/1653
f 2402/3042/1652 2406/3040/1652 2410/3041/1653 2407/3043/1653
f 2399/3044/1652 2402/3042/1652 2407/3043/1653 2404/3045/1653
f 2397/3046/1652 2399/3044/1652 2404/3045/1653 2401/3047/1653
f 2394/3048/1652 2397/3046/1652 2401/3047/1653 2398/3049/1653
f 2392/3050/1652 2394/3048/1652 2398/3049/1653 2395/3051/1653
f 597/861/492 2412/3052/1654 2415/866/1657 2414/865/1656
f 3232/3053/2186 3220/3054/2152 2419/3055/1661 2523/3056/1715
f 2431/3057/1673 2434/3058/1676 2435/3059/1677 2437/3060/1679
f 2432/3061/1674 2436/3062/1678 2435/3059/1677 2434/3058/1676
f 2433/3063/1675 2437/3060/1679 2435/3059/1677 2436/3062/1678
f 2486/3064/1702 2489/3065/1705 2490/3066/1706 2492/3067/1708
f 2487/3068/1703 2491/3069/1707 2490/3066/1706 2489/3065/1705
f 2488/3070/1704 2492/3067/1708 2490/3066/1706 2491/3069/1707
f 2419/2991/1661 2444/3071/1686 2446/3072/1688 2421/2992/1663
f 2421/2992/1663 2446/3072/1688 2445/3073/1687 2420/3074/1662
f 2423/3075/1665 2413/867/1655 2415/866/1657 2424/3076/1666
f 2424/3076/1666 2415/866/1657 2412/3052/1654 2422/3077/1664
f 3098/3078/2144 2428/3079/1670 2430/3080/1672 3099/3081/2145
f 3099/3081/2145 2430/3080/1672 2429/3082/1671 3100/3083/2146
f 2448/3084/1690 2433/3063/1675 2436/3062/1678 2449/3085/534
f 2449/3085/534 2436/3062/1678 2432/3061/1674 2447/3086/1689
f 2442/3087/1684 2439/3088/1681 2440/3089/1682 2443/3090/1685
f 2443/3090/1685 2440/3089/1682 2438/3091/1680 2441/3092/1683
f 2451/3093/1690 2448/3084/1690 2449/3085/534 2452/3094/534
f 2452/3094/534 2449/3085/534 2447/3086/1689 2450/3095/1689
f 2454/3096/1690 2451/3093/1690 2452/3094/534 2455/3097/534
f 2455/3097/534 2452/3094/534 2450/3095/1689 2453/3098/1689
f 2457/3099/1690 2454/3096/1690 2455/3097/534 2458/3100/534
f 2458/3100/534 2455/3097/534 2453/3098/1689 2456/3101/1689
f 2460/3102/1690 2457/3099/1690 2458/3100/534 2461/3103/534
f 2461/3103/534 2458/3100/534 2456/3101/1689 2459/3104/1689
f 2463/3105/1690 2460/3102/1690 2461/3103/534 2464/3106/534
f 2464/3106/534 2461/3103/534 2459/3104/1689 2462/3107/1689
f 2466/3108/1690 2463/3105/1690 2464/3106/534 2467/3109/534
f 2467/3109/534 2464/3106/534 2462/3107/1689 2465/3110/1689
f 2422/3077/1664 2416/3111/1658 2418/3112/1660 2424/3076/1666
f 2424/3076/1666 2418/3112/1660 2417/3113/1659 2423/3075/1665
f 2469/3114/1692 2445/3073/1687 2446/3072/1688 2470/3115/1693
f 2470/3115/1693 2446/3072/1688 2444/3071/1686 2468/3116/1691
f 2431/3057/1673 2417/3113/1659 2418/3112/1660 2434/3058/1676
f 2434/3058/1676 2418/3112/1660 2416/3111/1658 2432/3061/1674
f 2488/3070/1704 2469/3114/1692 2470/3115/1693 2492/3067/1708
f 2492/3067/1708 2470/3115/1693 2468/3116/1691 2486/3064/1702
f 2472/3117/1690 2466/3108/1690 2467/3109/534 2473/3118/534
f 2473/3118/534 2467/3109/534 2465/3110/1689 2471/3119/1689
f 2475/3120/1690 2472/3117/1690 2473/3118/534 2476/3121/534
f 2476/3121/534 2473/3118/534 2471/3119/1689 2474/3122/1689
f 2426/3123/1668 2475/3120/1690 2476/3121/534 2427/3124/1669
f 2427/3124/1669 2476/3121/534 2474/3122/1689 2425/3125/1667
f 2428/3079/1670 2442/3126/1684 2443/3127/1685 2430/3080/1672
f 2430/3080/1672 2443/3127/1685 2441/3128/1683 2429/3082/1671
f 2478/3129/1695 2481/3130/1698 2482/3131/1699 2479/3132/1696
f 2479/3132/1696 2482/3131/1699 2480/3133/1697 2477/3134/1694
f 2484/3135/1701 2488/3070/1704 2491/3069/1707 2485/3136/1184
f 2485/3136/1184 2491/3069/1707 2487/3068/1703 2483/3137/1700
f 3101/3138/2147 3137/3139/2159 3138/3140/2160 3102/3141/2148
f 3102/3141/2148 3138/3140/2160 3132/3142/2158 3103/3143/2149
f 2497/3144/1701 2484/3135/1701 2485/3136/1184 2498/3145/1184
f 2498/3145/1184 2485/3136/1184 2483/3137/1700 2496/3146/1700
f 2500/3147/1701 2497/3144/1701 2498/3145/1184 2501/3148/1184
f 2501/3148/1184 2498/3145/1184 2496/3146/1700 2499/3149/1700
f 2503/3150/1701 2500/3147/1701 2501/3148/1184 2504/3151/1184
f 2504/3151/1184 2501/3148/1184 2499/3149/1700 2502/3152/1700
f 2506/3153/1701 2503/3150/1701 2504/3151/1184 2507/3154/1184
f 2507/3154/1184 2504/3151/1184 2502/3152/1700 2505/3155/1700
f 2509/3156/1701 2506/3153/1701 2507/3154/1184 2510/3157/1184
f 2510/3157/1184 2507/3154/1184 2505/3155/1700 2508/3158/1700
f 2512/3159/1701 2509/3156/1701 2510/3157/1184 2513/3160/1184
f 2513/3160/1184 2510/3157/1184 2508/3158/1700 2511/3161/1700
f 2515/3162/1701 2512/3159/1701 2513/3160/1184 2516/3163/1184
f 2516/3163/1184 2513/3160/1184 2511/3161/1700 2514/3164/1700
f 2518/3165/1701 2515/3162/1701 2516/3163/1184 2519/3166/1184
f 2519/3166/1184 2516/3163/1184 2514/3164/1700 2517/3167/1700
f 2425/3125/1667 2518/3165/1701 2519/3166/1184 2427/3124/1669
f 2427/3124/1669 2519/3166/1184 2517/3167/1700 2426/3123/1668
f 2493/3168/1709 2478/3169/1695 2479/3170/1696 2495/3171/1711
f 2495/3171/1711 2479/3170/1696 2477/3172/1694 2494/3173/1710
f 2412/3052/1654 597/861/492 653/860/530 656/926/532
f 2414/865/1656 599/291/494 245/290/191 597/861/492
f 2412/3052/1654 656/926/532 2324/944/1624 2422/3077/1664
f 3267/3174/2197 2528/3175/1720 2413/3176/1655 3261/3177/2150
f 3261/3177/2150 2413/3176/1655 2423/3178/1665 3262/3179/2151
f 2416/3111/1658 701/2986/6 2447/3086/1689 2432/3061/1674
f 3262/3179/2151 2423/3178/1665 2417/3180/1659 3263/3181/577
f 2422/3077/1664 2324/944/1624 701/2986/6 2416/3111/1658
f 3263/3181/577 2417/3180/1659 2431/3182/1673 3217/3183/2185
f 1675/2260/1186 2420/3074/1662 2445/3073/1687 2348/2288/1639
f 1618/1633/1155 2524/2993/1716 1617/2185/1154 1277/1634/907
f 1617/2185/1154 2420/3074/1662 1675/2260/1186 1672/2186/1184
f 3107/3184/2152 3131/3185/2152 3136/3186/2153 3108/3187/2153
f 3268/3188/2155 3222/3189/3 2426/3190/1668 2517/3191/1700
f 3223/3192/2154 2475/3193/1690 2426/3194/1668 3222/3195/3
f 1670/2250/6 2384/2249/6 2518/3165/1701 2425/3125/1667
f 2372/2980/6 1670/2250/6 2425/3125/1667 2474/3122/1689
f 2428/3079/1670 2354/3005/1631 2386/3004/1630 2442/3126/1684
f 3098/3078/2144 3109/3196/2154 2354/3005/1631 2428/3079/1670
f 700/2977/544 1671/2976/1183 2429/3082/1671 2441/3128/1683
f 2442/3087/1684 2386/3021/1630 2325/3020/1625 2439/3088/1681
f 702/2984/545 700/2983/544 2441/3092/1683 2438/3091/1680
f 3108/3187/2153 3136/3186/2153 3140/3197/539 3110/3198/539
f 2348/2288/1639 2445/3073/1687 2469/3114/1692 2375/2973/6
f 701/2986/6 2365/2981/6 2450/3095/1689 2447/3086/1689
f 3264/3199/2154 2448/3200/1690 2451/3201/1690 3265/3202/2154
f 2355/3003/1631 3111/3203/2154 3128/3204/2154
f 2365/2981/6 2366/2978/6 2453/3098/1689 2450/3095/1689
f 3274/3205/2154 3273/3206/2154 3127/3207/2154 3128/3204/2154
f 2366/2978/6 2367/2974/6 2456/3101/1689 2453/3098/1689
f 2356/3001/1631 3127/3207/2154 3119/3208/2154 3276/3209/2154
f 2367/2974/6 2368/2971/6 2459/3104/1689 2456/3101/1689
f 3276/3209/2154 3277/3210/2154 2331/2999/1631 2356/3001/1631
f 2368/2971/6 2369/2244/6 2462/3107/1689 2459/3104/1689
f 3270/3211/2154 2463/3212/1690 2466/3213/1690 3271/3214/2154
f 2369/2244/6 2370/2243/6 2465/3110/1689 2462/3107/1689
f 2370/2243/6 2371/2985/6 2471/3119/1689 2465/3110/1689
f 3271/3214/2154 2466/3213/1690 2472/3215/1690 3272/3216/2154
f 3110/3198/539 3140/3197/539 3137/3139/2159 3101/3138/2147
f 2375/2973/6 2469/3114/1692 2488/3070/1704 2484/3135/1701
f 3272/3216/2154 2472/3215/1690 2475/3193/1690 3223/3192/2154
f 2371/2985/6 2372/2980/6 2474/3122/1689 2471/3119/1689
f 2376/2989/1650 2373/2988/1648 2478/3169/1695 2493/3168/1709
f 2494/3173/1710 2477/3172/1694 2395/3022/1653 2393/3025/1651
f 2373/2970/1648 2374/2969/1649 2481/3130/1698 2478/3129/1695
f 2477/3134/1694 2480/3133/1697 2392/3050/1652 2395/3051/1653
f 2377/2251/6 2375/2973/6 2484/3135/1701 2497/3144/1701
f 3266/3217/2155 3225/3218/2155 2496/3219/1700 2483/3220/1700
f 3103/3143/2149 3132/3142/2158 3130/3221/2155 3112/3222/2155
f 2378/2252/6 2377/2251/6 2497/3144/1701 2500/3147/1701
f 2396/3024/1651 3129/3223/2155 3134/3224/2155
f 2379/2987/6 2378/2252/6 2500/3147/1701 2503/3150/1701
f 3226/3225/2155 3129/3223/2155 3133/3226/2155 3227/3227/2155
f 2380/2982/6 2379/2987/6 2503/3150/1701 2506/3153/1701
f 2400/3027/1651 3282/3228/2155 3123/3229/2155 3133/3226/2155
f 2381/2979/6 2380/2982/6 2506/3153/1701 2509/3156/1701
f 3282/3228/2155 2400/3027/1651 2403/3029/1651 3283/3230/2155
f 2382/2975/6 2381/2979/6 2509/3156/1701 2512/3159/1701
f 3229/3231/2155 3230/3232/2155 2511/3233/1700 2508/3234/1700
f 2383/2972/6 2382/2975/6 2512/3159/1701 2515/3162/1701
f 3230/3232/2155 3231/3235/2155 2514/3236/1700 2511/3233/1700
f 2384/2249/6 2383/2972/6 2515/3162/1701 2518/3165/1701
f 3231/3235/2155 3268/3188/2155 2517/3191/1700 2514/3236/1700
f 3203/3237/2132 3232/3053/2186 2523/3056/1715 1276/3238/906
f 1276/2190/906 2523/2990/1715 2524/2993/1716 1618/1633/1155
f 1713/1598/1192 2521/1597/1713 2522/2294/1714 1719/1649/1197
f 1719/2295/1197 2522/2292/1714 2520/2293/1712 1283/2296/913
f 1282/2246/912 2521/1597/1713 1709/1596/6 2347/2247/1638
f 2347/2247/1638 1709/1596/6 2374/2969/1649
f 2481/3130/1698 2374/2969/1649 1709/1596/6
f 1315/2310/177 2480/3133/1697 2482/3131/1699 1284/1644/177
f 2480/3133/1697 1315/2310/177 2392/3050/1652
f 1315/2310/177 1302/2305/177 2394/3048/1652 2392/3050/1652
f 1302/2305/177 1319/2308/177 2397/3046/1652 2394/3048/1652
f 1319/2308/177 1306/2297/177 2399/3044/1652 2397/3046/1652
f 1306/2297/177 1327/2300/177 2402/3042/1652 2399/3044/1652
f 1327/2300/177 1310/2301/177 2406/3040/1652 2402/3042/1652
f 1310/2301/177 1323/2304/177 2409/3038/1652 2406/3040/1652
f 1323/2304/177 231/1004/177 2351/3009/1641 2409/3038/1652
f 291/995/177 2349/3006/1625 2351/3009/1641 231/1004/177
f 278/994/177 2335/3010/1625 2349/3006/1625 291/995/177
f 295/991/177 2332/3012/1625 2335/3010/1625 278/994/177
f 274/990/177 2389/3014/1625 2332/3012/1625 295/991/177
f 287/999/177 2387/3016/1625 2389/3014/1625 274/990/177
f 270/998/177 2385/3018/1625 2387/3016/1625 287/999/177
f 283/1002/177 2325/3020/1625 2385/3018/1625 270/998/177
f 690/850/6 2438/3091/1680 691/964/6
f 690/850/6 689/849/6 2323/255/1623 702/2984/545
f 702/2984/545 2438/3091/1680 690/850/6
f 691/964/6 2438/3091/1680 2440/3089/1682 252/303/177
f 252/303/177 2440/3089/1682 2439/3088/1681 283/1002/177
f 2325/3020/1625 283/1002/177 2439/3088/1681
f 1617/2185/1154 2524/2993/1716 2421/2992/1663 2420/3074/1662
f 3185/3239/2175 244/3240/190 2528/3175/1720 3267/3174/2197
f 694/306/538 703/305/546 2527/971/1719 2526/253/1718
f 703/988/546 251/375/197 2525/968/1717 2527/967/1719
f 2528/868/1720 244/863/190 599/291/494 2414/865/1656
f 694/306/538 2526/253/1718 2323/255/1623 689/849/6
f 2538/3241/1726 2541/3242/1729 2542/3243/1730 2544/3244/1732
f 2540/3245/1728 2544/3246/1732 2542/3247/1730 2543/3248/1731
f 2554/3249/1734 2557/3250/1737 2558/3251/1738 2560/3252/1740
f 2555/3253/1735 2559/3254/1739 2558/3255/1738 2557/3256/1737
f 2570/3257/1741 2573/3258/1744 2574/3259/1745 2576/3260/1747
f 2691/3261/2 2689/3262/1778 2577/3263/1724
f 2572/3264/1743 2576/3265/1747 2574/3266/1745 2575/3267/1746
f 2592/3268/1748 2595/3269/1751 2596/3270/1752 2598/3271/1754
f 2594/3272/1750 2598/3273/1754 2596/3274/1752 2597/3275/1753
f 2623/3276/101 2626/3277/105 2627/3278/1756 2629/3279/103
f 2624/3280/102 2628/3281/106 2627/3278/1756 2626/3282/105
f 2625/3283/100 2629/3279/103 2627/3278/1756 2628/3281/106
f 2642/3284/842 2645/3285/844 2646/3286/1757 2648/3287/846
f 2643/3288/841 2647/3289/847 2646/3286/1757 2645/3285/844
f 2644/3290/843 2648/3291/846 2646/3286/1757 2647/3289/847
f 2652/3292/1758 2655/3293/1761 2656/3294/1762 2658/3295/1764
f 2653/3296/1759 2657/3297/1763 2656/3294/1762 2655/3298/1761
f 2654/3299/1760 2658/3295/1764 2656/3294/1762 2657/3297/1763
f 2668/3300/1765 2671/3301/1768 2672/3302/1769 2674/3303/1771
f 2669/3304/1766 2673/3305/1770 2672/3302/1769 2671/3306/1768
f 2670/3307/1767 2674/3303/1771 2672/3302/1769 2673/3305/1770
f 2549/3308/1722 2545/3309/1722 2547/3310/1733 2550/3311/1723
f 2550/3312/1723 2547/3313/1733 2546/3314/1721 2548/3315/1721
f 2545/3309/1722 2686/3316/1775 2541/3317/1729 2547/3310/1733
f 2547/3313/1733 2541/3242/1729 2538/3241/1726 2546/3314/1721
f 2530/3318/1722 2535/3319/1722 2537/3320/1723 2531/3321/1723
f 2531/3322/1723 2537/3323/1723 2536/3324/1721 2529/3325/1721
f 2535/3319/1722 2549/3308/1722 2550/3311/1723 2537/3320/1723
f 2537/3323/1723 2550/3312/1723 2548/3315/1721 2536/3324/1721
f 2565/3326/1721 2561/3327/1721 2563/3328/1723 2566/3329/1723
f 2566/3330/1723 2563/3331/1723 2562/3332/1722 2564/3333/1722
f 2529/3325/1721 2552/3334/1721 2553/3335/1723 2531/3322/1723
f 2531/3321/1723 2553/3336/1723 2551/3337/1722 2530/3318/1722
f 2561/3327/1721 2554/3249/1734 2560/3252/1740 2563/3328/1723
f 2563/3331/1723 2560/3338/1740 2687/3339/1776 2562/3332/1722
f 2552/3334/1721 2565/3326/1721 2566/3329/1723 2553/3335/1723
f 2553/3336/1723 2566/3330/1723 2564/3333/1722 2551/3337/1722
f 2572/3264/1743 2653/3296/1759 2655/3298/1761 2576/3265/1747
f 2576/3260/1747 2655/3293/1761 2652/3292/1758 2570/3257/1741
f 2555/3253/1735 2572/3264/1743 2575/3267/1746 2559/3254/1739
f 2559/3340/1739 2575/3341/1746 2690/3342/1779 2688/3343/1777
f 2584/3344/1724 2577/3263/1724 2579/3345/1725 2585/3346/1725
f 2585/3347/1725 2579/3348/1725 2578/3349/242 2583/3350/242
f 2533/3351/1724 2580/3352/1724 2582/3353/1725 2534/3354/1725
f 2534/3355/1725 2582/3356/1725 2581/3357/242 2532/3358/242
f 2577/3263/1724 2689/3262/1778 2573/3359/1744 2579/3345/1725
f 2579/3348/1725 2573/3258/1744 2570/3257/1741 2578/3349/242
f 2568/3360/1724 2584/3344/1724 2585/3346/1725 2569/3361/1725
f 2569/3362/1725 2585/3347/1725 2583/3350/242 2567/3363/242
f 2580/3352/1724 2568/3360/1724 2569/3361/1725 2582/3353/1725
f 2582/3356/1725 2569/3362/1725 2567/3363/242 2581/3357/242
f 2543/3248/1731 2595/3269/1751 2592/3268/1748 2540/3245/1728
f 2603/3364/242 2589/3365/242 2591/3366/1725 2604/3367/1725
f 2604/3368/1725 2591/3369/1725 2590/3370/1724 2602/3371/1724
f 2589/3365/242 2594/3272/1750 2597/3275/1753 2591/3366/1725
f 2591/3369/1725 2597/3372/1753 2682/3373/1773 2590/3370/1724
f 2532/3358/242 2586/3374/242 2588/3375/1725 2534/3355/1725
f 2534/3354/1725 2588/3376/1725 2587/3377/1724 2533/3351/1724
f 2600/3378/242 2603/3364/242 2604/3367/1725 2601/3379/1725
f 2601/3380/1725 2604/3368/1725 2602/3371/1724 2599/3381/1724
f 2586/3374/242 2600/3378/242 2601/3379/1725 2588/3375/1725
f 2588/3376/1725 2601/3380/1725 2599/3381/1724 2587/3377/1724
f 2618/3382/1721 2620/3383/1721 2622/3384/548 2619/3385/548
f 2619/3385/548 2622/3384/548 2621/3386/1755 2617/3387/1755
f 2620/3383/1721 2623/3276/101 2629/3279/103 2622/3384/548
f 2622/3384/548 2629/3279/103 2625/3283/100 2621/3386/1755
f 2609/3388/1721 2614/3389/1721 2616/3390/548 2610/3391/548
f 2610/3391/548 2616/3390/548 2615/3392/1755 2608/3393/1755
f 2614/3389/1721 2618/3382/1721 2619/3385/548 2616/3390/548
f 2616/3390/548 2619/3385/548 2617/3387/1755 2615/3392/1755
f 2637/3394/1755 2639/3395/1755 2641/3396/548 2638/3397/548
f 2638/3397/548 2641/3396/548 2640/3398/1721 2636/3399/1721
f 2608/3393/1755 2633/3400/1755 2635/3401/548 2610/3391/548
f 2610/3391/548 2635/3401/548 2634/3402/1721 2609/3388/1721
f 2639/3395/1755 2643/3288/841 2645/3285/844 2641/3396/548
f 2641/3396/548 2645/3285/844 2642/3284/842 2640/3398/1721
f 2633/3400/1755 2637/3394/1755 2638/3397/548 2635/3401/548
f 2635/3401/548 2638/3397/548 2636/3399/1721 2634/3402/1721
f 2643/3288/841 2654/3299/1760 2657/3297/1763 2647/3289/847
f 2647/3289/847 2657/3297/1763 2653/3296/1759 2644/3290/843
f 2663/3403/242 2659/3404/242 2661/3405/243 2664/3406/243
f 2664/3406/243 2661/3405/243 2660/3407/241 2662/3408/241
f 2606/3409/242 2630/3410/242 2632/3411/243 2607/3412/243
f 2607/3412/243 2632/3411/243 2631/3413/241 2605/3414/241
f 2659/3404/242 2652/3292/1758 2658/3295/1764 2661/3405/243
f 2661/3405/243 2658/3295/1764 2654/3299/1760 2660/3407/241
f 2650/3415/242 2663/3403/242 2664/3406/243 2651/3416/243
f 2651/3416/243 2664/3406/243 2662/3408/241 2649/3417/241
f 2630/3410/242 2650/3415/242 2651/3416/243 2632/3411/243
f 2632/3411/243 2651/3416/243 2649/3417/241 2631/3413/241
f 2624/3280/102 2668/3300/1765 2674/3303/1771 2628/3281/106
f 2628/3281/106 2674/3303/1771 2670/3307/1767 2625/3283/100
f 2679/3418/241 2665/3419/241 2667/3420/243 2680/3421/243
f 2680/3421/243 2667/3420/243 2666/3422/242 2678/3423/242
f 2665/3419/241 2670/3307/1767 2673/3305/1770 2667/3420/243
f 2667/3420/243 2673/3305/1770 2669/3304/1766 2666/3422/242
f 2605/3414/241 2611/3424/241 2613/3425/243 2607/3412/243
f 2607/3412/243 2613/3425/243 2612/3426/242 2606/3409/242
f 2676/3427/241 2679/3418/241 2680/3421/243 2677/3428/243
f 2677/3428/243 2680/3421/243 2678/3423/242 2675/3429/242
f 2611/3424/241 2676/3427/241 2677/3428/243 2613/3425/243
f 2613/3425/243 2677/3428/243 2675/3429/242 2612/3426/242
f 2540/3245/1728 2624/3280/102 2626/3282/105 2544/3246/1732
f 2544/3244/1732 2626/3277/105 2623/3276/101 2538/3241/1726
f 2554/3249/1734 2642/3284/842 2648/3287/846 2557/3250/1737
f 2557/3256/1737 2648/3291/846 2644/3290/843 2555/3253/1735
f 2668/3300/1765 2592/3268/1748 2598/3271/1754 2671/3301/1768
f 2671/3306/1768 2598/3273/1754 2594/3272/1750 2669/3304/1766
f 2535/3319/1722 2530/3318/1722 1783/2689/2 1780/2341/2
f 2530/3318/1722 769/2687/2 2059/2686/1365
f 1783/2689/2 2530/3318/1722 2059/2686/1365
f 2529/3325/1721 2536/3324/1721 2614/3389/1721 2609/3388/1721
f 766/1036/2 769/2687/2 2530/3318/1722 2551/3337/1722
f 2552/3334/1721 2529/3325/1721 2609/3388/1721 2634/3402/1721
f 2109/2960/2 3300/2962/2 3288/3430/2 2533/3351/1724
f 2580/3352/1724 2533/3351/1724 2110/2943/2
f 2533/3351/1724 3292/3431/2 3295/2944/2 2110/2943/2
f 2182/3432/1482 3292/3431/2 3294/3433/2 2208/3434/1508
f 2533/3351/1724 3288/3430/2 3294/3433/2
f 2586/3374/242 2532/3358/242 2606/3409/242 2612/3426/242
f 2532/3358/242 2581/3357/242 2630/3410/242 2606/3409/242
f 2533/3351/1724 2587/3377/1724 2109/2960/2
f 2540/3245/1728 2592/3268/1748 2668/3300/1765 2624/3280/102
f 2546/3314/1721 2538/3241/1726 2623/3276/101 2620/3383/1721
f 1789/1367/2 1793/2347/2 2593/3435/1749 2695/3436/2
f 2548/3315/1721 2546/3314/1721 2620/3383/1721 2618/3382/1721
f 2545/3309/1722 2549/3308/1722 1781/2338/2 1779/2339/2
f 2549/3308/1722 2535/3319/1722 1780/2341/2 1781/2338/2
f 2536/3324/1721 2548/3315/1721 2618/3382/1721 2614/3389/1721
f 2551/3337/1722 2564/3333/1722 767/1033/2 766/1036/2
f 2565/3326/1721 2552/3334/1721 2634/3402/1721 2636/3399/1721
f 2562/3332/1722 2687/3339/1776 764/1035/2 765/1034/2
f 2554/3249/1734 2561/3327/1721 2640/3398/1721 2642/3284/842
f 775/11/2 2693/3437/2 2571/3438/1742 779/1042/2
f 2572/3264/1743 2555/3253/1735 2644/3290/843 2653/3296/1759
f 2564/3333/1722 2562/3332/1722 765/1034/2 767/1033/2
f 2561/3327/1721 2565/3326/1721 2636/3399/1721 2640/3398/1721
f 2110/2943/2 2107/2954/2 2568/3360/1724 2580/3352/1724
f 2581/3357/242 2567/3363/242 2650/3415/242 2630/3410/242
f 781/1039/2 2692/3439/2 2107/2954/2 777/1040/2
f 2567/3363/242 2583/3350/242 2663/3403/242 2650/3415/242
f 2578/3349/242 2570/3257/1741 2652/3292/1758 2659/3404/242
f 2571/3438/1742 2689/3262/1778 2691/3261/2
f 776/1038/2 2691/3261/2 2692/3439/2 781/1039/2
f 2583/3350/242 2578/3349/242 2659/3404/242 2663/3403/242
f 2109/2960/2 2587/3377/1724 2599/3381/1724 2108/2953/2
f 2600/3378/242 2586/3374/242 2612/3426/242 2675/3429/242
f 1790/2344/2 1795/2343/2 2683/3440/2 2684/3441/2
f 2589/3365/242 2603/3364/242 2678/3423/242 2666/3422/242
f 2684/3441/2 2682/3373/1773 2593/3435/1749
f 2594/3272/1750 2589/3365/242 2666/3422/242 2669/3304/1766
f 1795/2343/2 1791/2346/2 2108/2953/2 2683/3440/2
f 2603/3364/242 2600/3378/242 2675/3429/242 2678/3423/242
f 2611/3424/241 2605/3414/241 2608/3393/1755 2615/3392/1755
f 2633/3400/1755 2608/3393/1755 2605/3414/241 2631/3413/241
f 2676/3427/241 2611/3424/241 2615/3392/1755
f 2679/3418/241 2676/3427/241 2615/3392/1755 2617/3387/1755
f 2665/3419/241 2679/3418/241 2617/3387/1755 2621/3386/1755
f 2670/3307/1767 2665/3419/241 2621/3386/1755 2625/3283/100
f 2631/3413/241 2649/3417/241 2633/3400/1755
f 2649/3417/241 2662/3408/241 2637/3394/1755 2633/3400/1755
f 2662/3408/241 2660/3407/241 2639/3395/1755 2637/3394/1755
f 2660/3407/241 2654/3299/1760 2643/3288/841 2639/3395/1755
f 2596/3442/1752 2595/3443/1751 2681/3444/1772 2593/3435/1749
f 2597/3372/1753 2596/3442/1752 2593/3435/1749 2682/3373/1773
f 2683/3440/2 2108/2953/2 2599/3381/1724 2602/3371/1724
f 2682/3373/1773 2684/3441/2 2590/3370/1724
f 2684/3441/2 2683/3440/2 2602/3371/1724 2590/3370/1724
f 2542/3445/1730 2541/3317/1729 2686/3316/1775 2539/3446/1727
f 2543/3447/1731 2685/3448/1774 2681/3444/1772 2595/3443/1751
f 2543/3447/1731 2542/3445/1730 2539/3446/1727 2685/3448/1774
f 2560/3338/1740 2558/3449/1738 2556/3450/1736 2687/3339/1776
f 2558/3449/1738 2559/3340/1739 2688/3343/1777 2556/3450/1736
f 2574/3451/1745 2573/3359/1744 2689/3262/1778 2571/3438/1742
f 2575/3341/1746 2574/3451/1745 2571/3438/1742 2690/3342/1779
f 2692/3439/2 2691/3261/2 2577/3263/1724 2584/3344/1724
f 2107/2954/2 2692/3439/2 2584/3344/1724 2568/3360/1724
f 2571/3438/1742 2693/3437/2 2690/3342/1779
f 2693/3437/2 2694/3452/2 2688/3343/1777 2690/3342/1779
f 764/1035/2 2687/3339/1776 2556/3450/1736
f 2688/3343/1777 2694/3452/2 2556/3450/1736
f 2694/3452/2 763/10/2 764/1035/2 2556/3450/1736
f 763/10/2 2694/3452/2 2693/3437/2 775/11/2
f 2681/3444/1772 2695/3436/2 2593/3435/1749
f 2539/3446/1727 2696/3453/2 2685/3448/1774
f 2696/3453/2 2695/3436/2 2681/3444/1772 2685/3448/1774
f 1777/1368/2 2696/3453/2 2539/3446/1727 1778/2340/2
f 2695/3436/2 2696/3453/2 1777/1368/2 1789/1367/2
f 565/171/461 108/359/78 153/169/122
f 1153/1701/78 1195/1515/863 1649/1511/6 1754/2325/6
f 104/95/76 49/99/3 100/92/72
f 1145/1442/817 1142/1418/814 1110/1414/783 1097/1449/3
f 931/1283/3 935/689/700 1043/1339/3 1042/746/3
f 3086/2493/2134 3087/2496/1193 1715/1731/1193 1341/1692/943
f 1779/2339/2 1778/2340/2 2686/3316/1775 2545/3309/1722
f 377/475/280 371/474/274 311/445/241 374/482/277
f 626/917/521 519/916/415 623/898/518
f 3068/1650/2128 1297/1610/925 1714/1708/577 3092/1709/577
f 1641/2220/1175 1596/2096/1134 1203/2161/871 1542/2237/1098
f 774/1032/2 325/398/252 419/545/322
f 1406/1817/981 1403/1823/978 1343/1783/241 1400/1814/975
f 935/689/700 1031/1279/3 1043/1339/3
f 1941/2576/3 2042/2076/3 2043/2626/3 1945/2018/700
f 1944/2019/699 1945/2018/700 2033/2575/3 2038/2591/3
f 1032/1280/3 1031/1279/3 935/689/700
f 1445/1880/1020 1788/2337/2 1343/1783/241 1403/1823/978
f 1153/1701/78 1585/1516/1123 1195/1515/863
f 1710/2289/6 1284/1644/177 2482/3131/1699 1709/1596/6
f 1097/1449/3 1149/1445/821 1145/1442/817
f 3037/308/2110 3062/367/539 695/366/539 265/267/209
f 1180/1482/848 1477/1926/1048 1478/1925/1049 1476/1928/1047
f 138/136/107 450/591/349 452/589/351 451/588/350
f 138/136/107 132/132/101 145/144/114 450/591/349
f 161/837/130 576/767/472 623/898/518 519/916/415
f 1542/2237/1098 1644/2239/1178 1641/2220/1175
f 1354/1742/953 1788/2337/2 1445/1880/1020
f 419/545/322 374/482/277 311/445/241 774/1032/2
f 2043/2626/3 2032/2572/3 1945/2018/700
f 62/60/35 97/65/69 100/92/72 49/99/3
f 1793/2347/2 1790/2344/2 2684/3441/2 2593/3435/1749
f 2481/3130/1698 1709/1596/6 2482/3131/1699
f 3056/1192/2118 309/352/239 696/387/540 3057/1195/540
f 1778/2340/2 2539/3446/1727 2686/3316/1775
f 1032/1280/3 935/689/700 934/688/699 1038/1300/3
f 153/169/122 108/359/78 740/1020/6 631/165/6
f 779/1042/2 2571/3438/1742 2691/3261/2 776/1038/2
f 1180/1482/848 1476/1928/1047 1187/1490/855 1174/1478/842
f 2724/3454/1805 2726/3455/1807 2727/3456/1808 2725/3457/1806
f 2725/3457/1806 2727/3456/1808 2731/3458/1812 2730/3459/1811
f 2732/3460/1813 2734/3461/1815 2735/3462/1816 2733/3463/1814
f 2733/3463/1814 2735/3462/1816 2736/3464/1817 2731/3458/1812
f 2737/3465/1818 2728/3466/1809 2729/3467/1810 2738/3468/1819
f 2738/3468/1819 2729/3467/1810 2730/3459/1811 2736/3464/1817
f 2730/3459/1811 2731/3458/1812 2736/3464/1817
f 2745/3469/1826 2748/3470/1829 2749/3471/1830 2751/3472/1832
f 2746/3473/1827 2750/3474/1831 2749/3471/1830 2748/3470/1829
f 2747/3475/1828 2751/3472/1832 2749/3471/1830 2750/3474/1831
f 2758/3476/1839 2761/3477/1842 2762/3478/1843 2764/3479/1845
f 2759/3480/1840 2763/3481/1844 2762/3478/1843 2761/3477/1842
f 2760/3482/1841 2764/3479/1845 2762/3478/1843 2763/3481/1844
f 2771/3483/1852 2774/3484/1855 2775/3485/1856 2777/3486/1858
f 2772/3487/1853 2776/3488/1857 2775/3485/1856 2774/3484/1855
f 2773/3489/1854 2777/3486/1858 2775/3485/1856 2776/3488/1857
f 2778/3490/1859 2781/3491/1862 2782/3492/1863 2784/3493/1865
f 2999/3494/2072 2718/3495/1799 2716/3496/1797 2756/3497/1837
f 2780/3498/1861 2784/3493/1865 2782/3492/1863 2783/3499/1864
f 2791/3500/1869 2794/3501/1872 2795/3502/1873 2797/3503/1875
f 2793/3504/1871 2797/3503/1875 2795/3502/1873 2796/3505/1874
f 2798/3506/1876 2801/3507/1879 2802/3508/1880 2804/3509/1882
f 2799/3510/1877 2803/3511/1881 2802/3508/1880 2801/3507/1879
f 2815/3512/1891 2814/3513/1890 2998/3514/2071 2812/3515/1888
f 2811/3516/1887 2814/3513/1890 2815/3512/1891 2817/3517/1893
f 2720/3518/1801 2996/3519/2069 2800/3520/1878
f 2813/3521/1889 2817/3517/1893 2815/3512/1891 2816/3522/1892
f 2818/3523/1894 2821/3524/1897 2822/3525/1898 2824/3526/1900
f 2819/3527/1895 2823/3528/1899 2822/3525/1898 2821/3524/1897
f 2722/3529/1803 2991/3530/2064 2820/3531/1896
f 2831/3532/1905 2834/3533/1908 2835/3534/1909 2837/3535/1911
f 2802/3508/1880 2803/3511/1881 2995/3536/2068 2800/3537/1878
f 2833/3538/1907 2837/3535/1911 2835/3534/1909 2836/3539/1910
f 2841/3540/1915 2844/3541/1918 2845/3542/1919 2847/3543/1921
f 2842/3544/1916 2846/3545/1920 2845/3542/1919 2844/3541/1918
f 2843/3546/1917 2847/3543/1921 2845/3542/1919 2846/3545/1920
f 2854/3547/1928 2857/3548/1931 2858/3549/1932 2860/3550/1934
f 2855/3551/1929 2859/3552/1933 2858/3549/1932 2857/3548/1931
f 2856/3553/1930 2860/3550/1934 2858/3549/1932 2859/3552/1933
f 2867/3554/1941 2870/3555/1944 2871/3556/1945 2873/3557/1947
f 2868/3558/1942 2872/3559/1946 2871/3556/1945 2870/3555/1944
f 2869/3560/1943 2873/3557/1947 2871/3556/1945 2872/3559/1946
f 2877/3561/1951 2880/3562/1954 2881/3563/1955 2883/3564/1957
f 2878/3565/1952 2882/3566/1956 2881/3563/1955 2880/3562/1954
f 2879/3567/1953 2883/3564/1957 2881/3563/1955 2882/3566/1956
f 2890/3568/1964 2893/3569/1967 2894/3570/1968 2896/3571/1970
f 2891/3572/1965 2895/3573/1969 2894/3570/1968 2893/3569/1967
f 2892/3574/1966 2896/3571/1970 2894/3570/1968 2895/3573/1969
f 2897/3575/1971 2900/3576/1974 2901/3577/1975 2903/3578/1977
f 2898/3579/1972 2902/3580/1976 2901/3577/1975 2900/3576/1974
f 2899/3581/1973 2903/3578/1977 2901/3577/1975 2902/3580/1976
f 2910/3582/1983 2913/3583/1986 2914/3584/1987 2916/3585/1989
f 2911/3586/1984 2915/3587/1988 2914/3584/1987 2913/3583/1986
f 2912/3588/1985 2916/3585/1989 2914/3584/1987 2915/3587/1988
f 2917/3589/1990 2920/3590/1993 2921/3591/1994 2923/3592/1996
f 2918/3593/1991 2922/3594/1995 2921/3591/1994 2920/3590/1993
f 2919/3595/1992 2923/3592/1996 2921/3591/1994 2922/3594/1995
f 2930/3596/2003 2933/3597/2006 2934/3598/2007 2936/3599/2009
f 2931/3600/2004 2935/3601/2008 2934/3598/2007 2933/3597/2006
f 2932/3602/2005 2936/3599/2009 2934/3598/2007 2935/3601/2008
f 2740/3603/1821 2745/3469/1826 2751/3472/1832 2741/3604/1822
f 2741/3604/1822 2751/3472/1832 2747/3475/1828 2739/3605/1820
f 2746/3473/1827 2742/3606/1823 2744/3607/1825 2750/3474/1831
f 2750/3474/1831 2744/3607/1825 2743/3608/1824 2747/3475/1828
f 2753/3609/1834 2758/3476/1839 2764/3479/1845 2754/3610/1835
f 2754/3610/1835 2764/3479/1845 2760/3482/1841 2752/3611/1833
f 2759/3480/1840 2755/3612/1836 2757/3613/1838 2763/3481/1844
f 2763/3481/1844 2757/3613/1838 2756/3614/1837 2760/3482/1841
f 2798/3506/1876 2897/3575/1971 2903/3578/1977 2801/3507/1879
f 2801/3507/1879 2903/3578/1977 2899/3581/1973 2799/3510/1877
f 2919/3595/1992 2819/3527/1895 2821/3524/1897 2923/3592/1996
f 2923/3592/1996 2821/3524/1897 2818/3523/1894 2917/3589/1990
f 2766/3615/1847 2771/3483/1852 2777/3486/1858 2767/3616/1848
f 2767/3616/1848 2777/3486/1858 2773/3489/1854 2765/3617/1846
f 2772/3487/1853 2768/3618/1849 2770/3619/1851 2776/3488/1857
f 2776/3488/1857 2770/3619/1851 2769/3620/1850 2773/3489/1854
f 2890/3568/1964 2791/3500/1869 2797/3503/1875 2893/3569/1967
f 2893/3569/1967 2797/3503/1875 2793/3504/1871 2891/3572/1965
f 2867/3554/1941 2772/3487/1853 2774/3484/1855 2870/3555/1944
f 2870/3555/1944 2774/3484/1855 2771/3483/1852 2868/3558/1942
f 2930/3596/2003 2831/3532/1905 2837/3535/1911 2933/3597/2006
f 2933/3597/2006 2837/3535/1911 2833/3538/1907 2931/3600/2004
f 2854/3547/1928 2759/3480/1840 2761/3477/1842 2857/3548/1931
f 2857/3548/1931 2761/3477/1842 2758/3476/1839 2855/3551/1929
f 2813/3521/1889 2911/3586/1984 2913/3583/1986 2817/3517/1893
f 2817/3517/1893 2913/3583/1986 2910/3582/1983 2811/3516/1887
f 2778/3490/1859 2785/3621/1866 2787/3622/1868 2781/3491/1862
f 2781/3491/1862 2787/3622/1868 2786/3623/1867 3000/3624/2073
f 2785/3621/1866 2788/3625/1866 2790/3626/1868 2787/3622/1868
f 2787/3622/1868 2790/3626/1868 2789/3627/1867 2786/3623/1867
f 2788/3625/1866 2793/3504/1871 2796/3505/1874 2790/3626/1868
f 2790/3626/1868 2796/3505/1874 3001/3628/2074 2789/3627/1867
f 2799/3510/1877 2805/3629/1883 2807/3630/1885 2803/3511/1881
f 2803/3511/1881 2807/3630/1885 2806/3631/1884 2995/3536/2068
f 2805/3629/1883 2808/3632/1883 2810/3633/1885 2807/3630/1885
f 2807/3630/1885 2810/3633/1885 2809/3634/1886 2806/3631/1884
f 2808/3632/1883 2813/3521/1889 2816/3522/1892 2810/3633/1885
f 2810/3633/1885 2816/3522/1892 2997/3635/2070 2809/3634/1886
f 2819/3527/1895 2825/3636/1901 2827/3637/1903 2823/3528/1899
f 2823/3528/1899 2827/3637/1903 2826/3638/1902 2992/3639/2065
f 2825/3636/1901 2828/3640/1901 2830/3641/1903 2827/3637/1903
f 2827/3637/1903 2830/3641/1903 2829/3642/1904 2826/3638/1902
f 2828/3640/1901 2833/3538/1907 2836/3539/1910 2830/3641/1903
f 2830/3641/1903 2836/3539/1910 2994/3643/2067 2829/3642/1904
f 2755/3612/1836 2780/3498/1861 2783/3499/1864 2757/3613/1838
f 2757/3613/1838 2783/3499/1864 2999/3644/2072 2756/3614/1837
f 2739/3605/1820 3002/3645/2075 2794/3501/1872 2741/3604/1822
f 2741/3604/1822 2794/3501/1872 2791/3500/1869 2740/3603/1821
f 2811/3516/1887 2753/3609/1834 2754/3610/1835 2814/3513/1890
f 2814/3513/1890 2754/3610/1835 2752/3611/1833 2998/3514/2071
f 2745/3469/1826 2842/3544/1916 2844/3541/1918 2748/3470/1829
f 2748/3470/1829 2844/3541/1918 2841/3540/1915 2746/3473/1827
f 2816/3522/1892 2815/3512/1891 2812/3515/1888 2997/3635/2070
f 2804/3509/1882 2770/3619/1851 2768/3618/1849 2798/3506/1876
f 2831/3532/1905 2766/3615/1847 2767/3616/1848 2834/3533/1908
f 2834/3533/1908 2767/3616/1848 2765/3617/1846 2993/3646/2066
f 2780/3498/1861 2877/3561/1951 2883/3564/1957 2784/3493/1865
f 2784/3493/1865 2883/3564/1957 2879/3567/1953 2778/3490/1859
f 2822/3525/1898 2823/3528/1899 2992/3639/2065 2820/3647/1896
f 2824/3526/1900 2744/3607/1825 2742/3606/1823 2818/3523/1894
f 2839/3648/1913 2843/3546/1917 2846/3545/1920 2840/3649/1914
f 2840/3649/1914 2846/3545/1920 2842/3544/1916 2838/3650/1912
f 2843/3546/1917 2848/3651/1922 2850/3652/1924 2847/3543/1921
f 2847/3543/1921 2850/3652/1924 2849/3653/1923 2841/3540/1915
f 2852/3654/1926 2856/3553/1930 2859/3552/1933 2853/3655/1927
f 2853/3655/1927 2859/3552/1933 2855/3551/1929 2851/3656/1925
f 2856/3553/1930 2861/3657/1935 2863/3658/1937 2860/3550/1934
f 2860/3550/1934 2863/3658/1937 2862/3659/1936 2854/3547/1928
f 2865/3660/1939 2869/3560/1943 2872/3559/1946 2866/3661/1940
f 2866/3661/1940 2872/3559/1946 2868/3558/1942 2864/3662/1938
f 2869/3560/1943 2874/3663/1948 2876/3664/1950 2873/3557/1947
f 2873/3557/1947 2876/3664/1950 2875/3665/1949 2867/3554/1941
f 2878/3565/1952 2884/3666/1958 2886/3667/1960 2882/3566/1956
f 2882/3566/1956 2886/3667/1960 2885/3668/1959 2879/3567/1953
f 2884/3666/1958 2887/3669/1961 2889/3670/1963 2886/3667/1960
f 2886/3667/1960 2889/3670/1963 2888/3671/1962 2885/3668/1959
f 2887/3669/1961 2892/3574/1966 2895/3573/1969 2889/3670/1963
f 2889/3670/1963 2895/3573/1969 2891/3572/1965 2888/3671/1962
f 2898/3579/1972 2904/3672/1978 2906/3673/1980 2902/3580/1976
f 2902/3580/1976 2906/3673/1980 2905/3674/1979 2899/3581/1973
f 2904/3672/1978 2907/3675/1981 2909/3676/1982 2906/3673/1980
f 2906/3673/1980 2909/3676/1982 2908/3677/1979 2905/3674/1979
f 2907/3675/1981 2912/3588/1985 2915/3587/1988 2909/3676/1982
f 2909/3676/1982 2915/3587/1988 2911/3586/1984 2908/3677/1979
f 2918/3593/1991 2924/3678/1997 2926/3679/1999 2922/3594/1995
f 2922/3594/1995 2926/3679/1999 2925/3680/1998 2919/3595/1992
f 2924/3678/1997 2927/3681/2000 2929/3682/2002 2926/3679/1999
f 2926/3679/1999 2929/3682/2002 2928/3683/2001 2925/3680/1998
f 2927/3681/2000 2932/3602/2005 2935/3601/2008 2929/3682/2002
f 2929/3682/2002 2935/3601/2008 2931/3600/2004 2928/3683/2001
f 2861/3657/1935 2878/3565/1952 2880/3562/1954 2863/3658/1937
f 2863/3658/1937 2880/3562/1954 2877/3561/1951 2862/3659/1936
f 2838/3650/1912 2890/3568/1964 2896/3571/1970 2840/3649/1914
f 2840/3649/1914 2896/3571/1970 2892/3574/1966 2839/3648/1913
f 2912/3588/1985 2852/3654/1926 2853/3655/1927 2916/3585/1989
f 2916/3585/1989 2853/3655/1927 2851/3656/1925 2910/3582/1983
f 2897/3575/1971 2875/3665/1949 2876/3664/1950 2900/3576/1974
f 2900/3576/1974 2876/3664/1950 2874/3663/1948 2898/3579/1972
f 2932/3602/2005 2865/3660/1939 2866/3661/1940 2936/3599/2009
f 2936/3599/2009 2866/3661/1940 2864/3662/1938 2930/3596/2003
f 2917/3589/1990 2849/3653/1923 2850/3652/1924 2920/3590/1993
f 2920/3590/1993 2850/3652/1924 2848/3651/1922 2918/3593/1991
f 2792/3684/1870 3002/3685/2075 2719/3686/1800
f 2715/3687/1796 2739/3688/1820 2747/3689/1828 2743/3690/1824
f 2745/3469/1826 2740/3603/1821 2838/3650/1912 2842/3544/1916
f 2740/3603/1821 2791/3500/1869 2890/3568/1964 2838/3650/1912
f 2743/3690/1824 2991/3530/2064 2722/3529/1803 2715/3687/1796
f 2742/3606/1823 2746/3473/1827 2841/3540/1915 2849/3653/1923
f 2818/3523/1894 2742/3606/1823 2849/3653/1923 2917/3589/1990
f 2716/3496/1797 2721/3691/1802 2998/3692/2071 2752/3693/1833
f 2716/3496/1797 2752/3693/1833 2760/3694/1841 2756/3497/1837
f 2758/3476/1839 2753/3609/1834 2851/3656/1925 2855/3551/1929
f 2753/3609/1834 2811/3516/1887 2910/3582/1983 2851/3656/1925
f 2718/3495/1799 2999/3494/2072 2779/3695/1860
f 2755/3612/1836 2759/3480/1840 2854/3547/1928 2862/3659/1936
f 2780/3498/1861 2755/3612/1836 2862/3659/1936 2877/3561/1951
f 2717/3696/1798 2723/3697/1804 2993/3698/2066 2765/3699/1846
f 2717/3696/1798 2765/3699/1846 2773/3700/1854 2769/3701/1850
f 2771/3483/1852 2766/3615/1847 2864/3662/1938 2868/3558/1942
f 2766/3615/1847 2831/3532/1905 2930/3596/2003 2864/3662/1938
f 2768/3618/1849 2772/3487/1853 2867/3554/1941 2875/3665/1949
f 2769/3701/1850 2996/3519/2069 2720/3518/1801 2717/3696/1798
f 2798/3506/1876 2768/3618/1849 2875/3665/1949 2897/3575/1971
f 2785/3621/1866 2778/3490/1859 2879/3567/1953 2885/3668/1959
f 2788/3625/1866 2785/3621/1866 2885/3668/1959 2888/3671/1962
f 2793/3504/1871 2788/3625/1866 2888/3671/1962 2891/3572/1965
f 2805/3629/1883 2799/3510/1877 2899/3581/1973 2905/3674/1979
f 2808/3632/1883 2805/3629/1883 2905/3674/1979 2908/3677/1979
f 2813/3521/1889 2808/3632/1883 2908/3677/1979 2911/3586/1984
f 2825/3636/1901 2819/3527/1895 2919/3595/1992 2925/3680/1998
f 2828/3640/1901 2825/3636/1901 2925/3680/1998 2928/3683/2001
f 2833/3538/1907 2828/3640/1901 2928/3683/2001 2931/3600/2004
f 2839/3648/1913 2724/3454/1805 2725/3457/1806 2843/3546/1917
f 2887/3669/1961 2724/3454/1805 2839/3648/1913 2892/3574/1966
f 2843/3546/1917 2725/3457/1806 2730/3459/1811 2729/3467/1810
f 2848/3651/1922 2843/3546/1917 2729/3467/1810 2728/3466/1809
f 2728/3466/1809 2924/3678/1997 2918/3593/1991 2848/3651/1922
f 2852/3654/1926 2732/3460/1813 2733/3463/1814 2856/3553/1930
f 2852/3654/1926 2912/3588/1985 2907/3675/1981 2732/3460/1813
f 2856/3553/1930 2733/3463/1814 2731/3458/1812 2727/3456/1808
f 2861/3657/1935 2856/3553/1930 2727/3456/1808 2726/3455/1807
f 2878/3565/1952 2861/3657/1935 2726/3455/1807 2884/3666/1958
f 2865/3660/1939 2737/3465/1818 2738/3468/1819 2869/3560/1943
f 2865/3660/1939 2932/3602/2005 2927/3681/2000 2737/3465/1818
f 2869/3560/1943 2738/3468/1819 2736/3464/1817 2735/3462/1816
f 2874/3663/1948 2869/3560/1943 2735/3462/1816 2734/3461/1815
f 2734/3461/1815 2904/3672/1978 2898/3579/1972 2874/3663/1948
f 2884/3666/1958 2726/3455/1807 2724/3454/1805 2887/3669/1961
f 2732/3460/1813 2907/3675/1981 2904/3672/1978 2734/3461/1815
f 2737/3465/1818 2927/3681/2000 2924/3678/1997 2728/3466/1809
f 2941/3702/2014 2937/3703/2010 2939/3704/2012 2942/3705/2015
f 2942/3705/2015 2939/3704/2012 2938/3706/2011 2940/3707/2013
f 2944/3708/2017 2941/3702/2014 2942/3705/2015 2945/3709/2018
f 2945/3709/2018 2942/3705/2015 2940/3707/2013 2943/3710/2016
f 2947/3711/2020 2944/3708/2017 2945/3709/2018 2948/3712/2021
f 2948/3712/2021 2945/3709/2018 2943/3710/2016 2946/3713/2019
f 2950/3714/2023 2947/3711/2020 2948/3712/2021 2951/3715/2024
f 2951/3715/2024 2948/3712/2021 2946/3713/2019 2949/3716/2022
f 2953/3717/2026 2950/3714/2023 2951/3715/2024 2954/3718/2027
f 2954/3718/2027 2951/3715/2024 2949/3716/2022 2952/3719/2025
f 2956/3720/2029 2953/3717/2026 2954/3718/2027 2957/3721/2030
f 2957/3721/2030 2954/3718/2027 2952/3719/2025 2955/3722/2028
f 2959/3723/2032 2956/3720/2029 2957/3721/2030 2960/3724/2033
f 2960/3724/2033 2957/3721/2030 2955/3722/2028 2958/3725/2031
f 2962/3726/2035 2959/3723/2032 2960/3724/2033 2963/3727/2036
f 2963/3727/2036 2960/3724/2033 2958/3725/2031 2961/3728/2034
f 2965/3729/2038 2962/3726/2035 2963/3727/2036 2966/3730/2039
f 2966/3730/2039 2963/3727/2036 2961/3728/2034 2964/3731/2037
f 2968/3732/2041 2965/3729/2038 2966/3730/2039 2969/3733/2042
f 2969/3733/2042 2966/3730/2039 2964/3731/2037 2967/3734/2040
f 2971/3735/2044 2968/3732/2041 2969/3733/2042 2972/3736/2045
f 2972/3736/2045 2969/3733/2042 2967/3734/2040 2970/3737/2043
f 2974/3738/2047 2971/3735/2044 2972/3736/2045 2975/3739/2048
f 2975/3739/2048 2972/3736/2045 2970/3737/2043 2973/3740/2046
f 2977/3741/2050 2974/3738/2047 2975/3739/2048 2978/3742/2051
f 2978/3742/2051 2975/3739/2048 2973/3740/2046 2976/3743/2049
f 2980/3744/2053 2977/3741/2050 2978/3742/2051 2981/3745/2054
f 2981/3745/2054 2978/3742/2051 2976/3743/2049 2979/3746/2052
f 2983/3747/2056 2980/3744/2053 2981/3745/2054 2984/3748/2057
f 2984/3748/2057 2981/3745/2054 2979/3746/2052 2982/3749/2055
f 2986/3750/2059 2983/3747/2056 2984/3748/2057 2987/3751/2060
f 2987/3751/2060 2984/3748/2057 2982/3749/2055 2985/3752/2058
f 2989/3753/2062 2986/3750/2059 2987/3751/2060 2990/3754/2063
f 2990/3754/2063 2987/3751/2060 2985/3752/2058 2988/3755/2061
f 2937/3703/2010 2989/3753/2062 2990/3754/2063 2939/3704/2012
f 2939/3704/2012 2990/3754/2063 2988/3755/2061 2938/3706/2011
f 2719/3686/1800 2940/3707/2013 2938/3706/2011
f 2697/3756/4 2937/3703/2010 2941/3702/2014 2698/3757/1780
f 2714/3758/1795 2989/3753/2062 2937/3703/2010 2697/3756/4
f 2988/3755/2061 2718/3495/1799 2938/3706/2011
f 2779/3695/1860 3000/3759/2073 2938/3706/2011 2718/3495/1799
f 2938/3706/2011 3001/3760/2074 2792/3684/1870 2719/3686/1800
f 2786/3761/1867 2789/3762/1867 2938/3706/2011
f 2938/3706/2011 3000/3759/2073 2786/3761/1867
f 2698/3757/1780 2941/3702/2014 2944/3708/2017 2699/3763/1781
f 2940/3707/2013 2719/3686/1800 2943/3710/2016
f 2699/3763/1781 2944/3708/2017 2947/3711/2020 2700/3764/1782
f 2943/3710/2016 2719/3686/1800 2715/3687/1796 2946/3713/2019
f 2700/3764/1782 2947/3711/2020 2950/3714/2023 2701/3765/1783
f 2946/3713/2019 2715/3687/1796 2722/3529/1803 2949/3716/2022
f 2701/3765/1783 2950/3714/2023 2953/3717/2026 2702/3766/1784
f 2949/3716/2022 2722/3529/1803 2952/3719/2025
f 2702/3766/1784 2953/3717/2026 2956/3720/2029 2703/3767/1785
f 2952/3719/2025 2722/3529/1803 2955/3722/2028
f 2703/3767/1785 2956/3720/2029 2959/3723/2032 2704/3768/1786
f 2800/3520/1878 2995/3769/2068 2720/3518/1801
f 2723/3697/1804 2994/3770/2067 2832/3771/1906
f 2826/3772/1902 2829/3773/1904 2955/3722/2028
f 2820/3531/1896 2992/3774/2065 2955/3722/2028
f 2955/3722/2028 2723/3697/1804 2958/3725/2031
f 2722/3529/1803 2820/3531/1896 2955/3722/2028
f 2704/3768/1786 2959/3723/2032 2962/3726/2035 2705/3775/1787
f 2958/3725/2031 2723/3697/1804 2717/3696/1798 2961/3728/2034
f 2705/3775/1787 2962/3726/2035 2965/3729/2038 2706/3776/6
f 2961/3728/2034 2717/3696/1798 2964/3731/2037
f 2706/3776/6 2965/3729/2038 2968/3732/2041 2707/3777/1788
f 2964/3731/2037 2717/3696/1798 2967/3734/2040
f 2707/3777/1788 2968/3732/2041 2971/3735/2044 2708/3778/1789
f 2967/3734/2040 2717/3696/1798 2720/3518/1801 2970/3737/2043
f 2708/3778/1789 2971/3735/2044 2974/3738/2047 2709/3779/1790
f 2970/3737/2043 2720/3518/1801 2973/3740/2046
f 2709/3779/1790 2974/3738/2047 2977/3741/2050 2710/3780/1791
f 2812/3781/1888 2721/3691/1802 2997/3782/2070
f 2973/3740/2046 2721/3691/1802 2976/3743/2049
f 2720/3518/1801 2995/3769/2068 2806/3783/1884 2973/3740/2046
f 2806/3783/1884 2809/3784/1886 2973/3740/2046
f 2796/3505/1874 2795/3502/1873 2792/3785/1870 3001/3628/2074
f 2997/3782/2070 2721/3691/1802 2973/3740/2046 2809/3784/1886
f 2710/3780/1791 2977/3741/2050 2980/3744/2053 2711/3786/1792
f 2976/3743/2049 2721/3691/1802 2979/3746/2052
f 2711/3786/1792 2980/3744/2053 2983/3747/2056 2712/3787/1793
f 2979/3746/2052 2721/3691/1802 2716/3496/1797 2982/3749/2055
f 2712/3787/1793 2983/3747/2056 2986/3750/2059 2713/3788/1794
f 2982/3749/2055 2716/3496/1797 2985/3752/2058
f 2713/3788/1794 2986/3750/2059 2989/3753/2062 2714/3758/1795
f 2985/3752/2058 2716/3496/1797 2718/3495/1799 2988/3755/2061
f 2824/3526/1900 2822/3525/1898 2820/3647/1896 2991/3789/2064
f 2824/3526/1900 2991/3789/2064 2743/3608/1824 2744/3607/1825
f 2993/3646/2066 2832/3790/1906 2835/3534/1909 2834/3533/1908
f 2955/3722/2028 2992/3774/2065 2826/3772/1902
f 2994/3643/2067 2836/3539/1910 2835/3534/1909 2832/3790/1906
f 2804/3509/1882 2996/3791/2069 2769/3620/1850 2770/3619/1851
f 2804/3509/1882 2802/3508/1880 2800/3537/1878 2996/3791/2069
f 2829/3773/1904 2994/3770/2067 2723/3697/1804 2955/3722/2028
f 2993/3698/2066 2723/3697/1804 2832/3771/1906
f 2998/3692/2071 2721/3691/1802 2812/3781/1888
f 2789/3762/1867 3001/3760/2074 2938/3706/2011
f 2783/3499/1864 2782/3492/1863 2779/3792/1860 2999/3644/2072
f 2719/3686/1800 3002/3685/2075 2739/3688/1820 2715/3687/1796
f 2795/3502/1873 2794/3501/1872 3002/3645/2075 2792/3785/1870
f 2782/3492/1863 2781/3491/1862 3000/3624/2073 2779/3792/1860
f 1936/2633/1313 1937/2632/1314 3014/1405/2087 3013/1402/2086
f 1934/2631/1311 1935/2634/1312 3010/1396/2083 3015/1406/2088
f 1937/2632/1314 1934/2631/1311 3015/1406/2088 3014/1405/2087
f 1938/2630/1315 1939/2629/1316 3012/1401/2085 3011/1399/2084
f 1939/2629/1316 1936/2633/1313 3013/1402/2086 3012/1401/2085
f 1/1348/1 1938/2630/1315 3011/1399/2084 3004/44/2077
f 1935/2634/1312 3034/2635/2107 3035/1397/2108 3010/1396/2083
f 926/1347/694 3007/51/2080 3008/52/2081 927/1345/695
f 924/1346/692 3009/55/2082 3003/40/2076 925/1349/693
f 927/1345/695 3008/52/2081 3009/55/2082 924/1346/692
f 928/1342/696 3005/47/2078 3006/48/2079 929/1343/697
f 929/1343/697 3006/48/2079 3007/51/2080 926/1347/694
f 1/1348/1 3004/44/2077 3005/47/2078 928/1342/696
f 925/1349/693 3003/40/2076 3032/43/2105 3031/1350/2104
f 1167/3793/835 3024/1469/2097 3028/1473/2101 1170/3794/838
f 1170/3794/838 3028/1473/2101 3027/1472/2100 1162/3795/830
f 1162/3795/830 3027/1472/2100 3026/1471/2099 1164/3796/832
f 1164/3796/832 3026/1471/2099 3025/1470/2098 1159/3797/827
f 1159/3797/827 3025/1470/2098 3019/124/2092 116/3798/85
f 1095/1388/770 3023/1468/2096 3024/1469/2097 1167/3793/835
f 125/3799/94 128/3800/97 3022/127/2095 3017/122/2090
f 128/3800/97 120/3801/89 3021/126/2094 3022/127/2095
f 120/3801/89 122/3802/91 3020/125/2093 3021/126/2094
f 122/3802/91 114/3803/83 3018/123/2091 3020/125/2093
f 114/3803/83 116/3798/85 3019/124/2092 3018/123/2091
f 47/33/22 125/3799/94 3017/122/2090 3016/121/2089
f 36/30/11 3029/102/2102 112/88/81 60/64/33
f 3029/102/2102 3016/121/2089 78/72/50 112/88/81
f 3023/1468/2096 3030/1452/2103 1157/1441/825 1123/1426/795
f 3030/1452/2103 1087/1385/762 1108/1417/781 1157/1441/825
f 3031/1350/2104 1034/3/3 1033/1206/3 925/1349/693
f 3031/1350/2104 3032/43/2105 36/3804/11 930/39/698
f 48/32/23 3033/31/2106 46/41/21
f 3032/43/2105 3033/42/2106 36/3804/11
f 3036/1387/2109 1096/1386/771 1094/1398/769
f 2035/1361/3 3034/2635/2107 1935/2634/1312 2034/2509/3
f 3036/1387/2109 3035/1397/2108 1087/1385/762
f 3035/1397/2108 3034/2635/2107 1940/1394/1317 1087/1395/762
f 3194/3805/2118 3056/1192/2118 3057/1195/540 3195/3806/540
f 3233/3807/2110 3242/3808/539 3062/367/539 3037/308/2110
f 3246/3809/2128 3068/1650/2128 3092/1709/577 3255/3810/577
f 3211/3811/2134 3212/3812/1193 3087/2496/1193 3086/2493/2134
f 251/375/197 3045/374/2116 3115/3813/2157 2525/968/1717
f 1283/2296/913 2520/2293/1712 3135/3814/2156 3139/1718/2132
f 3219/3815/2149 3103/3143/2149 3112/3222/2155 3266/3217/2155
f 2393/3025/1651 2396/3024/1651 3134/3224/2155 3130/3221/2155
f 3224/3816/539 3110/3198/539 3101/3138/2147 3260/3817/2196
f 2354/3005/1631 3109/3196/2154 3111/3203/2154 2355/3003/1631
f 3221/3818/2153 3108/3187/2153 3110/3198/539 3224/3816/539
f 3259/3819/2195 3264/3199/2154 3109/3196/2154 3098/3078/2144
f 3220/3054/2152 3107/3184/2152 3108/3187/2153 3221/3818/2153
f 1671/2976/1183 3106/3820/577 3100/3083/2146 2429/3082/1671
f 2326/2286/1626 3105/3821/2151 3106/3820/577 1671/2976/1183
f 249/969/195 3104/3822/2150 3105/3821/2151 2326/2286/1626
f 2525/968/1717 3115/3813/2157 3104/3822/2150 249/969/195
f 3218/3823/2148 3102/3141/2148 3103/3143/2149 3219/3815/2149
f 3260/3817/2196 3101/3138/2147 3102/3141/2148 3218/3823/2148
f 3216/3824/2184 3099/3081/2145 3100/3083/2146 3217/3183/2185
f 3259/3819/2195 3098/3078/2144 3099/3081/2145 3216/3824/2184
f 2520/2293/1712 1281/1714/911 3131/3185/2152 3135/3814/2156
f 3215/2432/2183 3256/3825/2139 3093/1711/2139 3096/2497/2142
f 3258/2433/2194 3097/2495/2143 3087/2496/1193 3212/3812/1193
f 3211/3811/2134 3086/2493/2134 3094/2494/2140 3214/2428/2182
f 3205/3826/2180 3257/2429/2193 3095/2492/2141 3079/2228/2133
f 1926/2409/1305 1927/2408/1306 3097/2495/2143 3096/2497/2142
f 1876/2427/1256 1877/2426/1257 3095/2492/2141 3094/2494/2140
f 3205/3826/2180 3079/2228/2133 3089/2230/2136 3213/2210/2181
f 3254/2214/2192 3091/2224/2138 3088/2225/2135 3252/2168/2135
f 1640/2206/1174 1639/2209/1173 3091/2224/2138 3090/3827/2137
f 1638/2207/1172 1640/2206/1174 3090/3827/2137 3089/2230/2136
f 1601/2167/1139 1294/1586/922 3071/1653/2131 3088/2225/2135
f 3251/3828/2 3080/1707/2 3085/1728/2 3210/3829/2
f 3210/3829/2 3085/1728/2 3084/1727/2 3209/3830/2
f 3209/3830/2 3084/1727/2 3083/1726/2 3208/3831/2
f 3208/3831/2 3083/1726/2 3082/1725/2 3207/3832/2
f 3207/3832/2 3082/1725/2 3081/1724/2 3206/3833/2
f 3206/3833/2 3081/1724/2 3077/1704/2 3204/3834/2
f 3248/3835/742 3072/1654/742 3076/1719/2132 3203/3237/2132
f 3255/3810/577 3092/1709/577 3093/1711/2139 3256/3825/2139
f 3188/3836/2 3049/1706/2 3080/1707/2 3251/3828/2
f 3250/3837/2 3078/1705/2 3069/1651/2129 3199/3838/2129
f 3204/3834/2 3077/1704/2 3078/1705/2 3250/3837/2
f 3247/3839/2130 3070/1652/2130 3074/1703/5 3202/1656/5
f 3249/1657/2114 3075/1699/2114 3073/1655/2115 3201/3840/2115
f 1291/1702/919 1289/1614/917 3075/1699/2114 3074/1703/5
f 3248/3835/742 3201/3840/2115 3073/1655/2115 3072/1654/742
f 3247/3839/2130 3200/2169/2131 3071/1653/2131 3070/1652/2130
f 3246/3809/2128 3199/3838/2129 3069/1651/2129 3068/1650/2128
f 3198/1131/2179 3066/1196/2126 3063/368/2123 3243/3841/2123
f 3245/1134/2190 3195/3806/540 3057/1195/540 3067/1194/2127
f 3194/3805/2118 3197/1127/2178 3064/1193/2124 3056/1192/2118
f 3187/3842/2176 3048/907/2117 3065/1191/2125 3244/1130/2189
f 916/1106/685 3066/1196/2126 3067/1194/2127 917/1107/686
f 866/1124/635 3064/1193/2124 3065/1191/2125 867/1125/636
f 3187/3842/2176 3196/889/2177 3059/908/2120 3048/907/2117
f 3241/894/2188 3239/844/2119 3058/904/2119 3061/903/2122
f 622/885/517 3060/3843/2121 3061/903/2122 621/887/516
f 620/884/515 3059/908/2120 3060/3843/2121 622/885/517
f 581/843/477 3058/904/2119 3040/311/2113 262/242/206
f 3238/3844/2 3193/3845/2 3055/384/2 3050/365/2
f 3193/3845/2 3192/3846/2 3054/383/2 3055/384/2
f 3192/3846/2 3191/3847/2 3053/382/2 3054/383/2
f 3191/3847/2 3190/3848/2 3052/381/2 3053/382/2
f 3190/3848/2 3189/3849/2 3051/380/2 3052/381/2
f 3189/3849/2 3186/3850/2 3046/362/2 3051/380/2
f 3235/3851/5 3185/3239/2175 3045/374/2116 3041/312/5
f 3242/3808/539 3243/3841/2123 3063/368/2123 3062/367/539
f 3188/3852/2 3238/3844/2 3050/365/2 3049/364/2
f 3237/3853/2 3181/3854/2111 3038/309/2111 3047/363/2
f 3186/3850/2 3237/3853/2 3047/363/2 3046/362/2
f 3234/3855/2112 3184/314/742 3043/360/742 3039/310/2112
f 3236/317/2115 3183/3856/2114 3042/313/2114 3044/357/2115
f 259/361/203 3043/360/742 3044/357/2115 257/272/201
f 3235/3851/5 3041/312/5 3042/313/2114 3183/3856/2114
f 3234/3855/2112 3039/310/2112 3040/311/2113 3182/847/2113
f 3233/3807/2110 3037/308/2110 3038/309/2111 3181/3854/2111
f 3285/3857/2155 3275/3858/2155 3116/3859/2155 3126/3860/2155
f 3284/3861/2155 3285/3857/2155 3126/3860/2155 3125/3862/2155
f 3283/3230/2155 3284/3861/2155 3125/3862/2155 3124/3863/2155
f 3228/3864/2155 3123/3229/2155 3124/3863/2155 3229/3231/2155
f 3279/3865/2154 3122/3866/2154 3118/3867/2154 3281/3868/2154
f 3278/3869/2154 3121/3870/2154 3122/3866/2154 3279/3865/2154
f 3277/3210/2154 3120/3871/2154 3121/3870/2154 3278/3869/2154
f 3269/3872/2154 3270/3211/2154 3120/3871/2154 3119/3208/2154
f 3281/3868/2154 3118/3867/2154 3117/3873/3 3280/3874/3
f 3275/3858/2155 3280/3875/3 3117/3876/3 3116/3859/2155
f 3269/3872/2154 3273/3206/2154 2457/3877/1690 2460/3878/1690
f 3128/3204/2154 3127/3207/2154 2356/3001/1631 2355/3003/1631
f 3274/3205/2154 3265/3202/2154 2451/3201/1690 2454/3879/1690
f 3133/3226/2155 3129/3223/2155 2396/3024/1651 2400/3027/1651
f 3130/3221/2155 3132/3142/2158 2494/3173/1710 2393/3025/1651
f 3227/3227/2155 3228/3864/2155 2505/3880/1700 2502/3881/1700
f 3225/3218/2155 3226/3225/2155 2499/3882/1700 2496/3219/1700
f 3130/3221/2155 3134/3224/2155 3113/3883/2155 3112/3222/2155
f 3136/3186/2153 3131/3185/2152 1281/1714/911 2350/1717/1640
f 3140/3197/539 3136/3186/2153 2350/1717/1640 2376/2989/1650
f 3139/1718/2132 3135/3814/2156 3114/3884/2156 3076/1719/2132
f 3139/1718/2132 3072/1654/742 1287/1602/915 1283/2296/913
f 3138/3140/2160 3137/3139/2159 2493/3168/1709 2495/3171/1711
f 3137/3139/2159 3140/3197/539 2376/2989/1650 2493/3168/1709
f 983/1314/3 990/1313/3 3142/3885/2161 3141/3886/2161
f 985/1320/3 994/1319/3 3144/3887/2161 3143/3888/2161
f 987/1323/3 992/1325/3 3146/3889/2161 3145/3890/2161
f 1019/1316/3 983/1314/3 3141/3886/2161 3147/3891/2162
f 1018/1358/3 1011/1353/3 3149/3892/2164 3148/3893/2163
f 990/1313/3 985/1320/3 3143/3888/2161 3142/3885/2161
f 992/1325/3 1009/1329/3 3150/3894/2161 3146/3889/2161
f 994/1319/3 987/1323/3 3145/3890/2161 3144/3887/2161
f 1013/1332/3 996/1330/3 3152/3895/2165 3151/3896/2165
f 1030/1327/3 1017/1355/3 3154/3897/2167 3153/3898/2166
f 1003/1334/3 1000/1333/3 3156/3899/2165 3155/3900/2165
f 1007/1331/3 1004/1335/3 3158/3901/2165 3157/3902/2165
f 1000/1333/3 999/1326/3 3159/3903/2165 3156/3899/2165
f 996/1330/3 1007/1331/3 3157/3902/2165 3152/3895/2165
f 1004/1335/3 1003/1334/3 3155/3900/2165 3158/3901/2165
f 1029/1357/3 989/1356/3 3161/3904/2115 3160/3905/2168
f 989/1356/3 1018/1358/3 3148/3893/2163 3161/3904/2115
f 1011/1353/3 1019/1316/3 3147/3891/2162 3149/3892/2164
f 1017/1355/3 1029/1357/3 3160/3905/2168 3154/3897/2167
f 999/1326/3 1030/1327/3 3153/3898/2166 3159/3903/2165
f 1995/2605/3 1988/2604/3 3162/3906/2161 3163/3907/2161
f 1999/2611/3 1990/2610/3 3164/3908/2161 3165/3909/2161
f 1997/2615/3 1992/2613/3 3166/3910/2161 3167/3911/2161
f 1988/2604/3 2020/2607/3 3168/3912/2169 3162/3906/2161
f 2014/2639/3 2019/2643/3 3169/3913/2170 3170/3914/2171
f 1990/2610/3 1995/2605/3 3163/3907/2161 3164/3908/2161
f 1009/1329/3 1997/2615/3 3167/3911/2161 3150/3894/2161
f 1992/2613/3 1999/2611/3 3165/3909/2161 3166/3910/2161
f 2001/2618/3 1013/1332/3 3151/3896/2165 3171/3915/2165
f 2018/2640/3 2031/2617/3 3172/3916/2172 3173/3917/2173
f 2005/2620/3 2008/2621/3 3174/3918/2165 3175/3919/2165
f 2009/2622/3 2012/2619/3 3176/3920/2165 3177/3921/2165
f 2004/2616/3 2005/2620/3 3175/3919/2165 3178/3922/2165
f 2012/2619/3 2001/2618/3 3171/3915/2165 3176/3920/2165
f 2008/2621/3 2009/2622/3 3177/3921/2165 3174/3918/2165
f 1994/2642/3 2030/2641/3 3179/3923/2174 3180/3924/2114
f 2019/2643/3 1994/2642/3 3180/3924/2114 3169/3913/2170
f 2020/2607/3 2014/2639/3 3170/3914/2171 3168/3912/2169
f 2030/2641/3 2018/2640/3 3173/3917/2173 3179/3923/2174
f 2031/2617/3 2004/2616/3 3178/3922/2165 3172/3916/2172
f 3132/3142/2158 3138/3140/2160 2495/3171/1711 2494/3173/1710
f 3135/3814/2156 3131/3185/2152 3107/3184/2152 3114/3884/2156
f 3134/3224/2155 3129/3223/2155 3226/3225/2155 3113/3883/2155
f 3133/3226/2155 3123/3229/2155 3228/3864/2155 3227/3227/2155
f 3128/3204/2154 3111/3203/2154 3265/3202/2154 3274/3205/2154
f 3119/3208/2154 3127/3207/2154 3273/3206/2154 3269/3872/2154
f 2460/3878/1690 2463/3212/1690 3270/3211/2154 3269/3872/2154
f 2505/3880/1700 3228/3864/2155 3229/3231/2155 2508/3234/1700
f 235/3925/181 3233/3807/2110 3181/3854/2111 236/3926/182
f 232/3927/178 3234/3855/2112 3182/847/2113 233/846/179
f 248/3928/194 3235/3851/5 3183/3856/2114 246/3929/192
f 226/316/172 246/3929/192 3183/3856/2114 3236/317/2115
f 232/3927/178 227/315/173 3184/314/742 3234/3855/2112
f 281/3930/219 228/3931/174 3237/3853/2 3186/3850/2
f 228/3931/174 236/3926/182 3181/3854/2111 3237/3853/2
f 243/3932/189 289/3933/223 3238/3844/2 3188/3852/2
f 239/3934/185 302/3935/232 3243/3841/2123 3242/3808/539
f 248/3928/194 244/3240/190 3185/3239/2175 3235/3851/5
f 268/3936/212 281/3930/219 3186/3850/2 3189/3849/2
f 285/3937/221 268/3936/212 3189/3849/2 3190/3848/2
f 272/3938/214 285/3937/221 3190/3848/2 3191/3847/2
f 293/3939/225 272/3938/214 3191/3847/2 3192/3846/2
f 276/3940/216 293/3939/225 3192/3846/2 3193/3845/2
f 289/3933/223 276/3940/216 3193/3845/2 3238/3844/2
f 612/893/507 582/845/478 3239/844/2119 3241/894/2188
f 297/3941/227 611/890/506 3196/889/2177 3187/3842/2176
f 297/3941/227 3187/3842/2176 3244/1130/2189 857/1129/626
f 301/3942/231 856/1128/625 3197/1127/2178 3194/3805/2118
f 862/1133/631 298/3943/228 3195/3806/540 3245/1134/2190
f 863/1132/632 3198/1131/2179 3243/3841/2123 302/3935/232
f 1271/3944/901 1272/3945/902 3199/3838/2129 3246/3809/2128
f 1268/3946/898 1269/2170/899 3200/2169/2131 3247/3839/2130
f 1280/3947/910 1278/3948/908 3201/3840/2115 3248/3835/742
f 1264/1658/894 3249/1657/2114 3201/3840/2115 1278/3948/908
f 1268/3946/898 3247/3839/2130 3202/1656/5 1265/1659/895
f 1313/3949/219 3204/3834/2 3250/3837/2 1266/3950/896
f 1266/3950/896 3250/3837/2 3199/3838/2129 1272/3945/902
f 243/3951/189 3188/3836/2 3251/3828/2 1321/3952/223
f 1275/3953/905 3255/3810/577 3256/3825/2139 1334/3954/936
f 1280/3947/910 3248/3835/742 3203/3237/2132 1276/3238/906
f 1300/3955/212 3206/3833/2 3204/3834/2 1313/3949/219
f 1317/3956/221 3207/3832/2 3206/3833/2 1300/3955/212
f 1304/3957/214 3208/3831/2 3207/3832/2 1317/3956/221
f 1325/3958/225 3209/3830/2 3208/3831/2 1304/3957/214
f 1308/3959/216 3210/3829/2 3209/3830/2 1325/3958/225
f 1321/3952/223 3251/3828/2 3210/3829/2 1308/3959/216
f 1630/2215/1164 3254/2214/2192 3252/2168/2135 1602/2171/1140
f 1329/3960/931 3205/3826/2180 3213/2210/2181 1629/2213/1163
f 1329/3960/931 1867/2430/1247 3257/2429/2193 3205/3826/2180
f 1333/3961/935 3211/3811/2134 3214/2428/2182 1866/2431/1246
f 1872/2434/1252 3258/2433/2194 3212/3812/1193 1330/3962/932
f 1873/2435/1253 1334/3954/936 3256/3825/2139 3215/2432/2183
f 2433/3963/1675 3259/3819/2195 3216/3824/2184 2437/3964/1679
f 2437/3964/1679 3216/3824/2184 3217/3183/2185 2431/3182/1673
f 2486/3965/1702 3260/3817/2196 3218/3823/2148 2489/3966/1705
f 2489/3966/1705 3218/3823/2148 3219/3815/2149 2487/3967/1703
f 2419/3055/1661 3220/3054/2152 3221/3818/2153 2444/3968/1686
f 2433/3963/1675 2448/3200/1690 3264/3199/2154 3259/3819/2195
f 2444/3968/1686 3221/3818/2153 3224/3816/539 2468/3969/1691
f 2468/3969/1691 3224/3816/539 3260/3817/2196 2486/3965/1702
f 2487/3967/1703 3219/3815/2149 3266/3217/2155 2483/3220/1700
f 1333/3961/935 1330/3962/932 3212/3812/1193 3211/3811/2134
f 1271/3944/901 3246/3809/2128 3255/3810/577 1275/3953/905
f 235/3925/181 239/3934/185 3242/3808/539 3233/3807/2110
f 301/3942/231 3194/3805/2118 3195/3806/540 298/3943/228
f 3045/374/2116 3185/3239/2175 3267/3174/2197 3115/3813/2157
f 3076/1719/2132 3114/3884/2156 3232/3053/2186 3203/3237/2132
f 3126/3860/2155 3116/3859/2155 3268/3188/2155 3231/3235/2155
f 3125/3862/2155 3126/3860/2155 3231/3235/2155 3230/3232/2155
f 3124/3863/2155 3125/3862/2155 3230/3232/2155 3229/3231/2155
f 2499/3882/1700 3226/3225/2155 3227/3227/2155 2502/3881/1700
f 3112/3222/2155 3113/3883/2155 3225/3218/2155 3266/3217/2155
f 3122/3866/2154 3272/3216/2154 3223/3192/2154 3118/3867/2154
f 3121/3870/2154 3271/3214/2154 3272/3216/2154 3122/3866/2154
f 3120/3871/2154 3270/3211/2154 3271/3214/2154 3121/3870/2154
f 2454/3879/1690 2457/3877/1690 3273/3206/2154 3274/3205/2154
f 3109/3196/2154 3264/3199/2154 3265/3202/2154 3111/3203/2154
f 3118/3867/2154 3223/3192/2154 3222/3195/3 3117/3873/3
f 3116/3859/2155 3117/3876/3 3222/3189/3 3268/3188/2155
f 3106/3820/577 3263/3181/577 3217/3183/2185 3100/3083/2146
f 3105/3821/2151 3262/3179/2151 3263/3181/577 3106/3820/577
f 3104/3822/2150 3261/3177/2150 3262/3179/2151 3105/3821/2151
f 3115/3813/2157 3267/3174/2197 3261/3177/2150 3104/3822/2150
f 3114/3884/2156 3107/3184/2152 3220/3054/2152 3232/3053/2186
f 3096/2497/2142 3097/2495/2143 3258/2433/2194 3215/2432/2183
f 3094/2494/2140 3095/2492/2141 3257/2429/2193 3214/2428/2182
f 3090/3827/2137 3091/2224/2138 3254/2214/2192 3253/2211/2191
f 3089/2230/2136 3090/3827/2137 3253/2211/2191 3213/2210/2181
f 3088/2225/2135 3071/1653/2131 3200/2169/2131 3252/2168/2135
f 3074/1703/5 3075/1699/2114 3249/1657/2114 3202/1656/5
f 3066/1196/2126 3198/1131/2179 3245/1134/2190 3067/1194/2127
f 3064/1193/2124 3197/1127/2178 3244/1130/2189 3065/1191/2125
f 3060/3843/2121 3240/892/2187 3241/894/2188 3061/903/2122
f 3059/908/2120 3196/889/2177 3240/892/2187 3060/3843/2121
f 3058/904/2119 3239/844/2119 3182/847/2113 3040/311/2113
f 3043/360/742 3184/314/742 3236/317/2115 3044/357/2115
f 2391/3035/1651 2329/3037/1629 3280/3875/3 3275/3858/2155
f 2352/2175/1631 3281/3868/2154 3280/3874/3 2329/2176/1629
f 2331/2999/1631 3277/3210/2154 3278/3869/2154 2334/2997/1631
f 2334/2997/1631 3278/3869/2154 3279/3865/2154 2337/2995/1631
f 2337/2995/1631 3279/3865/2154 3281/3868/2154 2352/2175/1631
f 2403/3029/1651 2405/3031/1651 3284/3861/2155 3283/3230/2155
f 2405/3031/1651 2408/3033/1651 3285/3857/2155 3284/3861/2155
f 2408/3033/1651 2391/3035/1651 3275/3858/2155 3285/3857/2155
f 3123/3229/2155 3282/3228/2155 3283/3230/2155 3124/3863/2155
f 3119/3208/2154 3120/3871/2154 3277/3210/2154 3276/3209/2154
f 3113/3883/2155 3226/3225/2155 3225/3218/2155
f 3291/2955/2 3296/2956/2 2203/2957/1503 2199/3970/1499
f 3304/2939/2 3302/2938/2 780/1041/2 777/1040/2
f 3297/2958/2 3296/2956/2 2107/2954/2 2110/2943/2
f 3286/2941/2 3304/2939/2 777/1040/2 2107/2954/2
f 3293/2945/2 3297/2958/2 2110/2943/2
f 3299/2948/2 3303/2951/2 1791/2346/2 1794/2345/2
f 3293/2945/2 3295/2944/2 2182/3432/1482 2205/2959/1505
f 3300/2962/2 3301/2961/2 2214/2964/1514 2212/3971/1512
f 3305/2965/2 3301/2961/2 2109/2960/2
f 3302/2938/2 3298/2947/2 2092/2697/2 780/1041/2
f 3288/3430/2 3300/2962/2 2212/3971/1512
f 3299/2948/2 3298/2947/2 2188/2946/1488 2190/2949/1490
f 3289/2967/2 3290/2966/2 2220/3972/1520 2218/2963/1518
f 3305/2965/2 3289/2967/2 2218/2963/1518
f 3290/2966/2 3287/2952/2 2224/3973/1524 2220/3972/1520
f 3294/3433/2 3292/3431/2 2533/3351/1724
f 3294/3433/2 3288/3430/2 2212/3971/1512 2208/3434/1508
f 3287/2952/2 3303/2951/2 2194/2950/1494 2224/3973/1524
f 3295/2944/2 3292/3431/2 2182/3432/1482
f 3286/2941/2 3291/2955/2 2199/3970/1499 2197/2942/1497
